date,panchayat_id,panchayat_name,block_rain_mm,block_temp_max,block_humidity,elevation_m,elevation_delta_vs_block_mean,slope_deg,aspect_deg,aspect_wind_facing_flag,neighbour_residual_mean,neighbour_residual_std,idw_neighbour_rain,recent_3d_rain_mean,historical_bias,observed_panchayat_rain
2025-06-01,PANC_001,Wagholi,7.2,28.8,92.9,590.0,9.5,4.2,90,0.0,-1.1,0.45,6.4,5.1,0.24,8.3
2025-06-01,PANC_002,Hadapsar Rural,7.2,28.8,92.9,560.0,-20.5,2.1,0,0.0,1.7,1.56,8.7,4.1,-0.51,6.0
2025-06-01,PANC_003,Manjari Khurd,7.2,28.8,92.9,552.0,-28.5,1.8,85,0.0,0.9,1.64,7.8,5.1,-0.71,6.7
2025-06-01,PANC_004,Phursungi,7.2,28.8,92.9,575.0,-5.5,3.5,180,1.0,-1.1,0.45,6.1,6.6,-0.14,10.0
2025-06-01,PANC_005,Loni Kalbhor,7.2,28.8,92.9,548.0,-32.5,1.5,95,0.0,0.37,1.74,7.8,4.5,-0.81,5.6
2025-06-01,PANC_006,Uruli Kanchan,7.2,28.8,92.9,540.0,-40.5,1.2,45,0.0,0.23,1.87,6.9,4.0,-1.01,6.0
2025-06-01,PANC_007,Khed Shivapur,7.2,28.8,92.9,645.0,64.5,8.5,245,1.0,1.83,2.5,9.4,8.0,1.61,11.0
2025-06-01,PANC_008,Kondhwa Budruk,7.2,28.8,92.9,610.0,29.5,6.1,225,1.0,1.97,2.32,9.0,7.0,0.74,10.0
2025-06-01,PANC_009,Dhayari,7.2,28.8,92.9,620.0,39.5,7.0,260,1.0,1.67,2.35,6.2,10.1,0.99,11.5
2025-06-01,PANC_010,Nanded Gramin,7.2,28.8,92.9,565.0,-15.5,2.8,10,0.0,3.63,0.62,11.4,4.2,-0.39,5.6
2025-06-01,PANC_101,Sampatchak Gramin,7.2,28.8,92.9,53.0,1.2,0.8,10,0.0,0.37,1.33,7.7,4.9,0.03,7.6
2025-06-01,PANC_102,Bairiya,7.2,28.8,92.9,51.5,-0.3,0.5,90,0.0,0.6,0.59,7.8,5.4,-0.01,6.3
2025-06-01,PANC_103,Kanhauli,7.2,28.8,92.9,54.2,2.4,1.1,180,1.0,0.07,0.25,7.3,6.1,0.06,9.4
2025-06-01,PANC_104,Chipura,7.2,28.8,92.9,50.8,-1.0,0.4,45,0.0,-0.23,0.53,6.9,6.6,-0.03,8.6
2025-06-01,PANC_105,Sonagopalpur,7.2,28.8,92.9,52.0,0.2,0.6,85,0.0,1.33,0.74,8.7,3.7,0.01,7.0
2025-06-01,PANC_106,Tarangpur,7.2,28.8,92.9,49.5,-2.3,0.3,5,0.0,0.57,1.27,7.7,4.3,-0.06,7.2
2025-06-02,PANC_001,Wagholi,0.0,28.5,86.1,590.0,9.5,4.2,90,0.0,0.0,0.0,0.0,0.0,0.24,0.0
2025-06-02,PANC_002,Hadapsar Rural,0.0,28.5,86.1,560.0,-20.5,2.1,0,0.0,0.0,0.0,0.0,1.2,-0.51,0.0
2025-06-02,PANC_003,Manjari Khurd,0.0,28.5,86.1,552.0,-28.5,1.8,85,0.0,0.0,0.0,0.0,0.3,-0.71,0.0
2025-06-02,PANC_004,Phursungi,0.0,28.5,86.1,575.0,-5.5,3.5,180,1.0,0.0,0.0,0.0,2.7,-0.14,0.0
2025-06-02,PANC_005,Loni Kalbhor,0.0,28.5,86.1,548.0,-32.5,1.5,95,0.0,0.0,0.0,0.0,0.0,-0.81,0.0
2025-06-02,PANC_006,Uruli Kanchan,0.0,28.5,86.1,540.0,-40.5,1.2,45,0.0,0.0,0.0,0.0,5.1,-1.01,7.2
2025-06-02,PANC_007,Khed Shivapur,0.0,28.5,86.1,645.0,64.5,8.5,245,1.0,0.0,0.0,0.0,0.0,1.61,0.0
2025-06-02,PANC_008,Kondhwa Budruk,0.0,28.5,86.1,610.0,29.5,6.1,225,1.0,0.0,0.0,0.0,0.0,0.74,0.0
2025-06-02,PANC_009,Dhayari,0.0,28.5,86.1,620.0,39.5,7.0,260,1.0,0.0,0.0,0.0,0.8,0.99,0.0
2025-06-02,PANC_010,Nanded Gramin,0.0,28.5,86.1,565.0,-15.5,2.8,10,0.0,0.0,0.0,0.0,0.7,-0.39,0.0
2025-06-02,PANC_101,Sampatchak Gramin,0.0,28.5,86.1,53.0,1.2,0.8,10,0.0,0.0,0.0,0.0,0.0,0.03,0.0
2025-06-02,PANC_102,Bairiya,0.0,28.5,86.1,51.5,-0.3,0.5,90,0.0,0.0,0.0,0.0,0.0,-0.01,0.0
2025-06-02,PANC_103,Kanhauli,0.0,28.5,86.1,54.2,2.4,1.1,180,1.0,0.0,0.0,0.0,0.0,0.06,0.0
2025-06-02,PANC_104,Chipura,0.0,28.5,86.1,50.8,-1.0,0.4,45,0.0,0.0,0.0,0.0,0.0,-0.03,0.0
2025-06-02,PANC_105,Sonagopalpur,0.0,28.5,86.1,52.0,0.2,0.6,85,0.0,0.0,0.0,0.0,0.6,0.01,0.0
2025-06-02,PANC_106,Tarangpur,0.0,28.5,86.1,49.5,-2.3,0.3,5,0.0,0.0,0.0,0.0,0.0,-0.06,0.0
2025-06-03,PANC_001,Wagholi,14.1,29.3,90.8,590.0,9.5,4.2,90,0.0,-0.47,0.74,14.0,11.2,0.24,14.7
2025-06-03,PANC_002,Hadapsar Rural,14.1,29.3,90.8,560.0,-20.5,2.1,0,0.0,2.7,1.65,16.5,8.7,-0.51,13.7
2025-06-03,PANC_003,Manjari Khurd,14.1,29.3,90.8,552.0,-28.5,1.8,85,0.0,1.23,1.65,15.1,10.1,-0.71,14.5
2025-06-03,PANC_004,Phursungi,14.1,29.3,90.8,575.0,-5.5,3.5,180,1.0,-0.47,0.74,13.7,14.3,-0.14,17.6
2025-06-03,PANC_005,Loni Kalbhor,14.1,29.3,90.8,548.0,-32.5,1.5,95,0.0,1.17,1.68,15.5,9.5,-0.81,12.7
2025-06-03,PANC_006,Uruli Kanchan,14.1,29.3,90.8,540.0,-40.5,1.2,45,0.0,0.83,2.02,14.3,8.7,-1.01,13.4
2025-06-03,PANC_007,Khed Shivapur,14.1,29.3,90.8,645.0,64.5,8.5,245,1.0,3.2,2.94,17.7,13.8,1.61,19.6
2025-06-03,PANC_008,Kondhwa Budruk,14.1,29.3,90.8,610.0,29.5,6.1,225,1.0,3.1,2.71,17.0,12.9,0.74,18.3
2025-06-03,PANC_009,Dhayari,14.1,29.3,90.8,620.0,39.5,7.0,260,1.0,2.97,2.72,14.0,15.3,0.99,20.3
2025-06-03,PANC_010,Nanded Gramin,14.1,29.3,90.8,565.0,-15.5,2.8,10,0.0,5.3,0.83,20.2,9.6,-0.39,13.3
2025-06-03,PANC_101,Sampatchak Gramin,14.1,29.3,90.8,53.0,1.2,0.8,10,0.0,1.33,1.32,15.6,8.1,0.03,11.5
2025-06-03,PANC_102,Bairiya,14.1,29.3,90.8,51.5,-0.3,0.5,90,0.0,-1.03,1.11,12.6,10.8,-0.01,14.4
2025-06-03,PANC_103,Kanhauli,14.1,29.3,90.8,54.2,2.4,1.1,180,1.0,-0.77,1.33,13.0,13.4,0.06,17.3
2025-06-03,PANC_104,Chipura,14.1,29.3,90.8,50.8,-1.0,0.4,45,0.0,-0.6,1.42,13.5,10.1,-0.03,13.8
2025-06-03,PANC_105,Sonagopalpur,14.1,29.3,90.8,52.0,0.2,0.6,85,0.0,0.1,2.38,14.7,10.5,0.01,14.6
2025-06-03,PANC_106,Tarangpur,14.1,29.3,90.8,49.5,-2.3,0.3,5,0.0,0.3,2.37,14.0,10.1,-0.06,13.9
2025-06-04,PANC_001,Wagholi,43.4,29.9,81.0,590.0,9.5,4.2,90,0.0,0.0,0.79,43.6,33.7,0.24,45.1
2025-06-04,PANC_002,Hadapsar Rural,43.4,29.9,81.0,560.0,-20.5,2.1,0,0.0,3.0,2.41,45.7,32.8,-0.51,44.1
2025-06-04,PANC_003,Manjari Khurd,43.4,29.9,81.0,552.0,-28.5,1.8,85,0.0,1.6,0.7,44.9,32.1,-0.71,43.8
2025-06-04,PANC_004,Phursungi,43.4,29.9,81.0,575.0,-5.5,3.5,180,1.0,0.0,0.79,43.6,34.1,-0.14,45.8
2025-06-04,PANC_005,Loni Kalbhor,43.4,29.9,81.0,548.0,-32.5,1.5,95,0.0,1.17,0.88,44.6,32.2,-0.81,42.3
2025-06-04,PANC_006,Uruli Kanchan,43.4,29.9,81.0,540.0,-40.5,1.2,45,0.0,0.57,1.43,43.5,32.0,-1.01,41.5
2025-06-04,PANC_007,Khed Shivapur,43.4,29.9,81.0,645.0,64.5,8.5,245,1.0,3.83,3.07,47.6,38.0,1.61,50.1
2025-06-04,PANC_008,Kondhwa Budruk,43.4,29.9,81.0,610.0,29.5,6.1,225,1.0,2.97,2.12,46.2,38.3,0.74,49.6
2025-06-04,PANC_009,Dhayari,43.4,29.9,81.0,620.0,39.5,7.0,260,1.0,4.13,3.28,43.8,38.9,0.99,49.2
2025-06-04,PANC_010,Nanded Gramin,43.4,29.9,81.0,565.0,-15.5,2.8,10,0.0,6.23,0.37,49.3,31.9,-0.39,42.9
2025-06-04,PANC_101,Sampatchak Gramin,43.4,29.9,81.0,53.0,1.2,0.8,10,0.0,0.7,1.35,44.4,32.2,0.03,43.1
2025-06-04,PANC_102,Bairiya,43.4,29.9,81.0,51.5,-0.3,0.5,90,0.0,0.23,0.38,43.5,31.8,-0.01,44.0
2025-06-04,PANC_103,Kanhauli,43.4,29.9,81.0,54.2,2.4,1.1,180,1.0,-0.23,0.57,43.0,35.3,0.06,45.8
2025-06-04,PANC_104,Chipura,43.4,29.9,81.0,50.8,-1.0,0.4,45,0.0,-0.2,0.62,43.3,34.0,-0.03,43.9
2025-06-04,PANC_105,Sonagopalpur,43.4,29.9,81.0,52.0,0.2,0.6,85,0.0,0.87,1.13,44.5,31.2,0.01,42.5
2025-06-04,PANC_106,Tarangpur,43.4,29.9,81.0,49.5,-2.3,0.3,5,0.0,0.9,1.12,44.1,33.4,-0.06,43.9
2025-06-05,PANC_001,Wagholi,45.4,28.6,89.2,590.0,9.5,4.2,90,0.0,-0.73,0.85,44.9,35.1,0.24,45.9
2025-06-05,PANC_002,Hadapsar Rural,45.4,28.6,89.2,560.0,-20.5,2.1,0,0.0,2.7,1.9,48.0,32.4,-0.51,43.5
2025-06-05,PANC_003,Manjari Khurd,45.4,28.6,89.2,552.0,-28.5,1.8,85,0.0,1.07,2.68,46.1,35.1,-0.71,45.5
2025-06-05,PANC_004,Phursungi,45.4,28.6,89.2,575.0,-5.5,3.5,180,1.0,-0.73,0.85,44.4,37.9,-0.14,50.0
2025-06-05,PANC_005,Loni Kalbhor,45.4,28.6,89.2,548.0,-32.5,1.5,95,0.0,0.93,2.72,46.9,35.9,-0.81,45.0
2025-06-05,PANC_006,Uruli Kanchan,45.4,28.6,89.2,540.0,-40.5,1.2,45,0.0,1.43,2.25,46.2,32.3,-1.01,43.0
2025-06-05,PANC_007,Khed Shivapur,45.4,28.6,89.2,645.0,64.5,8.5,245,1.0,3.27,2.04,49.0,36.7,1.61,50.4
2025-06-05,PANC_008,Kondhwa Budruk,45.4,28.6,89.2,610.0,29.5,6.1,225,1.0,2.8,3.35,48.0,36.6,0.74,48.8
2025-06-05,PANC_009,Dhayari,45.4,28.6,89.2,620.0,39.5,7.0,260,1.0,3.03,1.77,46.5,37.6,0.99,51.1
2025-06-05,PANC_010,Nanded Gramin,45.4,28.6,89.2,565.0,-15.5,2.8,10,0.0,4.7,0.96,50.9,35.4,-0.39,46.1
2025-06-05,PANC_101,Sampatchak Gramin,45.4,28.6,89.2,53.0,1.2,0.8,10,0.0,0.73,1.68,46.6,34.5,0.03,45.9
2025-06-05,PANC_102,Bairiya,45.4,28.6,89.2,51.5,-0.3,0.5,90,0.0,-0.1,0.59,45.5,34.6,-0.01,46.3
2025-06-05,PANC_103,Kanhauli,45.4,28.6,89.2,54.2,2.4,1.1,180,1.0,-0.6,0.8,45.0,36.0,0.06,48.1
2025-06-05,PANC_104,Chipura,45.4,28.6,89.2,50.8,-1.0,0.4,45,0.0,0.0,1.0,45.5,34.7,-0.03,45.5
2025-06-05,PANC_105,Sonagopalpur,45.4,28.6,89.2,52.0,0.2,0.6,85,0.0,1.1,1.14,46.8,32.6,0.01,44.0
2025-06-05,PANC_106,Tarangpur,45.4,28.6,89.2,49.5,-2.3,0.3,5,0.0,1.37,0.96,46.6,34.0,-0.06,44.5
2025-06-06,PANC_001,Wagholi,13.8,30.1,88.6,590.0,9.5,4.2,90,0.0,-0.4,1.12,13.9,11.3,0.24,14.2
2025-06-06,PANC_002,Hadapsar Rural,13.8,30.1,88.6,560.0,-20.5,2.1,0,0.0,3.23,1.89,16.6,11.4,-0.51,13.7
2025-06-06,PANC_003,Manjari Khurd,13.8,30.1,88.6,552.0,-28.5,1.8,85,0.0,1.27,1.59,14.9,11.0,-0.71,14.6
2025-06-06,PANC_004,Phursungi,13.8,30.1,88.6,575.0,-5.5,3.5,180,1.0,-0.4,1.12,13.5,14.0,-0.14,17.3
2025-06-06,PANC_005,Loni Kalbhor,13.8,30.1,88.6,548.0,-32.5,1.5,95,0.0,1.4,1.53,15.5,9.7,-0.81,11.9
2025-06-06,PANC_006,Uruli Kanchan,13.8,30.1,88.6,540.0,-40.5,1.2,45,0.0,0.8,2.2,13.8,10.2,-1.01,13.4
2025-06-06,PANC_007,Khed Shivapur,13.8,30.1,88.6,645.0,64.5,8.5,245,1.0,3.27,3.38,17.5,14.8,1.61,19.6
2025-06-06,PANC_008,Kondhwa Budruk,13.8,30.1,88.6,610.0,29.5,6.1,225,1.0,3.1,2.47,16.7,13.5,0.74,19.2
2025-06-06,PANC_009,Dhayari,13.8,30.1,88.6,620.0,39.5,7.0,260,1.0,3.23,3.35,13.2,13.6,0.99,19.7
2025-06-06,PANC_010,Nanded Gramin,13.8,30.1,88.6,565.0,-15.5,2.8,10,0.0,5.7,0.22,19.7,9.4,-0.39,12.3
2025-06-06,PANC_101,Sampatchak Gramin,13.8,30.1,88.6,53.0,1.2,0.8,10,0.0,1.4,1.16,15.4,10.7,0.03,15.2
2025-06-06,PANC_102,Bairiya,13.8,30.1,88.6,51.5,-0.3,0.5,90,0.0,0.53,0.63,14.6,11.0,-0.01,14.7
2025-06-06,PANC_103,Kanhauli,13.8,30.1,88.6,54.2,2.4,1.1,180,1.0,0.53,0.63,14.6,12.2,0.06,16.8
2025-06-06,PANC_104,Chipura,13.8,30.1,88.6,50.8,-1.0,0.4,45,0.0,0.87,0.45,14.7,9.1,-0.03,14.1
2025-06-06,PANC_105,Sonagopalpur,13.8,30.1,88.6,52.0,0.2,0.6,85,0.0,1.57,1.11,15.6,10.9,0.01,14.1
2025-06-06,PANC_106,Tarangpur,13.8,30.1,88.6,49.5,-2.3,0.3,5,0.0,1.77,0.9,15.5,9.9,-0.06,13.7
2025-06-07,PANC_001,Wagholi,21.3,25.8,83.3,590.0,9.5,4.2,90,0.0,0.1,0.85,21.1,17.1,0.24,23.2
2025-06-07,PANC_002,Hadapsar Rural,21.3,25.8,83.3,560.0,-20.5,2.1,0,0.0,2.33,2.38,22.9,15.3,-0.51,20.7
2025-06-07,PANC_003,Manjari Khurd,21.3,25.8,83.3,552.0,-28.5,1.8,85,0.0,1.1,1.2,22.2,15.9,-0.71,20.9
2025-06-07,PANC_004,Phursungi,21.3,25.8,83.3,575.0,-5.5,3.5,180,1.0,0.1,0.85,21.2,16.2,-0.14,23.3
2025-06-07,PANC_005,Loni Kalbhor,21.3,25.8,83.3,548.0,-32.5,1.5,95,0.0,0.33,1.18,21.8,17.7,-0.81,22.6
2025-06-07,PANC_006,Uruli Kanchan,21.3,25.8,83.3,540.0,-40.5,1.2,45,0.0,0.97,1.01,22.3,17.3,-1.01,21.7
2025-06-07,PANC_007,Khed Shivapur,21.3,25.8,83.3,645.0,64.5,8.5,245,1.0,3.4,2.48,25.0,21.6,1.61,28.4
2025-06-07,PANC_008,Kondhwa Budruk,21.3,25.8,83.3,610.0,29.5,6.1,225,1.0,2.1,2.25,23.2,21.3,0.74,26.7
2025-06-07,PANC_009,Dhayari,21.3,25.8,83.3,620.0,39.5,7.0,260,1.0,4.13,3.07,22.0,18.6,0.99,26.2
2025-06-07,PANC_010,Nanded Gramin,21.3,25.8,83.3,565.0,-15.5,2.8,10,0.0,5.8,0.94,26.3,17.4,-0.39,21.2
2025-06-07,PANC_101,Sampatchak Gramin,21.3,25.8,83.3,53.0,1.2,0.8,10,0.0,0.57,1.79,22.1,16.2,0.03,22.4
2025-06-07,PANC_102,Bairiya,21.3,25.8,83.3,51.5,-0.3,0.5,90,0.0,0.33,1.45,21.6,14.5,-0.01,20.7
2025-06-07,PANC_103,Kanhauli,21.3,25.8,83.3,54.2,2.4,1.1,180,1.0,0.63,1.03,21.8,18.1,0.06,24.4
2025-06-07,PANC_104,Chipura,21.3,25.8,83.3,50.8,-1.0,0.4,45,0.0,-0.1,0.85,21.2,16.2,-0.03,19.6
2025-06-07,PANC_105,Sonagopalpur,21.3,25.8,83.3,52.0,0.2,0.6,85,0.0,0.83,1.97,22.6,15.4,0.01,20.5
2025-06-07,PANC_106,Tarangpur,21.3,25.8,83.3,49.5,-2.3,0.3,5,0.0,1.2,1.51,22.4,16.4,-0.06,22.9
2025-06-08,PANC_001,Wagholi,16.3,24.9,92.7,590.0,9.5,4.2,90,0.0,-0.37,1.14,15.4,13.6,0.24,18.0
2025-06-08,PANC_002,Hadapsar Rural,16.3,24.9,92.7,560.0,-20.5,2.1,0,0.0,2.07,2.55,17.9,12.0,-0.51,15.5
2025-06-08,PANC_003,Manjari Khurd,16.3,24.9,92.7,552.0,-28.5,1.8,85,0.0,1.43,1.72,17.5,11.0,-0.71,14.8
2025-06-08,PANC_004,Phursungi,16.3,24.9,92.7,575.0,-5.5,3.5,180,1.0,-0.37,1.14,15.8,14.4,-0.14,19.7
2025-06-08,PANC_005,Loni Kalbhor,16.3,24.9,92.7,548.0,-32.5,1.5,95,0.0,0.37,2.16,16.8,13.3,-0.81,17.5
2025-06-08,PANC_006,Uruli Kanchan,16.3,24.9,92.7,540.0,-40.5,1.2,45,0.0,1.03,2.0,17.3,12.2,-1.01,15.3
2025-06-08,PANC_007,Khed Shivapur,16.3,24.9,92.7,645.0,64.5,8.5,245,1.0,3.1,2.14,19.7,16.9,1.61,23.0
2025-06-08,PANC_008,Kondhwa Budruk,16.3,24.9,92.7,610.0,29.5,6.1,225,1.0,2.5,2.41,18.6,15.0,0.74,20.6
2025-06-08,PANC_009,Dhayari,16.3,24.9,92.7,620.0,39.5,7.0,260,1.0,3.7,2.73,17.0,15.6,0.99,21.2
2025-06-08,PANC_010,Nanded Gramin,16.3,24.9,92.7,565.0,-15.5,2.8,10,0.0,5.3,1.02,21.2,13.1,-0.39,16.4
2025-06-08,PANC_101,Sampatchak Gramin,16.3,24.9,92.7,53.0,1.2,0.8,10,0.0,1.7,2.79,17.9,13.5,0.03,16.5
2025-06-08,PANC_102,Bairiya,16.3,24.9,92.7,51.5,-0.3,0.5,90,0.0,0.03,0.54,16.3,11.1,-0.01,14.4
2025-06-08,PANC_103,Kanhauli,16.3,24.9,92.7,54.2,2.4,1.1,180,1.0,0.97,0.82,17.2,16.4,0.06,21.2
2025-06-08,PANC_104,Chipura,16.3,24.9,92.7,50.8,-1.0,0.4,45,0.0,0.13,1.63,16.2,11.2,-0.03,15.6
2025-06-08,PANC_105,Sonagopalpur,16.3,24.9,92.7,52.0,0.2,0.6,85,0.0,1.47,2.46,18.4,14.5,0.01,18.4
2025-06-08,PANC_106,Tarangpur,16.3,24.9,92.7,49.5,-2.3,0.3,5,0.0,1.07,2.84,17.1,13.1,-0.06,16.9
2025-06-09,PANC_001,Wagholi,0.0,26.2,84.9,590.0,9.5,4.2,90,0.0,0.0,0.0,0.0,0.0,0.24,0.0
2025-06-09,PANC_002,Hadapsar Rural,0.0,26.2,84.9,560.0,-20.5,2.1,0,0.0,1.07,1.51,0.6,0.8,-0.51,0.0
2025-06-09,PANC_003,Manjari Khurd,0.0,26.2,84.9,552.0,-28.5,1.8,85,0.0,0.0,0.0,0.0,0.0,-0.71,0.0
2025-06-09,PANC_004,Phursungi,0.0,26.2,84.9,575.0,-5.5,3.5,180,1.0,0.0,0.0,0.0,0.0,-0.14,0.0
2025-06-09,PANC_005,Loni Kalbhor,0.0,26.2,84.9,548.0,-32.5,1.5,95,0.0,0.0,0.0,0.0,0.0,-0.81,0.0
2025-06-09,PANC_006,Uruli Kanchan,0.0,26.2,84.9,540.0,-40.5,1.2,45,0.0,0.0,0.0,0.0,0.3,-1.01,0.0
2025-06-09,PANC_007,Khed Shivapur,0.0,26.2,84.9,645.0,64.5,8.5,245,1.0,1.07,1.51,1.0,0.0,1.61,0.0
2025-06-09,PANC_008,Kondhwa Budruk,0.0,26.2,84.9,610.0,29.5,6.1,225,1.0,0.0,0.0,0.0,1.7,0.74,3.2
2025-06-09,PANC_009,Dhayari,0.0,26.2,84.9,620.0,39.5,7.0,260,1.0,1.07,1.51,0.3,0.2,0.99,0.0
2025-06-09,PANC_010,Nanded Gramin,0.0,26.2,84.9,565.0,-15.5,2.8,10,0.0,1.07,1.51,0.2,0.2,-0.39,0.0
2025-06-09,PANC_101,Sampatchak Gramin,0.0,26.2,84.9,53.0,1.2,0.8,10,0.0,0.0,0.0,0.0,0.0,0.03,0.0
2025-06-09,PANC_102,Bairiya,0.0,26.2,84.9,51.5,-0.3,0.5,90,0.0,0.03,0.05,0.0,0.0,-0.01,0.0
2025-06-09,PANC_103,Kanhauli,0.0,26.2,84.9,54.2,2.4,1.1,180,1.0,0.03,0.05,0.0,0.2,0.06,0.0
2025-06-09,PANC_104,Chipura,0.0,26.2,84.9,50.8,-1.0,0.4,45,0.0,0.0,0.0,0.0,0.0,-0.03,0.0
2025-06-09,PANC_105,Sonagopalpur,0.0,26.2,84.9,52.0,0.2,0.6,85,0.0,0.0,0.0,0.0,0.0,0.01,0.0
2025-06-09,PANC_106,Tarangpur,0.0,26.2,84.9,49.5,-2.3,0.3,5,0.0,0.0,0.0,0.0,0.0,-0.06,0.1
2025-06-10,PANC_001,Wagholi,0.0,27.5,74.8,590.0,9.5,4.2,90,0.0,0.0,0.0,0.0,0.0,0.24,0.0
2025-06-10,PANC_002,Hadapsar Rural,0.0,27.5,74.8,560.0,-20.5,2.1,0,0.0,0.03,0.05,0.0,0.0,-0.51,0.0
2025-06-10,PANC_003,Manjari Khurd,0.0,27.5,74.8,552.0,-28.5,1.8,85,0.0,0.0,0.0,0.0,0.3,-0.71,0.0
2025-06-10,PANC_004,Phursungi,0.0,27.5,74.8,575.0,-5.5,3.5,180,1.0,0.0,0.0,0.0,0.5,-0.14,0.0
2025-06-10,PANC_005,Loni Kalbhor,0.0,27.5,74.8,548.0,-32.5,1.5,95,0.0,0.0,0.0,0.0,0.8,-0.81,0.0
2025-06-10,PANC_006,Uruli Kanchan,0.0,27.5,74.8,540.0,-40.5,1.2,45,0.0,0.0,0.0,0.0,0.6,-1.01,0.0
2025-06-10,PANC_007,Khed Shivapur,0.0,27.5,74.8,645.0,64.5,8.5,245,1.0,0.03,0.05,0.0,1.2,1.61,0.0
2025-06-10,PANC_008,Kondhwa Budruk,0.0,27.5,74.8,610.0,29.5,6.1,225,1.0,0.0,0.0,0.0,0.6,0.74,0.1
2025-06-10,PANC_009,Dhayari,0.0,27.5,74.8,620.0,39.5,7.0,260,1.0,0.03,0.05,0.0,0.0,0.99,0.0
2025-06-10,PANC_010,Nanded Gramin,0.0,27.5,74.8,565.0,-15.5,2.8,10,0.0,0.03,0.05,0.0,0.0,-0.39,0.0
2025-06-10,PANC_101,Sampatchak Gramin,0.0,27.5,74.8,53.0,1.2,0.8,10,0.0,0.0,0.0,0.0,0.0,0.03,0.0
2025-06-10,PANC_102,Bairiya,0.0,27.5,74.8,51.5,-0.3,0.5,90,0.0,0.0,0.0,0.0,0.2,-0.01,0.0
2025-06-10,PANC_103,Kanhauli,0.0,27.5,74.8,54.2,2.4,1.1,180,1.0,0.0,0.0,0.0,0.0,0.06,0.0
2025-06-10,PANC_104,Chipura,0.0,27.5,74.8,50.8,-1.0,0.4,45,0.0,0.0,0.0,0.0,0.3,-0.03,0.0
2025-06-10,PANC_105,Sonagopalpur,0.0,27.5,74.8,52.0,0.2,0.6,85,0.0,0.0,0.0,0.0,0.0,0.01,0.0
2025-06-10,PANC_106,Tarangpur,0.0,27.5,74.8,49.5,-2.3,0.3,5,0.0,0.0,0.0,0.0,0.2,-0.06,0.0
2025-06-11,PANC_001,Wagholi,24.6,27.7,84.7,590.0,9.5,4.2,90,0.0,-0.47,0.82,24.6,19.0,0.24,25.2
2025-06-11,PANC_002,Hadapsar Rural,24.6,27.7,84.7,560.0,-20.5,2.1,0,0.0,3.07,1.92,27.2,19.1,-0.51,24.2
2025-06-11,PANC_003,Manjari Khurd,24.6,27.7,84.7,552.0,-28.5,1.8,85,0.0,1.27,1.7,25.6,19.6,-0.71,25.1
2025-06-11,PANC_004,Phursungi,24.6,27.7,84.7,575.0,-5.5,3.5,180,1.0,-0.47,0.82,24.2,21.3,-0.14,28.2
2025-06-11,PANC_005,Loni Kalbhor,24.6,27.7,84.7,548.0,-32.5,1.5,95,0.0,1.23,1.71,26.1,16.5,-0.81,23.1
2025-06-11,PANC_006,Uruli Kanchan,24.6,27.7,84.7,540.0,-40.5,1.2,45,0.0,0.87,2.1,24.8,16.0,-1.01,21.6
2025-06-11,PANC_007,Khed Shivapur,24.6,27.7,84.7,645.0,64.5,8.5,245,1.0,4.0,2.15,28.9,22.9,1.61,29.0
2025-06-11,PANC_008,Kondhwa Budruk,24.6,27.7,84.7,610.0,29.5,6.1,225,1.0,3.03,2.6,27.4,23.0,0.74,29.7
2025-06-11,PANC_009,Dhayari,24.6,27.7,84.7,620.0,39.5,7.0,260,1.0,3.5,1.79,26.1,22.5,0.99,30.5
2025-06-11,PANC_010,Nanded Gramin,24.6,27.7,84.7,565.0,-15.5,2.8,10,0.0,5.13,0.61,30.4,18.9,-0.39,25.6
2025-06-11,PANC_101,Sampatchak Gramin,24.6,27.7,84.7,53.0,1.2,0.8,10,0.0,1.2,1.85,26.0,16.5,0.03,23.8
2025-06-11,PANC_102,Bairiya,24.6,27.7,84.7,51.5,-0.3,0.5,90,0.0,0.9,1.22,25.1,19.4,-0.01,24.3
2025-06-11,PANC_103,Kanhauli,24.6,27.7,84.7,54.2,2.4,1.1,180,1.0,0.27,0.95,24.4,22.0,0.06,28.4
2025-06-11,PANC_104,Chipura,24.6,27.7,84.7,50.8,-1.0,0.4,45,0.0,-0.33,0.37,24.3,19.8,-0.03,26.6
2025-06-11,PANC_105,Sonagopalpur,24.6,27.7,84.7,52.0,0.2,0.6,85,0.0,1.67,1.89,26.6,18.7,0.01,24.7
2025-06-11,PANC_106,Tarangpur,24.6,27.7,84.7,49.5,-2.3,0.3,5,0.0,0.9,2.06,25.2,17.8,-0.06,26.1
2025-06-12,PANC_001,Wagholi,0.0,32.1,78.1,590.0,9.5,4.2,90,0.0,0.0,0.0,0.0,0.0,0.24,0.0
2025-06-12,PANC_002,Hadapsar Rural,0.0,32.1,78.1,560.0,-20.5,2.1,0,0.0,0.0,0.0,0.0,0.0,-0.51,0.0
2025-06-12,PANC_003,Manjari Khurd,0.0,32.1,78.1,552.0,-28.5,1.8,85,0.0,0.0,0.0,0.0,1.9,-0.71,0.0
2025-06-12,PANC_004,Phursungi,0.0,32.1,78.1,575.0,-5.5,3.5,180,1.0,0.0,0.0,0.0,0.0,-0.14,0.0
2025-06-12,PANC_005,Loni Kalbhor,0.0,32.1,78.1,548.0,-32.5,1.5,95,0.0,0.0,0.0,0.0,0.0,-0.81,0.0
2025-06-12,PANC_006,Uruli Kanchan,0.0,32.1,78.1,540.0,-40.5,1.2,45,0.0,0.0,0.0,0.0,0.0,-1.01,0.0
2025-06-12,PANC_007,Khed Shivapur,0.0,32.1,78.1,645.0,64.5,8.5,245,1.0,0.0,0.0,0.0,0.7,1.61,0.0
2025-06-12,PANC_008,Kondhwa Budruk,0.0,32.1,78.1,610.0,29.5,6.1,225,1.0,0.0,0.0,0.0,0.0,0.74,0.0
2025-06-12,PANC_009,Dhayari,0.0,32.1,78.1,620.0,39.5,7.0,260,1.0,0.0,0.0,0.0,0.0,0.99,0.0
2025-06-12,PANC_010,Nanded Gramin,0.0,32.1,78.1,565.0,-15.5,2.8,10,0.0,0.0,0.0,0.0,0.8,-0.39,0.0
2025-06-12,PANC_101,Sampatchak Gramin,0.0,32.1,78.1,53.0,1.2,0.8,10,0.0,0.57,0.8,0.7,0.0,0.03,0.0
2025-06-12,PANC_102,Bairiya,0.0,32.1,78.1,51.5,-0.3,0.5,90,0.0,0.0,0.0,0.0,0.1,-0.01,0.0
2025-06-12,PANC_103,Kanhauli,0.0,32.1,78.1,54.2,2.4,1.1,180,1.0,0.0,0.0,0.0,2.5,0.06,1.7
2025-06-12,PANC_104,Chipura,0.0,32.1,78.1,50.8,-1.0,0.4,45,0.0,0.0,0.0,0.0,0.0,-0.03,0.0
2025-06-12,PANC_105,Sonagopalpur,0.0,32.1,78.1,52.0,0.2,0.6,85,0.0,0.57,0.8,0.8,0.0,0.01,0.0
2025-06-12,PANC_106,Tarangpur,0.0,32.1,78.1,49.5,-2.3,0.3,5,0.0,0.57,0.8,0.4,0.0,-0.06,0.0
2025-06-13,PANC_001,Wagholi,11.6,25.3,86.1,590.0,9.5,4.2,90,0.0,-0.37,0.57,11.3,9.7,0.24,12.8
2025-06-13,PANC_002,Hadapsar Rural,11.6,25.3,86.1,560.0,-20.5,2.1,0,0.0,2.07,1.81,13.2,8.6,-0.51,11.9
2025-06-13,PANC_003,Manjari Khurd,11.6,25.3,86.1,552.0,-28.5,1.8,85,0.0,1.3,0.86,12.8,8.3,-0.71,11.3
2025-06-13,PANC_004,Phursungi,11.6,25.3,86.1,575.0,-5.5,3.5,180,1.0,-0.37,0.57,11.4,10.1,-0.14,14.0
2025-06-13,PANC_005,Loni Kalbhor,11.6,25.3,86.1,548.0,-32.5,1.5,95,0.0,0.8,1.16,12.4,7.4,-0.81,10.5
2025-06-13,PANC_006,Uruli Kanchan,11.6,25.3,86.1,540.0,-40.5,1.2,45,0.0,0.33,1.5,11.5,9.1,-1.01,12.6
2025-06-13,PANC_007,Khed Shivapur,11.6,25.3,86.1,645.0,64.5,8.5,245,1.0,3.23,3.08,15.3,13.5,1.61,18.4
2025-06-13,PANC_008,Kondhwa Budruk,11.6,25.3,86.1,610.0,29.5,6.1,225,1.0,3.07,2.57,14.5,11.1,0.74,15.7
2025-06-13,PANC_009,Dhayari,11.6,25.3,86.1,620.0,39.5,7.0,260,1.0,3.33,3.19,11.5,13.1,0.99,18.1
2025-06-13,PANC_010,Nanded Gramin,11.6,25.3,86.1,565.0,-15.5,2.8,10,0.0,5.8,1.21,18.0,6.0,-0.39,10.7
2025-06-13,PANC_101,Sampatchak Gramin,11.6,25.3,86.1,53.0,1.2,0.8,10,0.0,1.53,0.58,13.3,8.8,0.03,11.0
2025-06-13,PANC_102,Bairiya,11.6,25.3,86.1,51.5,-0.3,0.5,90,0.0,-0.87,0.76,10.7,10.1,-0.01,13.0
2025-06-13,PANC_103,Kanhauli,11.6,25.3,86.1,54.2,2.4,1.1,180,1.0,0.07,0.62,11.6,10.4,0.06,13.9
2025-06-13,PANC_104,Chipura,11.6,25.3,86.1,50.8,-1.0,0.4,45,0.0,0.57,0.85,12.2,7.5,-0.03,9.7
2025-06-13,PANC_105,Sonagopalpur,11.6,25.3,86.1,52.0,0.2,0.6,85,0.0,-0.07,1.76,12.0,9.6,0.01,12.5
2025-06-13,PANC_106,Tarangpur,11.6,25.3,86.1,49.5,-2.3,0.3,5,0.0,1.03,1.21,12.4,8.0,-0.06,11.5
2025-06-14,PANC_001,Wagholi,0.0,26.7,85.5,590.0,9.5,4.2,90,0.0,0.0,0.0,0.0,0.0,0.24,0.0
2025-06-14,PANC_002,Hadapsar Rural,0.0,26.7,85.5,560.0,-20.5,2.1,0,0.0,0.0,0.0,0.0,0.4,-0.51,0.0
2025-06-14,PANC_003,Manjari Khurd,0.0,26.7,85.5,552.0,-28.5,1.8,85,0.0,0.0,0.0,0.0,1.3,-0.71,0.0
2025-06-14,PANC_004,Phursungi,0.0,26.7,85.5,575.0,-5.5,3.5,180,1.0,0.0,0.0,0.0,0.0,-0.14,0.0
2025-06-14,PANC_005,Loni Kalbhor,0.0,26.7,85.5,548.0,-32.5,1.5,95,0.0,0.0,0.0,0.0,0.1,-0.81,0.0
2025-06-14,PANC_006,Uruli Kanchan,0.0,26.7,85.5,540.0,-40.5,1.2,45,0.0,0.0,0.0,0.0,0.0,-1.01,0.0
2025-06-14,PANC_007,Khed Shivapur,0.0,26.7,85.5,645.0,64.5,8.5,245,1.0,0.0,0.0,0.0,0.5,1.61,0.0
2025-06-14,PANC_008,Kondhwa Budruk,0.0,26.7,85.5,610.0,29.5,6.1,225,1.0,0.0,0.0,0.0,0.0,0.74,0.0
2025-06-14,PANC_009,Dhayari,0.0,26.7,85.5,620.0,39.5,7.0,260,1.0,0.0,0.0,0.0,0.0,0.99,0.0
2025-06-14,PANC_010,Nanded Gramin,0.0,26.7,85.5,565.0,-15.5,2.8,10,0.0,0.0,0.0,0.0,0.4,-0.39,0.0
2025-06-14,PANC_101,Sampatchak Gramin,0.0,26.7,85.5,53.0,1.2,0.8,10,0.0,0.0,0.0,0.0,0.8,0.03,0.0
2025-06-14,PANC_102,Bairiya,0.0,26.7,85.5,51.5,-0.3,0.5,90,0.0,0.0,0.0,0.0,0.0,-0.01,0.0
2025-06-14,PANC_103,Kanhauli,0.0,26.7,85.5,54.2,2.4,1.1,180,1.0,0.0,0.0,0.0,0.3,0.06,0.0
2025-06-14,PANC_104,Chipura,0.0,26.7,85.5,50.8,-1.0,0.4,45,0.0,0.0,0.0,0.0,0.0,-0.03,0.0
2025-06-14,PANC_105,Sonagopalpur,0.0,26.7,85.5,52.0,0.2,0.6,85,0.0,0.0,0.0,0.0,0.8,0.01,0.0
2025-06-14,PANC_106,Tarangpur,0.0,26.7,85.5,49.5,-2.3,0.3,5,0.0,0.0,0.0,0.0,0.0,-0.06,0.0
2025-06-15,PANC_001,Wagholi,47.7,30.6,80.8,590.0,9.5,4.2,90,0.0,-0.7,0.41,46.8,34.5,0.24,46.5
2025-06-15,PANC_002,Hadapsar Rural,47.7,30.6,80.8,560.0,-20.5,2.1,0,0.0,2.57,2.68,49.8,35.6,-0.51,47.0
2025-06-15,PANC_003,Manjari Khurd,47.7,30.6,80.8,552.0,-28.5,1.8,85,0.0,0.73,2.39,48.2,34.0,-0.71,46.5
2025-06-15,PANC_004,Phursungi,47.7,30.6,80.8,575.0,-5.5,3.5,180,1.0,-0.7,0.41,47.0,38.2,-0.14,51.8
2025-06-15,PANC_005,Loni Kalbhor,47.7,30.6,80.8,548.0,-32.5,1.5,95,0.0,0.73,2.39,48.6,36.8,-0.81,47.5
2025-06-15,PANC_006,Uruli Kanchan,47.7,30.6,80.8,540.0,-40.5,1.2,45,0.0,0.9,2.3,48.2,35.1,-1.01,46.4
2025-06-15,PANC_007,Khed Shivapur,47.7,30.6,80.8,645.0,64.5,8.5,245,1.0,3.27,2.31,51.2,39.2,1.61,52.6
2025-06-15,PANC_008,Kondhwa Budruk,47.7,30.6,80.8,610.0,29.5,6.1,225,1.0,2.8,2.5,50.3,40.0,0.74,52.5
2025-06-15,PANC_009,Dhayari,47.7,30.6,80.8,620.0,39.5,7.0,260,1.0,3.23,2.29,48.3,40.6,0.99,52.7
2025-06-15,PANC_010,Nanded Gramin,47.7,30.6,80.8,565.0,-15.5,2.8,10,0.0,4.9,0.08,52.7,35.4,-0.39,47.7
2025-06-15,PANC_101,Sampatchak Gramin,47.7,30.6,80.8,53.0,1.2,0.8,10,0.0,1.57,1.88,49.4,34.8,0.03,46.9
2025-06-15,PANC_102,Bairiya,47.7,30.6,80.8,51.5,-0.3,0.5,90,0.0,0.13,0.82,47.7,35.0,-0.01,47.3
2025-06-15,PANC_103,Kanhauli,47.7,30.6,80.8,54.2,2.4,1.1,180,1.0,0.07,0.74,47.7,39.6,0.06,51.8
2025-06-15,PANC_104,Chipura,47.7,30.6,80.8,50.8,-1.0,0.4,45,0.0,-0.07,0.77,47.6,37.5,-0.03,48.9
2025-06-15,PANC_105,Sonagopalpur,47.7,30.6,80.8,52.0,0.2,0.6,85,0.0,1.5,2.01,49.6,37.6,0.01,48.7
2025-06-15,PANC_106,Tarangpur,47.7,30.6,80.8,49.5,-2.3,0.3,5,0.0,0.97,2.22,48.3,36.6,-0.06,47.7
2025-06-16,PANC_001,Wagholi,10.2,24.9,85.9,590.0,9.5,4.2,90,0.0,-1.13,1.99,8.1,8.6,0.24,11.4
2025-06-16,PANC_002,Hadapsar Rural,10.2,24.9,85.9,560.0,-20.5,2.1,0,0.0,2.17,4.03,11.5,6.4,-0.51,8.6
2025-06-16,PANC_003,Manjari Khurd,10.2,24.9,85.9,552.0,-28.5,1.8,85,0.0,1.03,2.09,10.9,5.8,-0.71,6.9
2025-06-16,PANC_004,Phursungi,10.2,24.9,85.9,575.0,-5.5,3.5,180,1.0,-1.13,1.99,8.9,12.3,-0.14,13.7
2025-06-16,PANC_005,Loni Kalbhor,10.2,24.9,85.9,548.0,-32.5,1.5,95,0.0,-0.47,2.89,9.8,9.2,-0.81,11.7
2025-06-16,PANC_006,Uruli Kanchan,10.2,24.9,85.9,540.0,-40.5,1.2,45,0.0,0.57,2.85,10.9,6.0,-1.01,8.6
2025-06-16,PANC_007,Khed Shivapur,10.2,24.9,85.9,645.0,64.5,8.5,245,1.0,3.83,2.94,14.3,11.9,1.61,16.0
2025-06-16,PANC_008,Kondhwa Budruk,10.2,24.9,85.9,610.0,29.5,6.1,225,1.0,2.47,2.99,12.5,13.2,0.74,16.5
2025-06-16,PANC_009,Dhayari,10.2,24.9,85.9,620.0,39.5,7.0,260,1.0,3.93,3.0,10.7,11.3,0.99,15.7
2025-06-16,PANC_010,Nanded Gramin,10.2,24.9,85.9,565.0,-15.5,2.8,10,0.0,5.87,0.33,15.8,8.1,-0.39,9.9
2025-06-16,PANC_101,Sampatchak Gramin,10.2,24.9,85.9,53.0,1.2,0.8,10,0.0,1.5,0.94,11.6,6.2,0.03,10.7
2025-06-16,PANC_102,Bairiya,10.2,24.9,85.9,51.5,-0.3,0.5,90,0.0,-0.27,0.82,10.0,7.6,-0.01,10.4
2025-06-16,PANC_103,Kanhauli,10.2,24.9,85.9,54.2,2.4,1.1,180,1.0,0.83,0.77,11.1,10.0,0.06,12.6
2025-06-16,PANC_104,Chipura,10.2,24.9,85.9,50.8,-1.0,0.4,45,0.0,0.87,0.74,11.0,7.6,-0.03,8.8
2025-06-16,PANC_105,Sonagopalpur,10.2,24.9,85.9,52.0,0.2,0.6,85,0.0,0.5,1.55,11.1,8.4,0.01,12.1
2025-06-16,PANC_106,Tarangpur,10.2,24.9,85.9,49.5,-2.3,0.3,5,0.0,1.03,0.97,11.1,6.5,-0.06,10.3
2025-06-17,PANC_001,Wagholi,16.2,28.0,78.4,590.0,9.5,4.2,90,0.0,-1.0,0.94,15.7,15.0,0.24,17.3
2025-06-17,PANC_002,Hadapsar Rural,16.2,28.0,78.4,560.0,-20.5,2.1,0,0.0,2.0,1.79,17.7,10.6,-0.51,15.3
2025-06-17,PANC_003,Manjari Khurd,16.2,28.0,78.4,552.0,-28.5,1.8,85,0.0,0.57,1.05,16.6,13.3,-0.71,16.3
2025-06-17,PANC_004,Phursungi,16.2,28.0,78.4,575.0,-5.5,3.5,180,1.0,-1.0,0.94,15.3,11.1,-0.14,17.7
2025-06-17,PANC_005,Loni Kalbhor,16.2,28.0,78.4,548.0,-32.5,1.5,95,0.0,0.23,0.98,16.7,8.8,-0.81,14.0
2025-06-17,PANC_006,Uruli Kanchan,16.2,28.0,78.4,540.0,-40.5,1.2,45,0.0,-0.2,1.53,15.4,10.5,-1.01,15.3
2025-06-17,PANC_007,Khed Shivapur,16.2,28.0,78.4,645.0,64.5,8.5,245,1.0,2.97,2.39,19.5,15.0,1.61,21.2
2025-06-17,PANC_008,Kondhwa Budruk,16.2,28.0,78.4,610.0,29.5,6.1,225,1.0,1.83,2.38,17.9,15.6,0.74,20.6
2025-06-17,PANC_009,Dhayari,16.2,28.0,78.4,620.0,39.5,7.0,260,1.0,3.0,2.42,16.4,16.1,0.99,21.1
2025-06-17,PANC_010,Nanded Gramin,16.2,28.0,78.4,565.0,-15.5,2.8,10,0.0,4.77,0.26,21.1,11.6,-0.39,15.8
2025-06-17,PANC_101,Sampatchak Gramin,16.2,28.0,78.4,53.0,1.2,0.8,10,0.0,0.93,1.32,17.3,11.6,0.03,15.6
2025-06-17,PANC_102,Bairiya,16.2,28.0,78.4,51.5,-0.3,0.5,90,0.0,0.03,0.49,16.1,12.6,-0.01,16.3
2025-06-17,PANC_103,Kanhauli,16.2,28.0,78.4,54.2,2.4,1.1,180,1.0,-0.2,0.29,15.9,14.9,0.06,19.0
2025-06-17,PANC_104,Chipura,16.2,28.0,78.4,50.8,-1.0,0.4,45,0.0,-0.2,0.29,16.0,11.5,-0.03,16.8
2025-06-17,PANC_105,Sonagopalpur,16.2,28.0,78.4,52.0,0.2,0.6,85,0.0,0.93,1.41,17.4,11.8,0.01,16.1
2025-06-17,PANC_106,Tarangpur,16.2,28.0,78.4,49.5,-2.3,0.3,5,0.0,0.77,1.47,16.7,12.2,-0.06,16.3
2025-06-18,PANC_001,Wagholi,38.3,31.2,81.5,590.0,9.5,4.2,90,0.0,-1.3,0.67,37.1,29.8,0.24,37.9
2025-06-18,PANC_002,Hadapsar Rural,38.3,31.2,81.5,560.0,-20.5,2.1,0,0.0,2.67,2.73,40.4,27.3,-0.51,37.7
2025-06-18,PANC_003,Manjari Khurd,38.3,31.2,81.5,552.0,-28.5,1.8,85,0.0,0.93,2.03,39.0,27.2,-0.71,37.2
2025-06-18,PANC_004,Phursungi,38.3,31.2,81.5,575.0,-5.5,3.5,180,1.0,-1.3,0.67,37.2,32.6,-0.14,42.1
2025-06-18,PANC_005,Loni Kalbhor,38.3,31.2,81.5,548.0,-32.5,1.5,95,0.0,0.7,2.2,39.2,25.7,-0.81,36.1
2025-06-18,PANC_006,Uruli Kanchan,38.3,31.2,81.5,540.0,-40.5,1.2,45,0.0,0.17,2.61,37.7,28.0,-1.01,36.5
2025-06-18,PANC_007,Khed Shivapur,38.3,31.2,81.5,645.0,64.5,8.5,245,1.0,2.97,2.38,41.5,31.7,1.61,43.8
2025-06-18,PANC_008,Kondhwa Budruk,38.3,31.2,81.5,610.0,29.5,6.1,225,1.0,2.37,2.1,40.5,33.7,0.74,43.6
2025-06-18,PANC_009,Dhayari,38.3,31.2,81.5,620.0,39.5,7.0,260,1.0,3.5,2.69,38.7,29.9,0.99,42.2
2025-06-18,PANC_010,Nanded Gramin,38.3,31.2,81.5,565.0,-15.5,2.8,10,0.0,4.9,0.71,42.3,27.1,-0.39,38.0
2025-06-18,PANC_101,Sampatchak Gramin,38.3,31.2,81.5,53.0,1.2,0.8,10,0.0,1.1,1.47,39.8,28.5,0.03,38.6
2025-06-18,PANC_102,Bairiya,38.3,31.2,81.5,51.5,-0.3,0.5,90,0.0,-0.73,0.86,37.9,30.7,-0.01,39.9
2025-06-18,PANC_103,Kanhauli,38.3,31.2,81.5,54.2,2.4,1.1,180,1.0,-0.8,0.86,37.9,30.7,0.06,40.9
2025-06-18,PANC_104,Chipura,38.3,31.2,81.5,50.8,-1.0,0.4,45,0.0,0.33,1.02,38.8,27.9,-0.03,37.6
2025-06-18,PANC_105,Sonagopalpur,38.3,31.2,81.5,52.0,0.2,0.6,85,0.0,0.73,1.38,39.4,29.1,0.01,37.4
2025-06-18,PANC_106,Tarangpur,38.3,31.2,81.5,49.5,-2.3,0.3,5,0.0,1.5,0.94,39.6,29.1,-0.06,36.5
2025-06-19,PANC_001,Wagholi,32.3,24.8,85.5,590.0,9.5,4.2,90,0.0,-0.27,1.06,32.6,22.1,0.24,31.0
2025-06-19,PANC_002,Hadapsar Rural,32.3,24.8,85.5,560.0,-20.5,2.1,0,0.0,3.7,2.09,35.5,24.5,-0.51,32.1
2025-06-19,PANC_003,Manjari Khurd,32.3,24.8,85.5,552.0,-28.5,1.8,85,0.0,0.83,2.28,32.9,23.8,-0.71,33.3
2025-06-19,PANC_004,Phursungi,32.3,24.8,85.5,575.0,-5.5,3.5,180,1.0,-0.27,1.06,32.1,26.6,-0.14,36.3
2025-06-19,PANC_005,Loni Kalbhor,32.3,24.8,85.5,548.0,-32.5,1.5,95,0.0,1.6,1.77,34.2,24.1,-0.81,30.7
2025-06-19,PANC_006,Uruli Kanchan,32.3,24.8,85.5,540.0,-40.5,1.2,45,0.0,1.13,2.29,32.6,22.8,-1.01,31.4
2025-06-19,PANC_007,Khed Shivapur,32.3,24.8,85.5,645.0,64.5,8.5,245,1.0,3.33,2.52,35.8,30.2,1.61,39.7
2025-06-19,PANC_008,Kondhwa Budruk,32.3,24.8,85.5,610.0,29.5,6.1,225,1.0,2.57,1.96,34.8,27.4,0.74,38.4
2025-06-19,PANC_009,Dhayari,32.3,24.8,85.5,620.0,39.5,7.0,260,1.0,4.5,3.23,33.1,28.8,0.99,36.2
2025-06-19,PANC_010,Nanded Gramin,32.3,24.8,85.5,565.0,-15.5,2.8,10,0.0,5.8,1.44,36.4,24.0,-0.39,32.3
2025-06-19,PANC_101,Sampatchak Gramin,32.3,24.8,85.5,53.0,1.2,0.8,10,0.0,1.5,1.82,34.2,24.2,0.03,32.2
2025-06-19,PANC_102,Bairiya,32.3,24.8,85.5,51.5,-0.3,0.5,90,0.0,-0.8,1.13,31.5,25.0,-0.01,33.1
2025-06-19,PANC_103,Kanhauli,32.3,24.8,85.5,54.2,2.4,1.1,180,1.0,-0.1,0.16,32.2,27.7,0.06,36.3
2025-06-19,PANC_104,Chipura,32.3,24.8,85.5,50.8,-1.0,0.4,45,0.0,0.13,0.48,32.5,21.2,-0.03,29.9
2025-06-19,PANC_105,Sonagopalpur,32.3,24.8,85.5,52.0,0.2,0.6,85,0.0,0.5,2.65,33.5,24.0,0.01,32.0
2025-06-19,PANC_106,Tarangpur,32.3,24.8,85.5,49.5,-2.3,0.3,5,0.0,1.57,1.76,33.6,23.8,-0.06,32.4
2025-06-20,PANC_001,Wagholi,43.6,26.2,85.9,590.0,9.5,4.2,90,0.0,-0.4,1.22,43.1,33.2,0.24,43.6
2025-06-20,PANC_002,Hadapsar Rural,43.6,26.2,85.9,560.0,-20.5,2.1,0,0.0,1.37,1.81,44.5,34.7,-0.51,44.9
2025-06-20,PANC_003,Manjari Khurd,43.6,26.2,85.9,552.0,-28.5,1.8,85,0.0,1.0,0.73,44.6,32.8,-0.71,42.6
2025-06-20,PANC_004,Phursungi,43.6,26.2,85.9,575.0,-5.5,3.5,180,1.0,-0.4,1.22,43.6,33.6,-0.14,45.3
2025-06-20,PANC_005,Loni Kalbhor,43.6,26.2,85.9,548.0,-32.5,1.5,95,0.0,0.67,1.19,44.1,32.1,-0.81,42.1
2025-06-20,PANC_006,Uruli Kanchan,43.6,26.2,85.9,540.0,-40.5,1.2,45,0.0,-0.27,1.41,42.9,30.8,-1.01,42.7
2025-06-20,PANC_007,Khed Shivapur,43.6,26.2,85.9,645.0,64.5,8.5,245,1.0,2.3,3.4,46.4,37.4,1.61,49.9
2025-06-20,PANC_008,Kondhwa Budruk,43.6,26.2,85.9,610.0,29.5,6.1,225,1.0,2.93,2.03,46.4,35.9,0.74,47.0
2025-06-20,PANC_009,Dhayari,43.6,26.2,85.9,620.0,39.5,7.0,260,1.0,2.47,3.57,42.2,37.2,0.99,49.4
2025-06-20,PANC_010,Nanded Gramin,43.6,26.2,85.9,565.0,-15.5,2.8,10,0.0,5.17,1.27,49.3,31.3,-0.39,41.3
2025-06-20,PANC_101,Sampatchak Gramin,43.6,26.2,85.9,53.0,1.2,0.8,10,0.0,0.73,1.97,44.5,33.4,0.03,44.8
2025-06-20,PANC_102,Bairiya,43.6,26.2,85.9,51.5,-0.3,0.5,90,0.0,0.97,0.21,44.7,32.6,-0.01,42.3
2025-06-20,PANC_103,Kanhauli,43.6,26.2,85.9,54.2,2.4,1.1,180,1.0,0.67,0.45,44.3,35.2,0.06,47.0
2025-06-20,PANC_104,Chipura,43.6,26.2,85.9,50.8,-1.0,0.4,45,0.0,-0.0,1.02,43.5,33.1,-0.03,44.6
2025-06-20,PANC_105,Sonagopalpur,43.6,26.2,85.9,52.0,0.2,0.6,85,0.0,1.87,1.09,45.7,33.5,0.01,43.7
2025-06-20,PANC_106,Tarangpur,43.6,26.2,85.9,49.5,-2.3,0.3,5,0.0,1.1,1.92,44.6,32.1,-0.06,44.3
2025-06-21,PANC_001,Wagholi,28.8,25.4,91.4,590.0,9.5,4.2,90,0.0,-1.0,0.57,28.0,22.4,0.24,28.9
2025-06-21,PANC_002,Hadapsar Rural,28.8,25.4,91.4,560.0,-20.5,2.1,0,0.0,1.87,2.23,30.0,21.4,-0.51,28.2
2025-06-21,PANC_003,Manjari Khurd,28.8,25.4,91.4,552.0,-28.5,1.8,85,0.0,0.3,0.83,29.0,19.8,-0.71,28.2
2025-06-21,PANC_004,Phursungi,28.8,25.4,91.4,575.0,-5.5,3.5,180,1.0,-1.0,0.57,27.9,21.2,-0.14,30.2
2025-06-21,PANC_005,Loni Kalbhor,28.8,25.4,91.4,548.0,-32.5,1.5,95,0.0,0.07,0.94,29.0,19.6,-0.81,27.0
2025-06-21,PANC_006,Uruli Kanchan,28.8,25.4,91.4,540.0,-40.5,1.2,45,0.0,-0.33,1.32,28.0,21.9,-1.01,28.4
2025-06-21,PANC_007,Khed Shivapur,28.8,25.4,91.4,645.0,64.5,8.5,245,1.0,2.77,2.03,31.7,26.3,1.61,35.4
2025-06-21,PANC_008,Kondhwa Budruk,28.8,25.4,91.4,610.0,29.5,6.1,225,1.0,1.43,1.67,30.1,24.6,0.74,33.6
2025-06-21,PANC_009,Dhayari,28.8,25.4,91.4,620.0,39.5,7.0,260,1.0,3.8,2.79,29.5,23.4,0.99,32.3
2025-06-21,PANC_010,Nanded Gramin,28.8,25.4,91.4,565.0,-15.5,2.8,10,0.0,4.97,1.27,32.5,20.8,-0.39,28.8
2025-06-21,PANC_101,Sampatchak Gramin,28.8,25.4,91.4,53.0,1.2,0.8,10,0.0,1.43,2.39,30.6,20.7,0.03,29.6
2025-06-21,PANC_102,Bairiya,28.8,25.4,91.4,51.5,-0.3,0.5,90,0.0,-0.83,1.39,28.5,20.6,-0.01,28.8
2025-06-21,PANC_103,Kanhauli,28.8,25.4,91.4,54.2,2.4,1.1,180,1.0,-0.77,1.4,28.7,24.3,0.06,33.6
2025-06-21,PANC_104,Chipura,28.8,25.4,91.4,50.8,-1.0,0.4,45,0.0,0.1,0.54,28.9,21.6,-0.03,28.1
2025-06-21,PANC_105,Sonagopalpur,28.8,25.4,91.4,52.0,0.2,0.6,85,0.0,1.63,2.32,31.0,21.1,0.01,28.3
2025-06-21,PANC_106,Tarangpur,28.8,25.4,91.4,49.5,-2.3,0.3,5,0.0,1.87,2.1,30.4,19.0,-0.06,26.2
2025-06-22,PANC_001,Wagholi,0.0,27.9,88.4,590.0,9.5,4.2,90,0.0,0.0,0.0,0.0,0.4,0.24,0.0
2025-06-22,PANC_002,Hadapsar Rural,0.0,27.9,88.4,560.0,-20.5,2.1,0,0.0,0.0,0.0,0.0,0.9,-0.51,0.0
2025-06-22,PANC_003,Manjari Khurd,0.0,27.9,88.4,552.0,-28.5,1.8,85,0.0,0.0,0.0,0.0,0.0,-0.71,0.0
2025-06-22,PANC_004,Phursungi,0.0,27.9,88.4,575.0,-5.5,3.5,180,1.0,0.0,0.0,0.0,0.1,-0.14,0.0
2025-06-22,PANC_005,Loni Kalbhor,0.0,27.9,88.4,548.0,-32.5,1.5,95,0.0,0.0,0.0,0.0,0.0,-0.81,0.0
2025-06-22,PANC_006,Uruli Kanchan,0.0,27.9,88.4,540.0,-40.5,1.2,45,0.0,0.0,0.0,0.0,0.0,-1.01,0.0
2025-06-22,PANC_007,Khed Shivapur,0.0,27.9,88.4,645.0,64.5,8.5,245,1.0,0.0,0.0,0.0,4.8,1.61,5.5
2025-06-22,PANC_008,Kondhwa Budruk,0.0,27.9,88.4,610.0,29.5,6.1,225,1.0,0.0,0.0,0.0,0.0,0.74,0.0
2025-06-22,PANC_009,Dhayari,0.0,27.9,88.4,620.0,39.5,7.0,260,1.0,1.83,2.59,0.2,0.0,0.99,0.0
2025-06-22,PANC_010,Nanded Gramin,0.0,27.9,88.4,565.0,-15.5,2.8,10,0.0,1.83,2.59,0.2,0.0,-0.39,0.0
2025-06-22,PANC_101,Sampatchak Gramin,0.0,27.9,88.4,53.0,1.2,0.8,10,0.0,0.0,0.0,0.0,0.6,0.03,0.0
2025-06-22,PANC_102,Bairiya,0.0,27.9,88.4,51.5,-0.3,0.5,90,0.0,0.0,0.0,0.0,0.0,-0.01,0.0
2025-06-22,PANC_103,Kanhauli,0.0,27.9,88.4,54.2,2.4,1.1,180,1.0,0.0,0.0,0.0,0.0,0.06,0.0
2025-06-22,PANC_104,Chipura,0.0,27.9,88.4,50.8,-1.0,0.4,45,0.0,0.0,0.0,0.0,0.0,-0.03,0.0
2025-06-22,PANC_105,Sonagopalpur,0.0,27.9,88.4,52.0,0.2,0.6,85,0.0,0.0,0.0,0.0,1.0,0.01,0.0
2025-06-22,PANC_106,Tarangpur,0.0,27.9,88.4,49.5,-2.3,0.3,5,0.0,0.0,0.0,0.0,0.3,-0.06,0.0
2025-06-23,PANC_001,Wagholi,32.5,32.6,86.2,590.0,9.5,4.2,90,0.0,-0.27,0.34,32.1,25.1,0.24,33.1
2025-06-23,PANC_002,Hadapsar Rural,32.5,32.6,86.2,560.0,-20.5,2.1,0,0.0,2.87,2.56,34.8,24.3,-0.51,32.7
2025-06-23,PANC_003,Manjari Khurd,32.5,32.6,86.2,552.0,-28.5,1.8,85,0.0,1.5,1.56,33.8,23.9,-0.71,31.9
2025-06-23,PANC_004,Phursungi,32.5,32.6,86.2,575.0,-5.5,3.5,180,1.0,-0.27,0.34,32.3,27.8,-0.14,36.2
2025-06-23,PANC_005,Loni Kalbhor,32.5,32.6,86.2,548.0,-32.5,1.5,95,0.0,1.1,1.87,33.7,22.9,-0.81,32.1
2025-06-23,PANC_006,Uruli Kanchan,32.5,32.6,86.2,540.0,-40.5,1.2,45,0.0,0.9,1.98,33.0,23.7,-1.01,31.6
2025-06-23,PANC_007,Khed Shivapur,32.5,32.6,86.2,645.0,64.5,8.5,245,1.0,3.57,3.39,36.5,29.4,1.61,39.1
2025-06-23,PANC_008,Kondhwa Budruk,32.5,32.6,86.2,610.0,29.5,6.1,225,1.0,3.43,2.54,35.7,29.1,0.74,38.0
2025-06-23,PANC_009,Dhayari,32.5,32.6,86.2,620.0,39.5,7.0,260,1.0,3.63,3.45,32.2,28.1,0.99,38.9
2025-06-23,PANC_010,Nanded Gramin,32.5,32.6,86.2,565.0,-15.5,2.8,10,0.0,6.17,0.48,38.9,24.7,-0.39,31.3
2025-06-23,PANC_101,Sampatchak Gramin,32.5,32.6,86.2,53.0,1.2,0.8,10,0.0,0.93,1.3,33.5,24.9,0.03,33.0
2025-06-23,PANC_102,Bairiya,32.5,32.6,86.2,51.5,-0.3,0.5,90,0.0,0.03,0.52,32.6,24.3,-0.01,32.1
2025-06-23,PANC_103,Kanhauli,32.5,32.6,86.2,54.2,2.4,1.1,180,1.0,0.43,0.09,33.0,26.1,0.06,35.2
2025-06-23,PANC_104,Chipura,32.5,32.6,86.2,50.8,-1.0,0.4,45,0.0,0.2,0.42,32.6,24.3,-0.03,31.8
2025-06-23,PANC_105,Sonagopalpur,32.5,32.6,86.2,52.0,0.2,0.6,85,0.0,0.83,1.41,33.7,24.8,0.01,33.0
2025-06-23,PANC_106,Tarangpur,32.5,32.6,86.2,49.5,-2.3,0.3,5,0.0,0.93,1.3,33.3,25.6,-0.06,32.8
2025-06-24,PANC_001,Wagholi,0.0,24.4,82.8,590.0,9.5,4.2,90,0.0,0.0,0.0,0.0,0.0,0.24,0.0
2025-06-24,PANC_002,Hadapsar Rural,0.0,24.4,82.8,560.0,-20.5,2.1,0,0.0,0.0,0.0,0.0,0.0,-0.51,0.0
2025-06-24,PANC_003,Manjari Khurd,0.0,24.4,82.8,552.0,-28.5,1.8,85,0.0,0.0,0.0,0.0,1.3,-0.71,0.0
2025-06-24,PANC_004,Phursungi,0.0,24.4,82.8,575.0,-5.5,3.5,180,1.0,0.0,0.0,0.0,0.7,-0.14,0.0
2025-06-24,PANC_005,Loni Kalbhor,0.0,24.4,82.8,548.0,-32.5,1.5,95,0.0,0.0,0.0,0.0,0.0,-0.81,0.0
2025-06-24,PANC_006,Uruli Kanchan,0.0,24.4,82.8,540.0,-40.5,1.2,45,0.0,0.0,0.0,0.0,0.0,-1.01,0.0
2025-06-24,PANC_007,Khed Shivapur,0.0,24.4,82.8,645.0,64.5,8.5,245,1.0,0.0,0.0,0.0,0.0,1.61,0.0
2025-06-24,PANC_008,Kondhwa Budruk,0.0,24.4,82.8,610.0,29.5,6.1,225,1.0,0.0,0.0,0.0,0.1,0.74,0.0
2025-06-24,PANC_009,Dhayari,0.0,24.4,82.8,620.0,39.5,7.0,260,1.0,0.0,0.0,0.0,0.0,0.99,0.0
2025-06-24,PANC_010,Nanded Gramin,0.0,24.4,82.8,565.0,-15.5,2.8,10,0.0,0.0,0.0,0.0,0.8,-0.39,0.0
2025-06-24,PANC_101,Sampatchak Gramin,0.0,24.4,82.8,53.0,1.2,0.8,10,0.0,0.0,0.0,0.0,0.0,0.03,0.0
2025-06-24,PANC_102,Bairiya,0.0,24.4,82.8,51.5,-0.3,0.5,90,0.0,0.0,0.0,0.0,0.4,-0.01,0.0
2025-06-24,PANC_103,Kanhauli,0.0,24.4,82.8,54.2,2.4,1.1,180,1.0,0.0,0.0,0.0,0.0,0.06,0.0
2025-06-24,PANC_104,Chipura,0.0,24.4,82.8,50.8,-1.0,0.4,45,0.0,0.0,0.0,0.0,0.2,-0.03,0.0
2025-06-24,PANC_105,Sonagopalpur,0.0,24.4,82.8,52.0,0.2,0.6,85,0.0,0.0,0.0,0.0,0.0,0.01,0.0
2025-06-24,PANC_106,Tarangpur,0.0,24.4,82.8,49.5,-2.3,0.3,5,0.0,0.0,0.0,0.0,0.6,-0.06,0.0
2025-06-25,PANC_001,Wagholi,0.0,29.8,88.2,590.0,9.5,4.2,90,0.0,0.0,0.0,0.0,0.0,0.24,0.0
2025-06-25,PANC_002,Hadapsar Rural,0.0,29.8,88.2,560.0,-20.5,2.1,0,0.0,0.0,0.0,0.0,0.0,-0.51,0.0
2025-06-25,PANC_003,Manjari Khurd,0.0,29.8,88.2,552.0,-28.5,1.8,85,0.0,0.0,0.0,0.0,0.0,-0.71,0.0
2025-06-25,PANC_004,Phursungi,0.0,29.8,88.2,575.0,-5.5,3.5,180,1.0,0.0,0.0,0.0,0.2,-0.14,0.0
2025-06-25,PANC_005,Loni Kalbhor,0.0,29.8,88.2,548.0,-32.5,1.5,95,0.0,0.0,0.0,0.0,0.0,-0.81,0.0
2025-06-25,PANC_006,Uruli Kanchan,0.0,29.8,88.2,540.0,-40.5,1.2,45,0.0,0.0,0.0,0.0,0.0,-1.01,0.0
2025-06-25,PANC_007,Khed Shivapur,0.0,29.8,88.2,645.0,64.5,8.5,245,1.0,0.0,0.0,0.0,0.0,1.61,0.0
2025-06-25,PANC_008,Kondhwa Budruk,0.0,29.8,88.2,610.0,29.5,6.1,225,1.0,0.0,0.0,0.0,0.0,0.74,0.0
2025-06-25,PANC_009,Dhayari,0.0,29.8,88.2,620.0,39.5,7.0,260,1.0,0.0,0.0,0.0,0.0,0.99,0.0
2025-06-25,PANC_010,Nanded Gramin,0.0,29.8,88.2,565.0,-15.5,2.8,10,0.0,0.0,0.0,0.0,1.4,-0.39,0.0
2025-06-25,PANC_101,Sampatchak Gramin,0.0,29.8,88.2,53.0,1.2,0.8,10,0.0,0.0,0.0,0.0,0.5,0.03,0.0
2025-06-25,PANC_102,Bairiya,0.0,29.8,88.2,51.5,-0.3,0.5,90,0.0,0.0,0.0,0.0,0.0,-0.01,0.0
2025-06-25,PANC_103,Kanhauli,0.0,29.8,88.2,54.2,2.4,1.1,180,1.0,0.0,0.0,0.0,0.5,0.06,0.0
2025-06-25,PANC_104,Chipura,0.0,29.8,88.2,50.8,-1.0,0.4,45,0.0,0.0,0.0,0.0,1.1,-0.03,0.0
2025-06-25,PANC_105,Sonagopalpur,0.0,29.8,88.2,52.0,0.2,0.6,85,0.0,0.0,0.0,0.0,0.7,0.01,0.0
2025-06-25,PANC_106,Tarangpur,0.0,29.8,88.2,49.5,-2.3,0.3,5,0.0,0.0,0.0,0.0,0.0,-0.06,0.0
2025-06-26,PANC_001,Wagholi,0.0,26.4,87.0,590.0,9.5,4.2,90,0.0,0.0,0.0,0.0,1.3,0.24,0.0
2025-06-26,PANC_002,Hadapsar Rural,0.0,26.4,87.0,560.0,-20.5,2.1,0,0.0,0.0,0.0,0.0,0.0,-0.51,0.0
2025-06-26,PANC_003,Manjari Khurd,0.0,26.4,87.0,552.0,-28.5,1.8,85,0.0,0.0,0.0,0.0,1.6,-0.71,0.0
2025-06-26,PANC_004,Phursungi,0.0,26.4,87.0,575.0,-5.5,3.5,180,1.0,0.0,0.0,0.0,0.0,-0.14,0.0
2025-06-26,PANC_005,Loni Kalbhor,0.0,26.4,87.0,548.0,-32.5,1.5,95,0.0,0.0,0.0,0.0,1.4,-0.81,0.0
2025-06-26,PANC_006,Uruli Kanchan,0.0,26.4,87.0,540.0,-40.5,1.2,45,0.0,0.0,0.0,0.0,0.0,-1.01,0.0
2025-06-26,PANC_007,Khed Shivapur,0.0,26.4,87.0,645.0,64.5,8.5,245,1.0,0.0,0.0,0.0,0.0,1.61,0.0
2025-06-26,PANC_008,Kondhwa Budruk,0.0,26.4,87.0,610.0,29.5,6.1,225,1.0,0.0,0.0,0.0,0.6,0.74,0.0
2025-06-26,PANC_009,Dhayari,0.0,26.4,87.0,620.0,39.5,7.0,260,1.0,0.0,0.0,0.0,0.1,0.99,0.0
2025-06-26,PANC_010,Nanded Gramin,0.0,26.4,87.0,565.0,-15.5,2.8,10,0.0,0.0,0.0,0.0,0.4,-0.39,0.0
2025-06-26,PANC_101,Sampatchak Gramin,0.0,26.4,87.0,53.0,1.2,0.8,10,0.0,0.0,0.0,0.0,0.0,0.03,0.0
2025-06-26,PANC_102,Bairiya,0.0,26.4,87.0,51.5,-0.3,0.5,90,0.0,0.0,0.0,0.0,1.1,-0.01,0.0
2025-06-26,PANC_103,Kanhauli,0.0,26.4,87.0,54.2,2.4,1.1,180,1.0,0.0,0.0,0.0,0.6,0.06,0.0
2025-06-26,PANC_104,Chipura,0.0,26.4,87.0,50.8,-1.0,0.4,45,0.0,0.0,0.0,0.0,0.3,-0.03,0.0
2025-06-26,PANC_105,Sonagopalpur,0.0,26.4,87.0,52.0,0.2,0.6,85,0.0,0.0,0.0,0.0,0.0,0.01,0.0
2025-06-26,PANC_106,Tarangpur,0.0,26.4,87.0,49.5,-2.3,0.3,5,0.0,0.0,0.0,0.0,0.3,-0.06,0.0
2025-06-27,PANC_001,Wagholi,15.8,27.6,90.3,590.0,9.5,4.2,90,0.0,-1.17,0.74,14.2,10.9,0.24,13.9
2025-06-27,PANC_002,Hadapsar Rural,15.8,27.6,90.3,560.0,-20.5,2.1,0,0.0,1.57,2.67,17.1,10.4,-0.51,15.3
2025-06-27,PANC_003,Manjari Khurd,15.8,27.6,90.3,552.0,-28.5,1.8,85,0.0,0.4,2.33,16.0,9.5,-0.71,13.6
2025-06-27,PANC_004,Phursungi,15.8,27.6,90.3,575.0,-5.5,3.5,180,1.0,-1.17,0.74,14.7,15.0,-0.14,19.4
2025-06-27,PANC_005,Loni Kalbhor,15.8,27.6,90.3,548.0,-32.5,1.5,95,0.0,0.3,2.43,16.1,11.9,-0.81,15.0
2025-06-27,PANC_006,Uruli Kanchan,15.8,27.6,90.3,540.0,-40.5,1.2,45,0.0,0.2,2.47,15.6,11.7,-1.01,14.3
2025-06-27,PANC_007,Khed Shivapur,15.8,27.6,90.3,645.0,64.5,8.5,245,1.0,2.67,3.01,18.9,17.8,1.61,22.4
2025-06-27,PANC_008,Kondhwa Budruk,15.8,27.6,90.3,610.0,29.5,6.1,225,1.0,3.03,2.68,18.6,14.3,0.74,19.1
2025-06-27,PANC_009,Dhayari,15.8,27.6,90.3,620.0,39.5,7.0,260,1.0,2.87,3.24,15.2,16.6,0.99,21.8
2025-06-27,PANC_010,Nanded Gramin,15.8,27.6,90.3,565.0,-15.5,2.8,10,0.0,5.3,1.44,21.7,11.9,-0.39,14.5
2025-06-27,PANC_101,Sampatchak Gramin,15.8,27.6,90.3,53.0,1.2,0.8,10,0.0,0.3,0.85,16.2,10.5,0.03,14.3
2025-06-27,PANC_102,Bairiya,15.8,27.6,90.3,51.5,-0.3,0.5,90,0.0,-0.03,1.11,15.3,11.9,-0.01,15.5
2025-06-27,PANC_103,Kanhauli,15.8,27.6,90.3,54.2,2.4,1.1,180,1.0,-0.2,1.1,15.1,12.7,0.06,17.3
2025-06-27,PANC_104,Chipura,15.8,27.6,90.3,50.8,-1.0,0.4,45,0.0,-0.7,0.57,15.1,11.6,-0.03,16.0
2025-06-27,PANC_105,Sonagopalpur,15.8,27.6,90.3,52.0,0.2,0.6,85,0.0,0.07,1.23,16.1,11.7,0.01,15.5
2025-06-27,PANC_106,Tarangpur,15.8,27.6,90.3,49.5,-2.3,0.3,5,0.0,-0.1,1.23,15.5,12.2,-0.06,17.0
2025-06-28,PANC_001,Wagholi,0.0,29.8,84.6,590.0,9.5,4.2,90,0.0,0.0,0.0,0.0,0.0,0.24,0.0
2025-06-28,PANC_002,Hadapsar Rural,0.0,29.8,84.6,560.0,-20.5,2.1,0,0.0,0.0,0.0,0.0,0.5,-0.51,0.0
2025-06-28,PANC_003,Manjari Khurd,0.0,29.8,84.6,552.0,-28.5,1.8,85,0.0,0.0,0.0,0.0,0.0,-0.71,0.0
2025-06-28,PANC_004,Phursungi,0.0,29.8,84.6,575.0,-5.5,3.5,180,1.0,0.0,0.0,0.0,1.3,-0.14,0.0
2025-06-28,PANC_005,Loni Kalbhor,0.0,29.8,84.6,548.0,-32.5,1.5,95,0.0,0.0,0.0,0.0,0.0,-0.81,0.0
2025-06-28,PANC_006,Uruli Kanchan,0.0,29.8,84.6,540.0,-40.5,1.2,45,0.0,0.0,0.0,0.0,0.2,-1.01,0.0
2025-06-28,PANC_007,Khed Shivapur,0.0,29.8,84.6,645.0,64.5,8.5,245,1.0,0.0,0.0,0.0,0.8,1.61,0.0
2025-06-28,PANC_008,Kondhwa Budruk,0.0,29.8,84.6,610.0,29.5,6.1,225,1.0,0.0,0.0,0.0,0.0,0.74,0.0
2025-06-28,PANC_009,Dhayari,0.0,29.8,84.6,620.0,39.5,7.0,260,1.0,0.0,0.0,0.0,0.3,0.99,0.0
2025-06-28,PANC_010,Nanded Gramin,0.0,29.8,84.6,565.0,-15.5,2.8,10,0.0,0.0,0.0,0.0,1.1,-0.39,0.0
2025-06-28,PANC_101,Sampatchak Gramin,0.0,29.8,84.6,53.0,1.2,0.8,10,0.0,0.0,0.0,0.0,0.5,0.03,0.0
2025-06-28,PANC_102,Bairiya,0.0,29.8,84.6,51.5,-0.3,0.5,90,0.0,0.0,0.0,0.0,0.3,-0.01,0.0
2025-06-28,PANC_103,Kanhauli,0.0,29.8,84.6,54.2,2.4,1.1,180,1.0,0.0,0.0,0.0,0.0,0.06,0.0
2025-06-28,PANC_104,Chipura,0.0,29.8,84.6,50.8,-1.0,0.4,45,0.0,0.0,0.0,0.0,0.0,-0.03,0.0
2025-06-28,PANC_105,Sonagopalpur,0.0,29.8,84.6,52.0,0.2,0.6,85,0.0,0.0,0.0,0.0,0.8,0.01,0.0
2025-06-28,PANC_106,Tarangpur,0.0,29.8,84.6,49.5,-2.3,0.3,5,0.0,0.0,0.0,0.0,0.5,-0.06,0.0
2025-06-29,PANC_001,Wagholi,0.0,27.3,91.9,590.0,9.5,4.2,90,0.0,0.0,0.0,0.0,0.0,0.24,0.0
2025-06-29,PANC_002,Hadapsar Rural,0.0,27.3,91.9,560.0,-20.5,2.1,0,0.0,0.0,0.0,0.0,0.3,-0.51,0.0
2025-06-29,PANC_003,Manjari Khurd,0.0,27.3,91.9,552.0,-28.5,1.8,85,0.0,0.0,0.0,0.0,0.0,-0.71,0.0
2025-06-29,PANC_004,Phursungi,0.0,27.3,91.9,575.0,-5.5,3.5,180,1.0,0.0,0.0,0.0,0.4,-0.14,0.0
2025-06-29,PANC_005,Loni Kalbhor,0.0,27.3,91.9,548.0,-32.5,1.5,95,0.0,0.0,0.0,0.0,0.0,-0.81,0.0
2025-06-29,PANC_006,Uruli Kanchan,0.0,27.3,91.9,540.0,-40.5,1.2,45,0.0,0.0,0.0,0.0,0.0,-1.01,0.0
2025-06-29,PANC_007,Khed Shivapur,0.0,27.3,91.9,645.0,64.5,8.5,245,1.0,0.0,0.0,0.0,0.0,1.61,0.0
2025-06-29,PANC_008,Kondhwa Budruk,0.0,27.3,91.9,610.0,29.5,6.1,225,1.0,0.0,0.0,0.0,0.0,0.74,0.0
2025-06-29,PANC_009,Dhayari,0.0,27.3,91.9,620.0,39.5,7.0,260,1.0,0.0,0.0,0.0,0.8,0.99,0.0
2025-06-29,PANC_010,Nanded Gramin,0.0,27.3,91.9,565.0,-15.5,2.8,10,0.0,0.0,0.0,0.0,0.0,-0.39,0.0
2025-06-29,PANC_101,Sampatchak Gramin,0.0,27.3,91.9,53.0,1.2,0.8,10,0.0,0.0,0.0,0.0,0.0,0.03,0.0
2025-06-29,PANC_102,Bairiya,0.0,27.3,91.9,51.5,-0.3,0.5,90,0.0,0.0,0.0,0.0,0.3,-0.01,0.0
2025-06-29,PANC_103,Kanhauli,0.0,27.3,91.9,54.2,2.4,1.1,180,1.0,0.0,0.0,0.0,1.2,0.06,0.0
2025-06-29,PANC_104,Chipura,0.0,27.3,91.9,50.8,-1.0,0.4,45,0.0,0.0,0.0,0.0,0.6,-0.03,0.0
2025-06-29,PANC_105,Sonagopalpur,0.0,27.3,91.9,52.0,0.2,0.6,85,0.0,0.0,0.0,0.0,0.0,0.01,0.0
2025-06-29,PANC_106,Tarangpur,0.0,27.3,91.9,49.5,-2.3,0.3,5,0.0,0.0,0.0,0.0,0.0,-0.06,0.0
2025-06-30,PANC_001,Wagholi,29.8,25.6,94.2,590.0,9.5,4.2,90,0.0,-1.23,0.53,28.3,22.6,0.24,30.4
2025-06-30,PANC_002,Hadapsar Rural,29.8,25.6,94.2,560.0,-20.5,2.1,0,0.0,2.6,3.18,32.0,21.7,-0.51,29.2
2025-06-30,PANC_003,Manjari Khurd,29.8,25.6,94.2,552.0,-28.5,1.8,85,0.0,1.57,2.27,31.1,21.5,-0.71,27.9
2025-06-30,PANC_004,Phursungi,29.8,25.6,94.2,575.0,-5.5,3.5,180,1.0,-1.23,0.53,28.7,26.5,-0.14,34.5
2025-06-30,PANC_005,Loni Kalbhor,29.8,25.6,94.2,548.0,-32.5,1.5,95,0.0,0.73,2.85,30.7,20.9,-0.81,28.6
2025-06-30,PANC_006,Uruli Kanchan,29.8,25.6,94.2,540.0,-40.5,1.2,45,0.0,0.53,2.96,29.7,21.5,-1.01,27.8
2025-06-30,PANC_007,Khed Shivapur,29.8,25.6,94.2,645.0,64.5,8.5,245,1.0,3.57,2.03,33.6,26.3,1.61,35.6
2025-06-30,PANC_008,Kondhwa Budruk,29.8,25.6,94.2,610.0,29.5,6.1,225,1.0,3.03,2.57,32.7,27.6,0.74,34.8
2025-06-30,PANC_009,Dhayari,29.8,25.6,94.2,620.0,39.5,7.0,260,1.0,3.83,2.24,31.1,25.4,0.99,34.8
2025-06-30,PANC_010,Nanded Gramin,29.8,25.6,94.2,565.0,-15.5,2.8,10,0.0,5.27,0.38,34.8,23.1,-0.39,30.5
2025-06-30,PANC_101,Sampatchak Gramin,29.8,25.6,94.2,53.0,1.2,0.8,10,0.0,0.8,2.3,31.0,22.0,0.03,30.2
2025-06-30,PANC_102,Bairiya,29.8,25.6,94.2,51.5,-0.3,0.5,90,0.0,0.67,0.31,30.4,23.9,-0.01,29.5
2025-06-30,PANC_103,Kanhauli,29.8,25.6,94.2,54.2,2.4,1.1,180,1.0,0.07,1.01,29.7,24.4,0.06,33.8
2025-06-30,PANC_104,Chipura,29.8,25.6,94.2,50.8,-1.0,0.4,45,0.0,-0.4,0.7,29.4,23.1,-0.03,30.3
2025-06-30,PANC_105,Sonagopalpur,29.8,25.6,94.2,52.0,0.2,0.6,85,0.0,1.63,1.67,31.8,20.8,0.01,28.5
2025-06-30,PANC_106,Tarangpur,29.8,25.6,94.2,49.5,-2.3,0.3,5,0.0,1.37,1.88,30.9,22.9,-0.06,30.9
2025-07-01,PANC_001,Wagholi,27.9,31.1,93.1,590.0,9.5,4.2,90,0.0,-0.23,0.54,28.0,19.1,0.24,26.7
2025-07-01,PANC_002,Hadapsar Rural,27.9,31.1,93.1,560.0,-20.5,2.1,0,0.0,1.97,1.37,29.5,20.1,-0.51,27.5
2025-07-01,PANC_003,Manjari Khurd,27.9,31.1,93.1,552.0,-28.5,1.8,85,0.0,0.0,1.18,27.8,20.8,-0.71,28.4
2025-07-01,PANC_004,Phursungi,27.9,31.1,93.1,575.0,-5.5,3.5,180,1.0,-0.23,0.54,27.7,22.0,-0.14,29.5
2025-07-01,PANC_005,Loni Kalbhor,27.9,31.1,93.1,548.0,-32.5,1.5,95,0.0,0.57,0.82,28.7,19.7,-0.81,27.1
2025-07-01,PANC_006,Uruli Kanchan,27.9,31.1,93.1,540.0,-40.5,1.2,45,0.0,0.43,0.98,28.0,19.9,-1.01,26.5
2025-07-01,PANC_007,Khed Shivapur,27.9,31.1,93.1,645.0,64.5,8.5,245,1.0,1.57,2.88,29.8,25.1,1.61,34.1
2025-07-01,PANC_008,Kondhwa Budruk,27.9,31.1,93.1,610.0,29.5,6.1,225,1.0,1.53,1.55,29.3,24.3,0.74,31.7
2025-07-01,PANC_009,Dhayari,27.9,31.1,93.1,620.0,39.5,7.0,260,1.0,2.5,3.67,26.3,24.3,0.99,31.3
2025-07-01,PANC_010,Nanded Gramin,27.9,31.1,93.1,565.0,-15.5,2.8,10,0.0,4.47,1.24,31.4,19.1,-0.39,25.4
2025-07-01,PANC_101,Sampatchak Gramin,27.9,31.1,93.1,53.0,1.2,0.8,10,0.0,1.13,2.25,29.6,22.0,0.03,28.9
2025-07-01,PANC_102,Bairiya,27.9,31.1,93.1,51.5,-0.3,0.5,90,0.0,0.3,0.67,28.3,23.4,-0.01,29.0
2025-07-01,PANC_103,Kanhauli,27.9,31.1,93.1,54.2,2.4,1.1,180,1.0,-0.03,1.13,27.9,22.9,0.06,31.8
2025-07-01,PANC_104,Chipura,27.9,31.1,93.1,50.8,-1.0,0.4,45,0.0,0.17,1.25,28.2,19.5,-0.03,27.3
2025-07-01,PANC_105,Sonagopalpur,27.9,31.1,93.1,52.0,0.2,0.6,85,0.0,1.43,1.86,29.8,20.3,0.01,26.3
2025-07-01,PANC_106,Tarangpur,27.9,31.1,93.1,49.5,-2.3,0.3,5,0.0,2.0,1.34,29.7,22.9,-0.06,28.4
2025-07-02,PANC_001,Wagholi,0.0,26.2,84.7,590.0,9.5,4.2,90,0.0,0.0,0.0,0.0,0.0,0.24,0.0
2025-07-02,PANC_002,Hadapsar Rural,0.0,26.2,84.7,560.0,-20.5,2.1,0,0.0,0.0,0.0,0.0,0.0,-0.51,0.0
2025-07-02,PANC_003,Manjari Khurd,0.0,26.2,84.7,552.0,-28.5,1.8,85,0.0,0.0,0.0,0.0,1.7,-0.71,0.0
2025-07-02,PANC_004,Phursungi,0.0,26.2,84.7,575.0,-5.5,3.5,180,1.0,0.0,0.0,0.0,0.0,-0.14,0.0
2025-07-02,PANC_005,Loni Kalbhor,0.0,26.2,84.7,548.0,-32.5,1.5,95,0.0,0.0,0.0,0.0,0.7,-0.81,0.0
2025-07-02,PANC_006,Uruli Kanchan,0.0,26.2,84.7,540.0,-40.5,1.2,45,0.0,0.0,0.0,0.0,0.0,-1.01,0.0
2025-07-02,PANC_007,Khed Shivapur,0.0,26.2,84.7,645.0,64.5,8.5,245,1.0,0.0,0.0,0.0,0.2,1.61,0.0
2025-07-02,PANC_008,Kondhwa Budruk,0.0,26.2,84.7,610.0,29.5,6.1,225,1.0,0.0,0.0,0.0,0.0,0.74,0.0
2025-07-02,PANC_009,Dhayari,0.0,26.2,84.7,620.0,39.5,7.0,260,1.0,0.0,0.0,0.0,0.0,0.99,0.0
2025-07-02,PANC_010,Nanded Gramin,0.0,26.2,84.7,565.0,-15.5,2.8,10,0.0,0.0,0.0,0.0,0.4,-0.39,0.0
2025-07-02,PANC_101,Sampatchak Gramin,0.0,26.2,84.7,53.0,1.2,0.8,10,0.0,0.0,0.0,0.0,0.0,0.03,0.0
2025-07-02,PANC_102,Bairiya,0.0,26.2,84.7,51.5,-0.3,0.5,90,0.0,0.0,0.0,0.0,0.9,-0.01,0.0
2025-07-02,PANC_103,Kanhauli,0.0,26.2,84.7,54.2,2.4,1.1,180,1.0,0.0,0.0,0.0,0.5,0.06,0.0
2025-07-02,PANC_104,Chipura,0.0,26.2,84.7,50.8,-1.0,0.4,45,0.0,0.0,0.0,0.0,0.5,-0.03,0.0
2025-07-02,PANC_105,Sonagopalpur,0.0,26.2,84.7,52.0,0.2,0.6,85,0.0,0.0,0.0,0.0,0.0,0.01,0.0
2025-07-02,PANC_106,Tarangpur,0.0,26.2,84.7,49.5,-2.3,0.3,5,0.0,0.0,0.0,0.0,0.0,-0.06,0.0
2025-07-03,PANC_001,Wagholi,29.5,25.8,85.3,590.0,9.5,4.2,90,0.0,-1.03,0.26,28.6,22.7,0.24,30.0
2025-07-03,PANC_002,Hadapsar Rural,29.5,25.8,85.3,560.0,-20.5,2.1,0,0.0,2.33,2.7,32.1,21.7,-0.51,28.6
2025-07-03,PANC_003,Manjari Khurd,29.5,25.8,85.3,552.0,-28.5,1.8,85,0.0,1.8,2.89,30.9,20.9,-0.71,28.7
2025-07-03,PANC_004,Phursungi,29.5,25.8,85.3,575.0,-5.5,3.5,180,1.0,-1.03,0.26,28.5,26.9,-0.14,35.3
2025-07-03,PANC_005,Loni Kalbhor,29.5,25.8,85.3,548.0,-32.5,1.5,95,0.0,1.37,3.14,31.2,20.0,-0.81,28.1
2025-07-03,PANC_006,Uruli Kanchan,29.5,25.8,85.3,540.0,-40.5,1.2,45,0.0,1.2,3.26,29.9,19.8,-1.01,27.4
2025-07-03,PANC_007,Khed Shivapur,29.5,25.8,85.3,645.0,64.5,8.5,245,1.0,2.0,2.37,31.9,27.2,1.61,35.8
2025-07-03,PANC_008,Kondhwa Budruk,29.5,25.8,85.3,610.0,29.5,6.1,225,1.0,3.27,2.97,32.6,23.1,0.74,31.5
2025-07-03,PANC_009,Dhayari,29.5,25.8,85.3,620.0,39.5,7.0,260,1.0,2.47,2.96,29.2,25.7,0.99,34.4
2025-07-03,PANC_010,Nanded Gramin,29.5,25.8,85.3,565.0,-15.5,2.8,10,0.0,4.4,1.79,34.3,21.0,-0.39,28.6
2025-07-03,PANC_101,Sampatchak Gramin,29.5,25.8,85.3,53.0,1.2,0.8,10,0.0,1.17,1.78,31.0,21.0,0.03,28.5
2025-07-03,PANC_102,Bairiya,29.5,25.8,85.3,51.5,-0.3,0.5,90,0.0,-1.93,0.82,27.9,22.2,-0.01,30.0
2025-07-03,PANC_103,Kanhauli,29.5,25.8,85.3,54.2,2.4,1.1,180,1.0,-1.53,1.05,28.4,24.3,0.06,33.1
2025-07-03,PANC_104,Chipura,29.5,25.8,85.3,50.8,-1.0,0.4,45,0.0,-0.37,0.63,29.2,21.0,-0.03,27.7
2025-07-03,PANC_105,Sonagopalpur,29.5,25.8,85.3,52.0,0.2,0.6,85,0.0,0.27,2.38,30.4,21.2,0.01,28.9
2025-07-03,PANC_106,Tarangpur,29.5,25.8,85.3,49.5,-2.3,0.3,5,0.0,1.03,1.92,30.2,19.9,-0.06,26.5
2025-07-04,PANC_001,Wagholi,0.0,26.2,87.2,590.0,9.5,4.2,90,0.0,0.0,0.0,0.0,0.0,0.24,0.0
2025-07-04,PANC_002,Hadapsar Rural,0.0,26.2,87.2,560.0,-20.5,2.1,0,0.0,0.0,0.0,0.0,0.0,-0.51,0.0
2025-07-04,PANC_003,Manjari Khurd,0.0,26.2,87.2,552.0,-28.5,1.8,85,0.0,0.0,0.0,0.0,0.0,-0.71,0.0
2025-07-04,PANC_004,Phursungi,0.0,26.2,87.2,575.0,-5.5,3.5,180,1.0,0.0,0.0,0.0,0.0,-0.14,0.0
2025-07-04,PANC_005,Loni Kalbhor,0.0,26.2,87.2,548.0,-32.5,1.5,95,0.0,0.0,0.0,0.0,0.0,-0.81,0.0
2025-07-04,PANC_006,Uruli Kanchan,0.0,26.2,87.2,540.0,-40.5,1.2,45,0.0,0.0,0.0,0.0,0.2,-1.01,0.0
2025-07-04,PANC_007,Khed Shivapur,0.0,26.2,87.2,645.0,64.5,8.5,245,1.0,0.0,0.0,0.0,0.2,1.61,0.0
2025-07-04,PANC_008,Kondhwa Budruk,0.0,26.2,87.2,610.0,29.5,6.1,225,1.0,0.0,0.0,0.0,0.9,0.74,0.0
2025-07-04,PANC_009,Dhayari,0.0,26.2,87.2,620.0,39.5,7.0,260,1.0,0.0,0.0,0.0,0.0,0.99,0.0
2025-07-04,PANC_010,Nanded Gramin,0.0,26.2,87.2,565.0,-15.5,2.8,10,0.0,0.0,0.0,0.0,0.0,-0.39,0.0
2025-07-04,PANC_101,Sampatchak Gramin,0.0,26.2,87.2,53.0,1.2,0.8,10,0.0,0.0,0.0,0.0,0.0,0.03,0.0
2025-07-04,PANC_102,Bairiya,0.0,26.2,87.2,51.5,-0.3,0.5,90,0.0,0.0,0.0,0.0,0.0,-0.01,0.0
2025-07-04,PANC_103,Kanhauli,0.0,26.2,87.2,54.2,2.4,1.1,180,1.0,0.0,0.0,0.0,0.7,0.06,0.0
2025-07-04,PANC_104,Chipura,0.0,26.2,87.2,50.8,-1.0,0.4,45,0.0,0.0,0.0,0.0,1.1,-0.03,0.0
2025-07-04,PANC_105,Sonagopalpur,0.0,26.2,87.2,52.0,0.2,0.6,85,0.0,0.0,0.0,0.0,1.0,0.01,0.0
2025-07-04,PANC_106,Tarangpur,0.0,26.2,87.2,49.5,-2.3,0.3,5,0.0,0.0,0.0,0.0,0.2,-0.06,0.0
2025-07-05,PANC_001,Wagholi,35.1,25.0,85.3,590.0,9.5,4.2,90,0.0,-0.37,0.97,34.5,26.0,0.24,35.5
2025-07-05,PANC_002,Hadapsar Rural,35.1,25.0,85.3,560.0,-20.5,2.1,0,0.0,2.67,2.9,37.1,27.8,-0.51,36.1
2025-07-05,PANC_003,Manjari Khurd,35.1,25.0,85.3,552.0,-28.5,1.8,85,0.0,1.6,1.3,36.6,25.9,-0.71,33.9
2025-07-05,PANC_004,Phursungi,35.1,25.0,85.3,575.0,-5.5,3.5,180,1.0,-0.37,0.97,35.0,29.9,-0.14,38.5
2025-07-05,PANC_005,Loni Kalbhor,35.1,25.0,85.3,548.0,-32.5,1.5,95,0.0,1.07,1.88,36.1,24.6,-0.81,34.2
2025-07-05,PANC_006,Uruli Kanchan,35.1,25.0,85.3,540.0,-40.5,1.2,45,0.0,0.43,2.1,35.1,24.5,-1.01,33.2
2025-07-05,PANC_007,Khed Shivapur,35.1,25.0,85.3,645.0,64.5,8.5,245,1.0,2.6,3.28,38.0,30.3,1.61,40.1
2025-07-05,PANC_008,Kondhwa Budruk,35.1,25.0,85.3,610.0,29.5,6.1,225,1.0,2.77,1.27,37.8,29.9,0.74,40.9
2025-07-05,PANC_009,Dhayari,35.1,25.0,85.3,620.0,39.5,7.0,260,1.0,2.97,3.46,34.1,29.8,0.99,39.0
2025-07-05,PANC_010,Nanded Gramin,35.1,25.0,85.3,565.0,-15.5,2.8,10,0.0,4.9,0.78,39.1,25.9,-0.39,33.2
2025-07-05,PANC_101,Sampatchak Gramin,35.1,25.0,85.3,53.0,1.2,0.8,10,0.0,1.5,1.18,36.8,26.4,0.03,35.8
2025-07-05,PANC_102,Bairiya,35.1,25.0,85.3,51.5,-0.3,0.5,90,0.0,-0.2,0.65,35.2,27.2,-0.01,36.2
2025-07-05,PANC_103,Kanhauli,35.1,25.0,85.3,54.2,2.4,1.1,180,1.0,0.07,0.63,35.4,29.8,0.06,38.2
2025-07-05,PANC_104,Chipura,35.1,25.0,85.3,50.8,-1.0,0.4,45,0.0,0.7,0.33,35.9,27.4,-0.03,34.6
2025-07-05,PANC_105,Sonagopalpur,35.1,25.0,85.3,52.0,0.2,0.6,85,0.0,1.1,1.5,36.6,27.1,0.01,35.4
2025-07-05,PANC_106,Tarangpur,35.1,25.0,85.3,49.5,-2.3,0.3,5,0.0,1.63,1.05,36.6,26.2,-0.06,34.3
2025-07-06,PANC_001,Wagholi,0.0,27.1,80.8,590.0,9.5,4.2,90,0.0,0.0,0.0,0.0,0.2,0.24,0.0
2025-07-06,PANC_002,Hadapsar Rural,0.0,27.1,80.8,560.0,-20.5,2.1,0,0.0,0.0,0.0,0.0,2.1,-0.51,0.0
2025-07-06,PANC_003,Manjari Khurd,0.0,27.1,80.8,552.0,-28.5,1.8,85,0.0,0.0,0.0,0.0,0.5,-0.71,0.0
2025-07-06,PANC_004,Phursungi,0.0,27.1,80.8,575.0,-5.5,3.5,180,1.0,0.0,0.0,0.0,0.0,-0.14,0.0
2025-07-06,PANC_005,Loni Kalbhor,0.0,27.1,80.8,548.0,-32.5,1.5,95,0.0,0.0,0.0,0.0,0.6,-0.81,0.0
2025-07-06,PANC_006,Uruli Kanchan,0.0,27.1,80.8,540.0,-40.5,1.2,45,0.0,0.0,0.0,0.0,0.3,-1.01,0.0
2025-07-06,PANC_007,Khed Shivapur,0.0,27.1,80.8,645.0,64.5,8.5,245,1.0,0.0,0.0,0.0,1.0,1.61,0.0
2025-07-06,PANC_008,Kondhwa Budruk,0.0,27.1,80.8,610.0,29.5,6.1,225,1.0,0.0,0.0,0.0,0.5,0.74,0.0
2025-07-06,PANC_009,Dhayari,0.0,27.1,80.8,620.0,39.5,7.0,260,1.0,0.0,0.0,0.0,0.0,0.99,0.0
2025-07-06,PANC_010,Nanded Gramin,0.0,27.1,80.8,565.0,-15.5,2.8,10,0.0,0.0,0.0,0.0,0.0,-0.39,0.0
2025-07-06,PANC_101,Sampatchak Gramin,0.0,27.1,80.8,53.0,1.2,0.8,10,0.0,0.0,0.0,0.0,0.0,0.03,0.0
2025-07-06,PANC_102,Bairiya,0.0,27.1,80.8,51.5,-0.3,0.5,90,0.0,0.0,0.0,0.0,0.0,-0.01,0.0
2025-07-06,PANC_103,Kanhauli,0.0,27.1,80.8,54.2,2.4,1.1,180,1.0,0.0,0.0,0.0,0.0,0.06,0.0
2025-07-06,PANC_104,Chipura,0.0,27.1,80.8,50.8,-1.0,0.4,45,0.0,0.0,0.0,0.0,0.5,-0.03,0.0
2025-07-06,PANC_105,Sonagopalpur,0.0,27.1,80.8,52.0,0.2,0.6,85,0.0,0.0,0.0,0.0,1.3,0.01,0.0
2025-07-06,PANC_106,Tarangpur,0.0,27.1,80.8,49.5,-2.3,0.3,5,0.0,0.0,0.0,0.0,0.3,-0.06,0.0
2025-07-07,PANC_001,Wagholi,13.0,25.2,84.3,590.0,9.5,4.2,90,0.0,-0.83,0.5,12.3,11.0,0.24,13.3
2025-07-07,PANC_002,Hadapsar Rural,13.0,25.2,84.3,560.0,-20.5,2.1,0,0.0,2.73,2.31,15.2,8.2,-0.51,11.5
2025-07-07,PANC_003,Manjari Khurd,13.0,25.2,84.3,552.0,-28.5,1.8,85,0.0,0.67,1.94,13.4,11.6,-0.71,12.7
2025-07-07,PANC_004,Phursungi,13.0,25.2,84.3,575.0,-5.5,3.5,180,1.0,-0.83,0.5,12.0,11.7,-0.14,16.2
2025-07-07,PANC_005,Loni Kalbhor,13.0,25.2,84.3,548.0,-32.5,1.5,95,0.0,0.47,1.99,13.8,9.4,-0.81,12.3
2025-07-07,PANC_006,Uruli Kanchan,13.0,25.2,84.3,540.0,-40.5,1.2,45,0.0,0.73,1.75,13.3,9.3,-1.01,10.7
2025-07-07,PANC_007,Khed Shivapur,13.0,25.2,84.3,645.0,64.5,8.5,245,1.0,3.67,1.77,16.8,15.3,1.61,18.3
2025-07-07,PANC_008,Kondhwa Budruk,13.0,25.2,84.3,610.0,29.5,6.1,225,1.0,2.07,2.58,14.9,15.4,0.74,18.3
2025-07-07,PANC_009,Dhayari,13.0,25.2,84.3,620.0,39.5,7.0,260,1.0,3.93,1.93,14.7,14.1,0.99,17.5
2025-07-07,PANC_010,Nanded Gramin,13.0,25.2,84.3,565.0,-15.5,2.8,10,0.0,5.03,0.38,17.6,11.5,-0.39,14.2
2025-07-07,PANC_101,Sampatchak Gramin,13.0,25.2,84.3,53.0,1.2,0.8,10,0.0,0.97,2.63,14.5,9.9,0.03,12.6
2025-07-07,PANC_102,Bairiya,13.0,25.2,84.3,51.5,-0.3,0.5,90,0.0,-1.17,0.54,12.1,10.5,-0.01,13.2
2025-07-07,PANC_103,Kanhauli,13.0,25.2,84.3,54.2,2.4,1.1,180,1.0,-1.27,0.62,11.9,12.7,0.06,17.5
2025-07-07,PANC_104,Chipura,13.0,25.2,84.3,50.8,-1.0,0.4,45,0.0,-0.67,0.84,12.5,8.0,-0.03,11.5
2025-07-07,PANC_105,Sonagopalpur,13.0,25.2,84.3,52.0,0.2,0.6,85,0.0,0.87,2.61,14.5,8.4,0.01,11.2
2025-07-07,PANC_106,Tarangpur,13.0,25.2,84.3,49.5,-2.3,0.3,5,0.0,1.43,2.18,14.1,8.4,-0.06,11.4
2025-07-08,PANC_001,Wagholi,0.0,26.9,89.7,590.0,9.5,4.2,90,0.0,0.0,0.0,0.0,0.0,0.24,0.0
2025-07-08,PANC_002,Hadapsar Rural,0.0,26.9,89.7,560.0,-20.5,2.1,0,0.0,0.0,0.0,0.0,0.0,-0.51,0.0
2025-07-08,PANC_003,Manjari Khurd,0.0,26.9,89.7,552.0,-28.5,1.8,85,0.0,0.0,0.0,0.0,0.0,-0.71,0.0
2025-07-08,PANC_004,Phursungi,0.0,26.9,89.7,575.0,-5.5,3.5,180,1.0,0.0,0.0,0.0,0.2,-0.14,0.0
2025-07-08,PANC_005,Loni Kalbhor,0.0,26.9,89.7,548.0,-32.5,1.5,95,0.0,0.0,0.0,0.0,0.0,-0.81,0.0
2025-07-08,PANC_006,Uruli Kanchan,0.0,26.9,89.7,540.0,-40.5,1.2,45,0.0,0.0,0.0,0.0,0.0,-1.01,0.0
2025-07-08,PANC_007,Khed Shivapur,0.0,26.9,89.7,645.0,64.5,8.5,245,1.0,0.0,0.0,0.0,0.0,1.61,0.0
2025-07-08,PANC_008,Kondhwa Budruk,0.0,26.9,89.7,610.0,29.5,6.1,225,1.0,0.0,0.0,0.0,0.7,0.74,0.0
2025-07-08,PANC_009,Dhayari,0.0,26.9,89.7,620.0,39.5,7.0,260,1.0,0.0,0.0,0.0,0.6,0.99,0.0
2025-07-08,PANC_010,Nanded Gramin,0.0,26.9,89.7,565.0,-15.5,2.8,10,0.0,0.0,0.0,0.0,0.3,-0.39,0.0
2025-07-08,PANC_101,Sampatchak Gramin,0.0,26.9,89.7,53.0,1.2,0.8,10,0.0,0.0,0.0,0.0,0.0,0.03,0.0
2025-07-08,PANC_102,Bairiya,0.0,26.9,89.7,51.5,-0.3,0.5,90,0.0,0.0,0.0,0.0,0.3,-0.01,0.0
2025-07-08,PANC_103,Kanhauli,0.0,26.9,89.7,54.2,2.4,1.1,180,1.0,0.0,0.0,0.0,0.0,0.06,0.0
2025-07-08,PANC_104,Chipura,0.0,26.9,89.7,50.8,-1.0,0.4,45,0.0,0.0,0.0,0.0,0.3,-0.03,0.0
2025-07-08,PANC_105,Sonagopalpur,0.0,26.9,89.7,52.0,0.2,0.6,85,0.0,0.0,0.0,0.0,0.1,0.01,0.0
2025-07-08,PANC_106,Tarangpur,0.0,26.9,89.7,49.5,-2.3,0.3,5,0.0,0.0,0.0,0.0,0.0,-0.06,0.0
2025-07-09,PANC_001,Wagholi,9.1,25.9,80.4,590.0,9.5,4.2,90,0.0,-0.53,1.03,8.3,5.9,0.24,9.1
2025-07-09,PANC_002,Hadapsar Rural,9.1,25.9,80.4,560.0,-20.5,2.1,0,0.0,1.77,2.31,10.6,8.0,-0.51,10.0
2025-07-09,PANC_003,Manjari Khurd,9.1,25.9,80.4,552.0,-28.5,1.8,85,0.0,1.4,1.39,10.4,4.6,-0.71,7.6
2025-07-09,PANC_004,Phursungi,9.1,25.9,80.4,575.0,-5.5,3.5,180,1.0,-0.53,1.03,8.9,11.2,-0.14,12.4
2025-07-09,PANC_005,Loni Kalbhor,9.1,25.9,80.4,548.0,-32.5,1.5,95,0.0,0.9,1.96,9.9,6.1,-0.81,8.1
2025-07-09,PANC_006,Uruli Kanchan,9.1,25.9,80.4,540.0,-40.5,1.2,45,0.0,0.27,2.15,8.9,5.2,-1.01,6.6
2025-07-09,PANC_007,Khed Shivapur,9.1,25.9,80.4,645.0,64.5,8.5,245,1.0,2.7,2.36,12.1,9.2,1.61,13.1
2025-07-09,PANC_008,Kondhwa Budruk,9.1,25.9,80.4,610.0,29.5,6.1,225,1.0,3.1,1.72,12.1,9.2,0.74,12.6
2025-07-09,PANC_009,Dhayari,9.1,25.9,80.4,620.0,39.5,7.0,260,1.0,2.33,2.01,9.1,10.3,0.99,14.2
2025-07-09,PANC_010,Nanded Gramin,9.1,25.9,80.4,565.0,-15.5,2.8,10,0.0,4.2,0.67,14.1,6.0,-0.39,8.6
2025-07-09,PANC_101,Sampatchak Gramin,9.1,25.9,80.4,53.0,1.2,0.8,10,0.0,1.5,1.45,10.7,7.9,0.03,9.8
2025-07-09,PANC_102,Bairiya,9.1,25.9,80.4,51.5,-0.3,0.5,90,0.0,-0.3,0.73,9.1,6.5,-0.01,9.2
2025-07-09,PANC_103,Kanhauli,9.1,25.9,80.4,54.2,2.4,1.1,180,1.0,0.2,0.85,9.6,10.3,0.06,12.6
2025-07-09,PANC_104,Chipura,9.1,25.9,80.4,50.8,-1.0,0.4,45,0.0,0.57,0.34,9.6,8.5,-0.03,8.5
2025-07-09,PANC_105,Sonagopalpur,9.1,25.9,80.4,52.0,0.2,0.6,85,0.0,1.2,1.71,10.7,7.3,0.01,10.0
2025-07-09,PANC_106,Tarangpur,9.1,25.9,80.4,49.5,-2.3,0.3,5,0.0,1.43,1.48,10.3,6.2,-0.06,8.1
2025-07-10,PANC_001,Wagholi,0.0,25.9,85.4,590.0,9.5,4.2,90,0.0,0.0,0.0,0.0,0.0,0.24,0.0
2025-07-10,PANC_002,Hadapsar Rural,0.0,25.9,85.4,560.0,-20.5,2.1,0,0.0,0.0,0.0,0.0,0.0,-0.51,0.0
2025-07-10,PANC_003,Manjari Khurd,0.0,25.9,85.4,552.0,-28.5,1.8,85,0.0,0.0,0.0,0.0,0.8,-0.71,0.0
2025-07-10,PANC_004,Phursungi,0.0,25.9,85.4,575.0,-5.5,3.5,180,1.0,0.0,0.0,0.0,0.4,-0.14,0.0
2025-07-10,PANC_005,Loni Kalbhor,0.0,25.9,85.4,548.0,-32.5,1.5,95,0.0,0.0,0.0,0.0,1.0,-0.81,0.0
2025-07-10,PANC_006,Uruli Kanchan,0.0,25.9,85.4,540.0,-40.5,1.2,45,0.0,0.0,0.0,0.0,0.0,-1.01,0.0
2025-07-10,PANC_007,Khed Shivapur,0.0,25.9,85.4,645.0,64.5,8.5,245,1.0,0.0,0.0,0.0,0.0,1.61,0.0
2025-07-10,PANC_008,Kondhwa Budruk,0.0,25.9,85.4,610.0,29.5,6.1,225,1.0,0.0,0.0,0.0,0.2,0.74,0.0
2025-07-10,PANC_009,Dhayari,0.0,25.9,85.4,620.0,39.5,7.0,260,1.0,0.0,0.0,0.0,0.3,0.99,0.0
2025-07-10,PANC_010,Nanded Gramin,0.0,25.9,85.4,565.0,-15.5,2.8,10,0.0,0.0,0.0,0.0,1.1,-0.39,0.0
2025-07-10,PANC_101,Sampatchak Gramin,0.0,25.9,85.4,53.0,1.2,0.8,10,0.0,0.0,0.0,0.0,1.0,0.03,0.0
2025-07-10,PANC_102,Bairiya,0.0,25.9,85.4,51.5,-0.3,0.5,90,0.0,0.0,0.0,0.0,0.4,-0.01,0.0
2025-07-10,PANC_103,Kanhauli,0.0,25.9,85.4,54.2,2.4,1.1,180,1.0,0.0,0.0,0.0,0.6,0.06,0.0
2025-07-10,PANC_104,Chipura,0.0,25.9,85.4,50.8,-1.0,0.4,45,0.0,0.0,0.0,0.0,0.0,-0.03,0.0
2025-07-10,PANC_105,Sonagopalpur,0.0,25.9,85.4,52.0,0.2,0.6,85,0.0,0.0,0.0,0.0,0.0,0.01,0.0
2025-07-10,PANC_106,Tarangpur,0.0,25.9,85.4,49.5,-2.3,0.3,5,0.0,0.0,0.0,0.0,0.1,-0.06,0.0
2025-07-11,PANC_001,Wagholi,0.0,26.4,90.1,590.0,9.5,4.2,90,0.0,0.0,0.0,0.0,1.0,0.24,0.0
2025-07-11,PANC_002,Hadapsar Rural,0.0,26.4,90.1,560.0,-20.5,2.1,0,0.0,0.0,0.0,0.0,0.0,-0.51,0.0
2025-07-11,PANC_003,Manjari Khurd,0.0,26.4,90.1,552.0,-28.5,1.8,85,0.0,0.0,0.0,0.0,0.0,-0.71,0.0
2025-07-11,PANC_004,Phursungi,0.0,26.4,90.1,575.0,-5.5,3.5,180,1.0,0.0,0.0,0.0,0.0,-0.14,0.0
2025-07-11,PANC_005,Loni Kalbhor,0.0,26.4,90.1,548.0,-32.5,1.5,95,0.0,0.0,0.0,0.0,0.7,-0.81,0.0
2025-07-11,PANC_006,Uruli Kanchan,0.0,26.4,90.1,540.0,-40.5,1.2,45,0.0,0.0,0.0,0.0,0.4,-1.01,0.0
2025-07-11,PANC_007,Khed Shivapur,0.0,26.4,90.1,645.0,64.5,8.5,245,1.0,0.0,0.0,0.0,0.0,1.61,0.0
2025-07-11,PANC_008,Kondhwa Budruk,0.0,26.4,90.1,610.0,29.5,6.1,225,1.0,0.0,0.0,0.0,0.0,0.74,0.0
2025-07-11,PANC_009,Dhayari,0.0,26.4,90.1,620.0,39.5,7.0,260,1.0,0.0,0.0,0.0,0.0,0.99,0.0
2025-07-11,PANC_010,Nanded Gramin,0.0,26.4,90.1,565.0,-15.5,2.8,10,0.0,0.0,0.0,0.0,0.0,-0.39,0.0
2025-07-11,PANC_101,Sampatchak Gramin,0.0,26.4,90.1,53.0,1.2,0.8,10,0.0,0.0,0.0,0.0,1.3,0.03,0.0
2025-07-11,PANC_102,Bairiya,0.0,26.4,90.1,51.5,-0.3,0.5,90,0.0,0.0,0.0,0.0,0.0,-0.01,0.0
2025-07-11,PANC_103,Kanhauli,0.0,26.4,90.1,54.2,2.4,1.1,180,1.0,0.0,0.0,0.0,1.0,0.06,0.0
2025-07-11,PANC_104,Chipura,0.0,26.4,90.1,50.8,-1.0,0.4,45,0.0,0.0,0.0,0.0,1.2,-0.03,0.0
2025-07-11,PANC_105,Sonagopalpur,0.0,26.4,90.1,52.0,0.2,0.6,85,0.0,0.0,0.0,0.0,0.8,0.01,0.0
2025-07-11,PANC_106,Tarangpur,0.0,26.4,90.1,49.5,-2.3,0.3,5,0.0,0.0,0.0,0.0,0.0,-0.06,0.0
2025-07-12,PANC_001,Wagholi,20.6,28.3,79.1,590.0,9.5,4.2,90,0.0,-1.13,0.25,19.6,17.0,0.24,22.1
2025-07-12,PANC_002,Hadapsar Rural,20.6,28.3,79.1,560.0,-20.5,2.1,0,0.0,2.73,2.6,22.8,15.1,-0.51,19.4
2025-07-12,PANC_003,Manjari Khurd,20.6,28.3,79.1,552.0,-28.5,1.8,85,0.0,1.3,1.96,21.6,15.7,-0.71,19.8
2025-07-12,PANC_004,Phursungi,20.6,28.3,79.1,575.0,-5.5,3.5,180,1.0,-1.13,0.25,19.5,18.5,-0.14,24.2
2025-07-12,PANC_005,Loni Kalbhor,20.6,28.3,79.1,548.0,-32.5,1.5,95,0.0,0.53,2.17,21.4,14.2,-0.81,19.2
2025-07-12,PANC_006,Uruli Kanchan,20.6,28.3,79.1,540.0,-40.5,1.2,45,0.0,0.47,2.23,20.5,15.4,-1.01,19.8
2025-07-12,PANC_007,Khed Shivapur,20.6,28.3,79.1,645.0,64.5,8.5,245,1.0,2.83,2.41,23.6,20.9,1.61,25.9
2025-07-12,PANC_008,Kondhwa Budruk,20.6,28.3,79.1,610.0,29.5,6.1,225,1.0,1.97,2.24,22.4,19.4,0.74,26.0
2025-07-12,PANC_009,Dhayari,20.6,28.3,79.1,620.0,39.5,7.0,260,1.0,3.43,2.71,20.9,17.3,0.99,24.1
2025-07-12,PANC_010,Nanded Gramin,20.6,28.3,79.1,565.0,-15.5,2.8,10,0.0,4.73,0.87,24.3,16.0,-0.39,20.2
2025-07-12,PANC_101,Sampatchak Gramin,20.6,28.3,79.1,53.0,1.2,0.8,10,0.0,0.7,1.63,21.4,16.9,0.03,22.6
2025-07-12,PANC_102,Bairiya,20.6,28.3,79.1,51.5,-0.3,0.5,90,0.0,0.93,0.76,21.8,13.0,-0.01,19.6
2025-07-12,PANC_103,Kanhauli,20.6,28.3,79.1,54.2,2.4,1.1,180,1.0,0.83,0.83,21.7,18.3,0.06,23.5
2025-07-12,PANC_104,Chipura,20.6,28.3,79.1,50.8,-1.0,0.4,45,0.0,0.4,1.23,20.9,15.4,-0.03,21.1
2025-07-12,PANC_105,Sonagopalpur,20.6,28.3,79.1,52.0,0.2,0.6,85,0.0,1.8,0.99,22.6,15.5,0.01,20.8
2025-07-12,PANC_106,Tarangpur,20.6,28.3,79.1,49.5,-2.3,0.3,5,0.0,1.3,1.67,21.9,15.9,-0.06,20.9
2025-07-13,PANC_001,Wagholi,23.1,29.3,83.7,590.0,9.5,4.2,90,0.0,-1.23,0.81,21.7,18.9,0.24,24.2
2025-07-13,PANC_002,Hadapsar Rural,23.1,29.3,83.7,560.0,-20.5,2.1,0,0.0,2.97,3.54,25.4,18.6,-0.51,23.0
2025-07-13,PANC_003,Manjari Khurd,23.1,29.3,83.7,552.0,-28.5,1.8,85,0.0,1.8,1.9,24.6,15.8,-0.71,21.2
2025-07-13,PANC_004,Phursungi,23.1,29.3,83.7,575.0,-5.5,3.5,180,1.0,-1.23,0.81,22.1,20.5,-0.14,27.5
2025-07-13,PANC_005,Loni Kalbhor,23.1,29.3,83.7,548.0,-32.5,1.5,95,0.0,0.8,2.65,24.0,16.1,-0.81,21.4
2025-07-13,PANC_006,Uruli Kanchan,23.1,29.3,83.7,540.0,-40.5,1.2,45,0.0,0.27,2.92,22.7,17.8,-1.01,22.5
2025-07-13,PANC_007,Khed Shivapur,23.1,29.3,83.7,645.0,64.5,8.5,245,1.0,3.4,3.12,26.8,21.2,1.61,29.2
2025-07-13,PANC_008,Kondhwa Budruk,23.1,29.3,83.7,610.0,29.5,6.1,225,1.0,3.0,2.2,26.0,22.3,0.74,29.5
2025-07-13,PANC_009,Dhayari,23.1,29.3,83.7,620.0,39.5,7.0,260,1.0,3.87,3.37,23.1,21.6,0.99,27.8
2025-07-13,PANC_010,Nanded Gramin,23.1,29.3,83.7,565.0,-15.5,2.8,10,0.0,5.73,0.74,27.9,17.1,-0.39,22.2
2025-07-13,PANC_101,Sampatchak Gramin,23.1,29.3,83.7,53.0,1.2,0.8,10,0.0,1.03,2.4,24.6,17.5,0.03,23.1
2025-07-13,PANC_102,Bairiya,23.1,29.3,83.7,51.5,-0.3,0.5,90,0.0,-0.93,0.7,22.4,17.9,-0.01,22.8
2025-07-13,PANC_103,Kanhauli,23.1,29.3,83.7,54.2,2.4,1.1,180,1.0,-0.7,0.5,22.6,18.5,0.06,27.5
2025-07-13,PANC_104,Chipura,23.1,29.3,83.7,50.8,-1.0,0.4,45,0.0,-0.43,0.42,22.7,16.6,-0.03,21.4
2025-07-13,PANC_105,Sonagopalpur,23.1,29.3,83.7,52.0,0.2,0.6,85,0.0,0.9,2.57,24.6,16.1,0.01,22.1
2025-07-13,PANC_106,Tarangpur,23.1,29.3,83.7,49.5,-2.3,0.3,5,0.0,1.37,2.15,24.2,15.0,-0.06,22.0
2025-07-14,PANC_001,Wagholi,0.0,30.2,86.2,590.0,9.5,4.2,90,0.0,0.0,0.0,0.0,0.0,0.24,0.0
2025-07-14,PANC_002,Hadapsar Rural,0.0,30.2,86.2,560.0,-20.5,2.1,0,0.0,0.0,0.0,0.0,0.1,-0.51,0.0
2025-07-14,PANC_003,Manjari Khurd,0.0,30.2,86.2,552.0,-28.5,1.8,85,0.0,0.0,0.0,0.0,0.0,-0.71,0.0
2025-07-14,PANC_004,Phursungi,0.0,30.2,86.2,575.0,-5.5,3.5,180,1.0,0.0,0.0,0.0,0.5,-0.14,0.0
2025-07-14,PANC_005,Loni Kalbhor,0.0,30.2,86.2,548.0,-32.5,1.5,95,0.0,0.0,0.0,0.0,0.2,-0.81,0.0
2025-07-14,PANC_006,Uruli Kanchan,0.0,30.2,86.2,540.0,-40.5,1.2,45,0.0,0.0,0.0,0.0,0.0,-1.01,0.0
2025-07-14,PANC_007,Khed Shivapur,0.0,30.2,86.2,645.0,64.5,8.5,245,1.0,0.0,0.0,0.0,0.0,1.61,0.0
2025-07-14,PANC_008,Kondhwa Budruk,0.0,30.2,86.2,610.0,29.5,6.1,225,1.0,0.0,0.0,0.0,0.0,0.74,0.0
2025-07-14,PANC_009,Dhayari,0.0,30.2,86.2,620.0,39.5,7.0,260,1.0,0.0,0.0,0.0,0.9,0.99,0.0
2025-07-14,PANC_010,Nanded Gramin,0.0,30.2,86.2,565.0,-15.5,2.8,10,0.0,0.0,0.0,0.0,0.0,-0.39,0.0
2025-07-14,PANC_101,Sampatchak Gramin,0.0,30.2,86.2,53.0,1.2,0.8,10,0.0,0.0,0.0,0.0,1.5,0.03,0.0
2025-07-14,PANC_102,Bairiya,0.0,30.2,86.2,51.5,-0.3,0.5,90,0.0,0.0,0.0,0.0,0.0,-0.01,0.0
2025-07-14,PANC_103,Kanhauli,0.0,30.2,86.2,54.2,2.4,1.1,180,1.0,0.0,0.0,0.0,0.0,0.06,0.0
2025-07-14,PANC_104,Chipura,0.0,30.2,86.2,50.8,-1.0,0.4,45,0.0,0.0,0.0,0.0,0.0,-0.03,0.0
2025-07-14,PANC_105,Sonagopalpur,0.0,30.2,86.2,52.0,0.2,0.6,85,0.0,0.0,0.0,0.0,0.0,0.01,0.0
2025-07-14,PANC_106,Tarangpur,0.0,30.2,86.2,49.5,-2.3,0.3,5,0.0,0.0,0.0,0.0,0.0,-0.06,0.0
2025-07-15,PANC_001,Wagholi,0.0,29.9,92.7,590.0,9.5,4.2,90,0.0,0.0,0.0,0.0,2.1,0.24,0.0
2025-07-15,PANC_002,Hadapsar Rural,0.0,29.9,92.7,560.0,-20.5,2.1,0,0.0,0.0,0.0,0.0,0.0,-0.51,0.0
2025-07-15,PANC_003,Manjari Khurd,0.0,29.9,92.7,552.0,-28.5,1.8,85,0.0,0.0,0.0,0.0,0.0,-0.71,0.0
2025-07-15,PANC_004,Phursungi,0.0,29.9,92.7,575.0,-5.5,3.5,180,1.0,0.0,0.0,0.0,0.6,-0.14,0.0
2025-07-15,PANC_005,Loni Kalbhor,0.0,29.9,92.7,548.0,-32.5,1.5,95,0.0,0.0,0.0,0.0,0.7,-0.81,0.0
2025-07-15,PANC_006,Uruli Kanchan,0.0,29.9,92.7,540.0,-40.5,1.2,45,0.0,0.0,0.0,0.0,1.0,-1.01,0.0
2025-07-15,PANC_007,Khed Shivapur,0.0,29.9,92.7,645.0,64.5,8.5,245,1.0,0.0,0.0,0.0,0.4,1.61,0.0
2025-07-15,PANC_008,Kondhwa Budruk,0.0,29.9,92.7,610.0,29.5,6.1,225,1.0,0.0,0.0,0.0,0.7,0.74,0.0
2025-07-15,PANC_009,Dhayari,0.0,29.9,92.7,620.0,39.5,7.0,260,1.0,0.0,0.0,0.0,1.5,0.99,0.0
2025-07-15,PANC_010,Nanded Gramin,0.0,29.9,92.7,565.0,-15.5,2.8,10,0.0,0.0,0.0,0.0,0.0,-0.39,0.0
2025-07-15,PANC_101,Sampatchak Gramin,0.0,29.9,92.7,53.0,1.2,0.8,10,0.0,0.0,0.0,0.0,0.0,0.03,0.0
2025-07-15,PANC_102,Bairiya,0.0,29.9,92.7,51.5,-0.3,0.5,90,0.0,0.0,0.0,0.0,0.0,-0.01,0.0
2025-07-15,PANC_103,Kanhauli,0.0,29.9,92.7,54.2,2.4,1.1,180,1.0,0.0,0.0,0.0,0.0,0.06,0.0
2025-07-15,PANC_104,Chipura,0.0,29.9,92.7,50.8,-1.0,0.4,45,0.0,0.0,0.0,0.0,1.1,-0.03,0.0
2025-07-15,PANC_105,Sonagopalpur,0.0,29.9,92.7,52.0,0.2,0.6,85,0.0,0.0,0.0,0.0,0.4,0.01,0.0
2025-07-15,PANC_106,Tarangpur,0.0,29.9,92.7,49.5,-2.3,0.3,5,0.0,0.0,0.0,0.0,0.4,-0.06,0.0
2025-07-16,PANC_001,Wagholi,0.0,27.7,89.1,590.0,9.5,4.2,90,0.0,0.0,0.0,0.0,0.4,0.24,0.0
2025-07-16,PANC_002,Hadapsar Rural,0.0,27.7,89.1,560.0,-20.5,2.1,0,0.0,0.0,0.0,0.0,0.0,-0.51,0.0
2025-07-16,PANC_003,Manjari Khurd,0.0,27.7,89.1,552.0,-28.5,1.8,85,0.0,0.0,0.0,0.0,0.6,-0.71,0.0
2025-07-16,PANC_004,Phursungi,0.0,27.7,89.1,575.0,-5.5,3.5,180,1.0,0.0,0.0,0.0,0.0,-0.14,0.0
2025-07-16,PANC_005,Loni Kalbhor,0.0,27.7,89.1,548.0,-32.5,1.5,95,0.0,0.0,0.0,0.0,0.9,-0.81,0.0
2025-07-16,PANC_006,Uruli Kanchan,0.0,27.7,89.1,540.0,-40.5,1.2,45,0.0,0.0,0.0,0.0,0.3,-1.01,0.0
2025-07-16,PANC_007,Khed Shivapur,0.0,27.7,89.1,645.0,64.5,8.5,245,1.0,0.0,0.0,0.0,0.0,1.61,0.0
2025-07-16,PANC_008,Kondhwa Budruk,0.0,27.7,89.1,610.0,29.5,6.1,225,1.0,0.0,0.0,0.0,0.4,0.74,0.0
2025-07-16,PANC_009,Dhayari,0.0,27.7,89.1,620.0,39.5,7.0,260,1.0,0.0,0.0,0.0,0.0,0.99,0.0
2025-07-16,PANC_010,Nanded Gramin,0.0,27.7,89.1,565.0,-15.5,2.8,10,0.0,0.0,0.0,0.0,0.0,-0.39,0.0
2025-07-16,PANC_101,Sampatchak Gramin,0.0,27.7,89.1,53.0,1.2,0.8,10,0.0,0.43,0.61,0.3,0.0,0.03,0.0
2025-07-16,PANC_102,Bairiya,0.0,27.7,89.1,51.5,-0.3,0.5,90,0.0,0.0,0.0,0.0,0.1,-0.01,0.0
2025-07-16,PANC_103,Kanhauli,0.0,27.7,89.1,54.2,2.4,1.1,180,1.0,0.43,0.61,0.5,1.4,0.06,0.0
2025-07-16,PANC_104,Chipura,0.0,27.7,89.1,50.8,-1.0,0.4,45,0.0,0.43,0.61,0.4,1.8,-0.03,0.0
2025-07-16,PANC_105,Sonagopalpur,0.0,27.7,89.1,52.0,0.2,0.6,85,0.0,0.0,0.0,0.0,1.5,0.01,1.3
2025-07-16,PANC_106,Tarangpur,0.0,27.7,89.1,49.5,-2.3,0.3,5,0.0,0.0,0.0,0.0,0.4,-0.06,0.0
2025-07-17,PANC_001,Wagholi,7.6,25.8,84.2,590.0,9.5,4.2,90,0.0,-1.27,1.05,6.7,4.4,0.24,7.5
2025-07-17,PANC_002,Hadapsar Rural,7.6,25.8,84.2,560.0,-20.5,2.1,0,0.0,1.33,1.09,8.8,3.9,-0.51,4.9
2025-07-17,PANC_003,Manjari Khurd,7.6,25.8,84.2,552.0,-28.5,1.8,85,0.0,-0.2,2.0,7.1,5.9,-0.71,7.4
2025-07-17,PANC_004,Phursungi,7.6,25.8,84.2,575.0,-5.5,3.5,180,1.0,-1.27,1.05,6.1,8.2,-0.14,9.8
2025-07-17,PANC_005,Loni Kalbhor,7.6,25.8,84.2,548.0,-32.5,1.5,95,0.0,-0.23,2.0,7.9,5.1,-0.81,6.7
2025-07-17,PANC_006,Uruli Kanchan,7.6,25.8,84.2,540.0,-40.5,1.2,45,0.0,0.37,1.33,7.6,6.5,-1.01,8.3
2025-07-17,PANC_007,Khed Shivapur,7.6,25.8,84.2,645.0,64.5,8.5,245,1.0,2.4,1.66,10.3,9.0,1.61,12.4
2025-07-17,PANC_008,Kondhwa Budruk,7.6,25.8,84.2,610.0,29.5,6.1,225,1.0,1.37,3.04,8.8,7.4,0.74,9.6
2025-07-17,PANC_009,Dhayari,7.6,25.8,84.2,620.0,39.5,7.0,260,1.0,2.47,1.75,8.5,8.9,0.99,12.2
2025-07-17,PANC_010,Nanded Gramin,7.6,25.8,84.2,565.0,-15.5,2.8,10,0.0,3.8,1.28,12.1,6.6,-0.39,8.2
2025-07-17,PANC_101,Sampatchak Gramin,7.6,25.8,84.2,53.0,1.2,0.8,10,0.0,0.93,2.28,8.7,6.9,0.03,9.6
2025-07-17,PANC_102,Bairiya,7.6,25.8,84.2,51.5,-0.3,0.5,90,0.0,1.37,1.34,8.9,5.1,-0.01,6.4
2025-07-17,PANC_103,Kanhauli,7.6,25.8,84.2,54.2,2.4,1.1,180,1.0,1.5,1.16,8.9,8.8,0.06,11.7
2025-07-17,PANC_104,Chipura,7.6,25.8,84.2,50.8,-1.0,0.4,45,0.0,0.23,1.33,7.7,6.2,-0.03,7.1
2025-07-17,PANC_105,Sonagopalpur,7.6,25.8,84.2,52.0,0.2,0.6,85,0.0,1.87,1.88,9.9,5.6,0.01,7.5
2025-07-17,PANC_106,Tarangpur,7.6,25.8,84.2,49.5,-2.3,0.3,5,0.0,1.63,2.18,9.1,6.2,-0.06,10.2
2025-07-18,PANC_001,Wagholi,46.6,26.5,91.9,590.0,9.5,4.2,90,0.0,0.43,1.49,47.0,34.1,0.24,44.8
2025-07-18,PANC_002,Hadapsar Rural,46.6,26.5,91.9,560.0,-20.5,2.1,0,0.0,2.93,2.12,49.1,36.9,-0.51,49.0
2025-07-18,PANC_003,Manjari Khurd,46.6,26.5,91.9,552.0,-28.5,1.8,85,0.0,1.37,2.28,48.0,35.0,-0.71,46.7
2025-07-18,PANC_004,Phursungi,46.6,26.5,91.9,575.0,-5.5,3.5,180,1.0,0.43,1.49,47.5,37.3,-0.14,50.1
2025-07-18,PANC_005,Loni Kalbhor,46.6,26.5,91.9,548.0,-32.5,1.5,95,0.0,2.0,1.42,48.4,34.9,-0.81,45.4
2025-07-18,PANC_006,Uruli Kanchan,46.6,26.5,91.9,540.0,-40.5,1.2,45,0.0,0.8,1.98,46.8,34.9,-1.01,45.5
2025-07-18,PANC_007,Khed Shivapur,46.6,26.5,91.9,645.0,64.5,8.5,245,1.0,3.37,2.74,50.3,39.1,1.61,52.9
2025-07-18,PANC_008,Kondhwa Budruk,46.6,26.5,91.9,610.0,29.5,6.1,225,1.0,3.77,1.24,50.3,39.2,0.74,51.8
2025-07-18,PANC_009,Dhayari,46.6,26.5,91.9,620.0,39.5,7.0,260,1.0,3.67,2.98,46.9,38.2,0.99,52.0
2025-07-18,PANC_010,Nanded Gramin,46.6,26.5,91.9,565.0,-15.5,2.8,10,0.0,5.63,0.48,52.0,33.5,-0.39,46.1
2025-07-18,PANC_101,Sampatchak Gramin,46.6,26.5,91.9,53.0,1.2,0.8,10,0.0,1.27,1.54,48.0,34.3,0.03,46.4
2025-07-18,PANC_102,Bairiya,46.6,26.5,91.9,51.5,-0.3,0.5,90,0.0,-0.7,1.71,46.3,35.5,-0.01,46.4
2025-07-18,PANC_103,Kanhauli,46.6,26.5,91.9,54.2,2.4,1.1,180,1.0,-0.87,1.54,46.3,38.3,0.06,50.0
2025-07-18,PANC_104,Chipura,46.6,26.5,91.9,50.8,-1.0,0.4,45,0.0,0.07,0.38,46.6,36.2,-0.03,47.7
2025-07-18,PANC_105,Sonagopalpur,46.6,26.5,91.9,52.0,0.2,0.6,85,0.0,1.43,1.49,48.3,36.0,0.01,47.2
2025-07-18,PANC_106,Tarangpur,46.6,26.5,91.9,49.5,-2.3,0.3,5,0.0,1.0,1.7,47.3,33.1,-0.06,43.6
2025-07-19,PANC_001,Wagholi,0.0,29.1,82.0,590.0,9.5,4.2,90,0.0,0.0,0.0,0.0,1.1,0.24,0.0
2025-07-19,PANC_002,Hadapsar Rural,0.0,29.1,82.0,560.0,-20.5,2.1,0,0.0,0.0,0.0,0.0,0.0,-0.51,0.0
2025-07-19,PANC_003,Manjari Khurd,0.0,29.1,82.0,552.0,-28.5,1.8,85,0.0,0.0,0.0,0.0,0.0,-0.71,0.0
2025-07-19,PANC_004,Phursungi,0.0,29.1,82.0,575.0,-5.5,3.5,180,1.0,0.0,0.0,0.0,0.1,-0.14,0.0
2025-07-19,PANC_005,Loni Kalbhor,0.0,29.1,82.0,548.0,-32.5,1.5,95,0.0,0.0,0.0,0.0,1.4,-0.81,0.0
2025-07-19,PANC_006,Uruli Kanchan,0.0,29.1,82.0,540.0,-40.5,1.2,45,0.0,0.0,0.0,0.0,1.0,-1.01,0.0
2025-07-19,PANC_007,Khed Shivapur,0.0,29.1,82.0,645.0,64.5,8.5,245,1.0,0.0,0.0,0.0,0.2,1.61,0.0
2025-07-19,PANC_008,Kondhwa Budruk,0.0,29.1,82.0,610.0,29.5,6.1,225,1.0,0.0,0.0,0.0,0.0,0.74,0.0
2025-07-19,PANC_009,Dhayari,0.0,29.1,82.0,620.0,39.5,7.0,260,1.0,0.0,0.0,0.0,0.6,0.99,0.0
2025-07-19,PANC_010,Nanded Gramin,0.0,29.1,82.0,565.0,-15.5,2.8,10,0.0,0.0,0.0,0.0,0.0,-0.39,0.0
2025-07-19,PANC_101,Sampatchak Gramin,0.0,29.1,82.0,53.0,1.2,0.8,10,0.0,0.0,0.0,0.0,0.4,0.03,0.0
2025-07-19,PANC_102,Bairiya,0.0,29.1,82.0,51.5,-0.3,0.5,90,0.0,0.0,0.0,0.0,0.4,-0.01,0.0
2025-07-19,PANC_103,Kanhauli,0.0,29.1,82.0,54.2,2.4,1.1,180,1.0,0.0,0.0,0.0,0.8,0.06,0.0
2025-07-19,PANC_104,Chipura,0.0,29.1,82.0,50.8,-1.0,0.4,45,0.0,0.0,0.0,0.0,2.2,-0.03,0.0
2025-07-19,PANC_105,Sonagopalpur,0.0,29.1,82.0,52.0,0.2,0.6,85,0.0,0.0,0.0,0.0,0.3,0.01,0.0
2025-07-19,PANC_106,Tarangpur,0.0,29.1,82.0,49.5,-2.3,0.3,5,0.0,0.0,0.0,0.0,0.0,-0.06,0.0
2025-07-20,PANC_001,Wagholi,2.9,27.9,82.4,590.0,9.5,4.2,90,0.0,-0.83,0.68,2.4,2.7,0.24,3.4
2025-07-20,PANC_002,Hadapsar Rural,2.9,27.9,82.4,560.0,-20.5,2.1,0,0.0,2.93,2.18,5.3,1.7,-0.51,1.4
2025-07-20,PANC_003,Manjari Khurd,2.9,27.9,82.4,552.0,-28.5,1.8,85,0.0,0.77,1.97,3.4,2.1,-0.71,3.0
2025-07-20,PANC_004,Phursungi,2.9,27.9,82.4,575.0,-5.5,3.5,180,1.0,-0.83,0.68,2.0,5.0,-0.14,6.2
2025-07-20,PANC_005,Loni Kalbhor,2.9,27.9,82.4,548.0,-32.5,1.5,95,0.0,0.63,2.0,3.9,1.3,-0.81,1.8
2025-07-20,PANC_006,Uruli Kanchan,2.9,27.9,82.4,540.0,-40.5,1.2,45,0.0,0.77,1.86,3.1,1.1,-1.01,1.2
2025-07-20,PANC_007,Khed Shivapur,2.9,27.9,82.4,645.0,64.5,8.5,245,1.0,2.73,2.84,5.9,6.1,1.61,8.8
2025-07-20,PANC_008,Kondhwa Budruk,2.9,27.9,82.4,610.0,29.5,6.1,225,1.0,1.93,2.44,4.7,4.3,0.74,8.3
2025-07-20,PANC_009,Dhayari,2.9,27.9,82.4,620.0,39.5,7.0,260,1.0,3.37,3.24,2.6,5.1,0.99,6.9
2025-07-20,PANC_010,Nanded Gramin,2.9,27.9,82.4,565.0,-15.5,2.8,10,0.0,5.1,0.8,7.0,2.4,-0.39,1.7
2025-07-20,PANC_101,Sampatchak Gramin,2.9,27.9,82.4,53.0,1.2,0.8,10,0.0,0.77,1.72,3.6,2.7,0.03,2.6
2025-07-20,PANC_102,Bairiya,2.9,27.9,82.4,51.5,-0.3,0.5,90,0.0,-0.2,0.29,2.6,1.9,-0.01,1.5
2025-07-20,PANC_103,Kanhauli,2.9,27.9,82.4,54.2,2.4,1.1,180,1.0,0.27,0.49,3.1,5.3,0.06,5.7
2025-07-20,PANC_104,Chipura,2.9,27.9,82.4,50.8,-1.0,0.4,45,0.0,-0.27,0.94,2.5,1.9,-0.03,2.4
2025-07-20,PANC_105,Sonagopalpur,2.9,27.9,82.4,52.0,0.2,0.6,85,0.0,0.67,1.51,3.9,3.0,0.01,3.8
2025-07-20,PANC_106,Tarangpur,2.9,27.9,82.4,49.5,-2.3,0.3,5,0.0,0.37,1.78,3.1,1.8,-0.06,3.1
2025-07-21,PANC_001,Wagholi,0.0,27.2,82.8,590.0,9.5,4.2,90,0.0,0.47,0.66,0.2,0.0,0.24,0.0
2025-07-21,PANC_002,Hadapsar Rural,0.0,27.2,82.8,560.0,-20.5,2.1,0,0.0,0.0,0.0,0.0,0.0,-0.51,0.0
2025-07-21,PANC_003,Manjari Khurd,0.0,27.2,82.8,552.0,-28.5,1.8,85,0.0,0.0,0.0,0.0,0.1,-0.71,0.0
2025-07-21,PANC_004,Phursungi,0.0,27.2,82.8,575.0,-5.5,3.5,180,1.0,0.47,0.66,0.3,0.0,-0.14,0.0
2025-07-21,PANC_005,Loni Kalbhor,0.0,27.2,82.8,548.0,-32.5,1.5,95,0.0,0.0,0.0,0.0,0.1,-0.81,1.4
2025-07-21,PANC_006,Uruli Kanchan,0.0,27.2,82.8,540.0,-40.5,1.2,45,0.0,0.47,0.66,0.7,0.0,-1.01,0.0
2025-07-21,PANC_007,Khed Shivapur,0.0,27.2,82.8,645.0,64.5,8.5,245,1.0,0.0,0.0,0.0,0.0,1.61,0.0
2025-07-21,PANC_008,Kondhwa Budruk,0.0,27.2,82.8,610.0,29.5,6.1,225,1.0,0.0,0.0,0.0,0.6,0.74,0.0
2025-07-21,PANC_009,Dhayari,0.0,27.2,82.8,620.0,39.5,7.0,260,1.0,0.0,0.0,0.0,0.0,0.99,0.0
2025-07-21,PANC_010,Nanded Gramin,0.0,27.2,82.8,565.0,-15.5,2.8,10,0.0,0.0,0.0,0.0,0.0,-0.39,0.0
2025-07-21,PANC_101,Sampatchak Gramin,0.0,27.2,82.8,53.0,1.2,0.8,10,0.0,0.0,0.0,0.0,0.0,0.03,0.0
2025-07-21,PANC_102,Bairiya,0.0,27.2,82.8,51.5,-0.3,0.5,90,0.0,0.0,0.0,0.0,0.4,-0.01,0.0
2025-07-21,PANC_103,Kanhauli,0.0,27.2,82.8,54.2,2.4,1.1,180,1.0,0.0,0.0,0.0,0.0,0.06,0.0
2025-07-21,PANC_104,Chipura,0.0,27.2,82.8,50.8,-1.0,0.4,45,0.0,0.0,0.0,0.0,1.6,-0.03,0.0
2025-07-21,PANC_105,Sonagopalpur,0.0,27.2,82.8,52.0,0.2,0.6,85,0.0,0.0,0.0,0.0,0.2,0.01,0.0
2025-07-21,PANC_106,Tarangpur,0.0,27.2,82.8,49.5,-2.3,0.3,5,0.0,0.0,0.0,0.0,0.8,-0.06,0.0
2025-07-22,PANC_001,Wagholi,0.0,26.2,87.2,590.0,9.5,4.2,90,0.0,0.0,0.0,0.0,0.0,0.24,0.0
2025-07-22,PANC_002,Hadapsar Rural,0.0,26.2,87.2,560.0,-20.5,2.1,0,0.0,0.0,0.0,0.0,1.0,-0.51,0.0
2025-07-22,PANC_003,Manjari Khurd,0.0,26.2,87.2,552.0,-28.5,1.8,85,0.0,0.0,0.0,0.0,0.4,-0.71,0.0
2025-07-22,PANC_004,Phursungi,0.0,26.2,87.2,575.0,-5.5,3.5,180,1.0,0.0,0.0,0.0,0.0,-0.14,0.0
2025-07-22,PANC_005,Loni Kalbhor,0.0,26.2,87.2,548.0,-32.5,1.5,95,0.0,0.0,0.0,0.0,0.2,-0.81,0.0
2025-07-22,PANC_006,Uruli Kanchan,0.0,26.2,87.2,540.0,-40.5,1.2,45,0.0,0.0,0.0,0.0,0.4,-1.01,0.0
2025-07-22,PANC_007,Khed Shivapur,0.0,26.2,87.2,645.0,64.5,8.5,245,1.0,0.0,0.0,0.0,3.2,1.61,3.1
2025-07-22,PANC_008,Kondhwa Budruk,0.0,26.2,87.2,610.0,29.5,6.1,225,1.0,0.0,0.0,0.0,1.3,0.74,0.0
2025-07-22,PANC_009,Dhayari,0.0,26.2,87.2,620.0,39.5,7.0,260,1.0,1.03,1.46,0.1,0.0,0.99,0.0
2025-07-22,PANC_010,Nanded Gramin,0.0,26.2,87.2,565.0,-15.5,2.8,10,0.0,1.03,1.46,0.1,0.0,-0.39,0.0
2025-07-22,PANC_101,Sampatchak Gramin,0.0,26.2,87.2,53.0,1.2,0.8,10,0.0,1.6,2.26,1.9,0.0,0.03,0.0
2025-07-22,PANC_102,Bairiya,0.0,26.2,87.2,51.5,-0.3,0.5,90,0.0,0.0,0.0,0.0,0.0,-0.01,0.0
2025-07-22,PANC_103,Kanhauli,0.0,26.2,87.2,54.2,2.4,1.1,180,1.0,0.0,0.0,0.0,4.0,0.06,4.8
2025-07-22,PANC_104,Chipura,0.0,26.2,87.2,50.8,-1.0,0.4,45,0.0,0.0,0.0,0.0,0.8,-0.03,0.0
2025-07-22,PANC_105,Sonagopalpur,0.0,26.2,87.2,52.0,0.2,0.6,85,0.0,1.6,2.26,2.1,0.0,0.01,0.0
2025-07-22,PANC_106,Tarangpur,0.0,26.2,87.2,49.5,-2.3,0.3,5,0.0,1.6,2.26,1.3,0.0,-0.06,0.0
2025-07-23,PANC_001,Wagholi,22.4,25.9,95.4,590.0,9.5,4.2,90,0.0,-0.27,0.95,22.7,17.4,0.24,21.1
2025-07-23,PANC_002,Hadapsar Rural,22.4,25.9,95.4,560.0,-20.5,2.1,0,0.0,3.4,2.0,25.2,15.3,-0.51,21.9
2025-07-23,PANC_003,Manjari Khurd,22.4,25.9,95.4,552.0,-28.5,1.8,85,0.0,0.5,2.01,22.7,17.7,-0.71,23.4
2025-07-23,PANC_004,Phursungi,22.4,25.9,95.4,575.0,-5.5,3.5,180,1.0,-0.27,0.95,22.1,18.7,-0.14,25.7
2025-07-23,PANC_005,Loni Kalbhor,22.4,25.9,95.4,548.0,-32.5,1.5,95,0.0,1.27,1.56,24.0,16.2,-0.81,21.1
2025-07-23,PANC_006,Uruli Kanchan,22.4,25.9,95.4,540.0,-40.5,1.2,45,0.0,1.0,1.88,22.7,15.5,-1.01,20.6
2025-07-23,PANC_007,Khed Shivapur,22.4,25.9,95.4,645.0,64.5,8.5,245,1.0,3.2,2.03,25.6,20.5,1.61,28.0
2025-07-23,PANC_008,Kondhwa Budruk,22.4,25.9,95.4,610.0,29.5,6.1,225,1.0,1.83,1.67,24.1,21.6,0.74,28.3
2025-07-23,PANC_009,Dhayari,22.4,25.9,95.4,620.0,39.5,7.0,260,1.0,4.17,2.24,24.0,20.3,0.99,25.1
2025-07-23,PANC_010,Nanded Gramin,22.4,25.9,95.4,565.0,-15.5,2.8,10,0.0,4.73,1.44,25.4,17.4,-0.39,23.4
2025-07-23,PANC_101,Sampatchak Gramin,22.4,25.9,95.4,53.0,1.2,0.8,10,0.0,0.43,2.03,23.3,16.3,0.03,21.0
2025-07-23,PANC_102,Bairiya,22.4,25.9,95.4,51.5,-0.3,0.5,90,0.0,-0.13,0.9,21.9,15.5,-0.01,22.1
2025-07-23,PANC_103,Kanhauli,22.4,25.9,95.4,54.2,2.4,1.1,180,1.0,-0.87,0.9,21.2,18.4,0.06,25.6
2025-07-23,PANC_104,Chipura,22.4,25.9,95.4,50.8,-1.0,0.4,45,0.0,-1.1,0.57,21.4,17.6,-0.03,23.0
2025-07-23,PANC_105,Sonagopalpur,22.4,25.9,95.4,52.0,0.2,0.6,85,0.0,0.8,1.88,23.6,16.8,0.01,20.8
2025-07-23,PANC_106,Tarangpur,22.4,25.9,95.4,49.5,-2.3,0.3,5,0.0,0.5,1.96,22.6,17.4,-0.06,22.8
2025-07-24,PANC_001,Wagholi,31.2,27.5,78.7,590.0,9.5,4.2,90,0.0,-0.7,0.67,30.3,23.6,0.24,32.1
2025-07-24,PANC_002,Hadapsar Rural,31.2,27.5,78.7,560.0,-20.5,2.1,0,0.0,2.67,3.27,33.0,22.1,-0.51,31.4
2025-07-24,PANC_003,Manjari Khurd,31.2,27.5,78.7,552.0,-28.5,1.8,85,0.0,1.3,1.1,32.3,23.2,-0.71,29.8
2025-07-24,PANC_004,Phursungi,31.2,27.5,78.7,575.0,-5.5,3.5,180,1.0,-0.7,0.67,30.7,25.0,-0.14,34.0
2025-07-24,PANC_005,Loni Kalbhor,31.2,27.5,78.7,548.0,-32.5,1.5,95,0.0,0.53,1.73,31.7,23.4,-0.81,30.3
2025-07-24,PANC_006,Uruli Kanchan,31.2,27.5,78.7,540.0,-40.5,1.2,45,0.0,0.17,1.87,31.0,20.4,-1.01,29.3
2025-07-24,PANC_007,Khed Shivapur,31.2,27.5,78.7,645.0,64.5,8.5,245,1.0,3.43,3.17,34.9,28.4,1.61,36.9
2025-07-24,PANC_008,Kondhwa Budruk,31.2,27.5,78.7,610.0,29.5,6.1,225,1.0,2.53,1.81,33.6,27.4,0.74,37.8
2025-07-24,PANC_009,Dhayari,31.2,27.5,78.7,620.0,39.5,7.0,260,1.0,3.8,3.34,31.2,27.4,0.99,35.8
2025-07-24,PANC_010,Nanded Gramin,31.2,27.5,78.7,565.0,-15.5,2.8,10,0.0,5.63,0.82,36.0,22.7,-0.39,30.3
2025-07-24,PANC_101,Sampatchak Gramin,31.2,27.5,78.7,53.0,1.2,0.8,10,0.0,1.8,1.16,33.1,22.2,0.03,30.6
2025-07-24,PANC_102,Bairiya,31.2,27.5,78.7,51.5,-0.3,0.5,90,0.0,0.0,0.92,30.9,23.6,-0.01,31.9
2025-07-24,PANC_103,Kanhauli,31.2,27.5,78.7,54.2,2.4,1.1,180,1.0,0.67,0.9,31.5,26.5,0.06,34.6
2025-07-24,PANC_104,Chipura,31.2,27.5,78.7,50.8,-1.0,0.4,45,0.0,0.47,0.79,31.7,23.0,-0.03,30.5
2025-07-24,PANC_105,Sonagopalpur,31.2,27.5,78.7,52.0,0.2,0.6,85,0.0,0.7,1.91,32.4,24.8,0.01,32.5
2025-07-24,PANC_106,Tarangpur,31.2,27.5,78.7,49.5,-2.3,0.3,5,0.0,1.17,1.67,32.1,26.0,-0.06,32.5
2025-07-25,PANC_001,Wagholi,4.2,25.8,78.3,590.0,9.5,4.2,90,0.0,-1.17,1.14,3.2,3.8,0.24,4.3
2025-07-25,PANC_002,Hadapsar Rural,4.2,25.8,78.3,560.0,-20.5,2.1,0,0.0,2.87,2.81,6.7,4.3,-0.51,4.4
2025-07-25,PANC_003,Manjari Khurd,4.2,25.8,78.3,552.0,-28.5,1.8,85,0.0,1.7,2.19,5.7,0.9,-0.71,3.1
2025-07-25,PANC_004,Phursungi,4.2,25.8,78.3,575.0,-5.5,3.5,180,1.0,-1.17,1.14,3.4,7.0,-0.14,9.0
2025-07-25,PANC_005,Loni Kalbhor,4.2,25.8,78.3,548.0,-32.5,1.5,95,0.0,1.3,2.53,5.6,0.8,-0.81,1.6
2025-07-25,PANC_006,Uruli Kanchan,4.2,25.8,78.3,540.0,-40.5,1.2,45,0.0,0.37,3.19,3.6,2.0,-1.01,2.8
2025-07-25,PANC_007,Khed Shivapur,4.2,25.8,78.3,645.0,64.5,8.5,245,1.0,3.23,3.02,7.8,6.8,1.61,8.7
2025-07-25,PANC_008,Kondhwa Budruk,4.2,25.8,78.3,610.0,29.5,6.1,225,1.0,3.6,2.44,7.6,6.4,0.74,9.1
2025-07-25,PANC_009,Dhayari,4.2,25.8,78.3,620.0,39.5,7.0,260,1.0,2.8,2.69,3.9,7.0,0.99,10.0
2025-07-25,PANC_010,Nanded Gramin,4.2,25.8,78.3,565.0,-15.5,2.8,10,0.0,5.07,0.54,9.9,2.4,-0.39,3.2
2025-07-25,PANC_101,Sampatchak Gramin,4.2,25.8,78.3,53.0,1.2,0.8,10,0.0,1.8,1.61,6.1,0.3,0.03,1.6
2025-07-25,PANC_102,Bairiya,4.2,25.8,78.3,51.5,-0.3,0.5,90,0.0,-1.13,1.23,2.8,2.4,-0.01,4.4
2025-07-25,PANC_103,Kanhauli,4.2,25.8,78.3,54.2,2.4,1.1,180,1.0,-0.87,1.57,3.2,6.7,0.06,8.2
2025-07-25,PANC_104,Chipura,4.2,25.8,78.3,50.8,-1.0,0.4,45,0.0,-0.4,1.61,3.8,2.5,-0.03,4.6
2025-07-25,PANC_105,Sonagopalpur,4.2,25.8,78.3,52.0,0.2,0.6,85,0.0,0.6,2.7,5.3,4.6,0.01,5.4
2025-07-25,PANC_106,Tarangpur,4.2,25.8,78.3,49.5,-2.3,0.3,5,0.0,0.53,2.7,4.2,2.6,-0.06,3.0
2025-07-26,PANC_001,Wagholi,7.6,25.0,82.7,590.0,9.5,4.2,90,0.0,-0.27,0.66,7.0,5.5,0.24,8.4
2025-07-26,PANC_002,Hadapsar Rural,7.6,25.0,82.7,560.0,-20.5,2.1,0,0.0,2.03,2.41,9.1,5.5,-0.51,7.7
2025-07-26,PANC_003,Manjari Khurd,7.6,25.0,82.7,552.0,-28.5,1.8,85,0.0,1.2,1.1,8.6,5.0,-0.71,6.4
2025-07-26,PANC_004,Phursungi,7.6,25.0,82.7,575.0,-5.5,3.5,180,1.0,-0.27,0.66,7.4,9.3,-0.14,10.3
2025-07-26,PANC_005,Loni Kalbhor,7.6,25.0,82.7,548.0,-32.5,1.5,95,0.0,0.53,1.62,8.1,8.4,-0.81,7.9
2025-07-26,PANC_006,Uruli Kanchan,7.6,25.0,82.7,540.0,-40.5,1.2,45,0.0,0.6,1.61,8.0,6.4,-1.01,7.9
2025-07-26,PANC_007,Khed Shivapur,7.6,25.0,82.7,645.0,64.5,8.5,245,1.0,2.43,2.72,10.3,10.6,1.61,14.3
2025-07-26,PANC_008,Kondhwa Budruk,7.6,25.0,82.7,610.0,29.5,6.1,225,1.0,2.3,1.66,9.8,9.6,0.74,12.2
2025-07-26,PANC_009,Dhayari,7.6,25.0,82.7,620.0,39.5,7.0,260,1.0,3.3,3.43,7.1,9.5,0.99,11.7
2025-07-26,PANC_010,Nanded Gramin,7.6,25.0,82.7,565.0,-15.5,2.8,10,0.0,5.13,1.13,11.8,4.4,-0.39,6.2
2025-07-26,PANC_101,Sampatchak Gramin,7.6,25.0,82.7,53.0,1.2,0.8,10,0.0,1.3,2.73,9.5,7.6,0.03,8.2
2025-07-26,PANC_102,Bairiya,7.6,25.0,82.7,51.5,-0.3,0.5,90,0.0,0.73,0.19,8.3,6.2,-0.01,8.0
2025-07-26,PANC_103,Kanhauli,7.6,25.0,82.7,54.2,2.4,1.1,180,1.0,0.03,1.1,7.5,9.8,0.06,12.6
2025-07-26,PANC_104,Chipura,7.6,25.0,82.7,50.8,-1.0,0.4,45,0.0,-0.17,0.95,7.5,6.7,-0.03,8.2
2025-07-26,PANC_105,Sonagopalpur,7.6,25.0,82.7,52.0,0.2,0.6,85,0.0,2.07,2.07,10.2,4.9,0.01,6.1
2025-07-26,PANC_106,Tarangpur,7.6,25.0,82.7,49.5,-2.3,0.3,5,0.0,2.0,2.12,9.3,7.1,-0.06,8.6
2025-07-27,PANC_001,Wagholi,11.9,29.1,88.9,590.0,9.5,4.2,90,0.0,-0.73,1.32,11.2,9.5,0.24,12.7
2025-07-27,PANC_002,Hadapsar Rural,11.9,29.1,88.9,560.0,-20.5,2.1,0,0.0,2.8,2.75,14.2,9.1,-0.51,12.9
2025-07-27,PANC_003,Manjari Khurd,11.9,29.1,88.9,552.0,-28.5,1.8,85,0.0,1.93,1.46,13.7,8.7,-0.71,10.9
2025-07-27,PANC_004,Phursungi,11.9,29.1,88.9,575.0,-5.5,3.5,180,1.0,-0.73,1.32,11.6,12.3,-0.14,15.9
2025-07-27,PANC_005,Loni Kalbhor,11.9,29.1,88.9,548.0,-32.5,1.5,95,0.0,1.33,2.05,13.2,7.7,-0.81,9.7
2025-07-27,PANC_006,Uruli Kanchan,11.9,29.1,88.9,540.0,-40.5,1.2,45,0.0,0.27,2.68,11.4,7.2,-1.01,10.1
2025-07-27,PANC_007,Khed Shivapur,11.9,29.1,88.9,645.0,64.5,8.5,245,1.0,3.13,2.66,15.3,12.1,1.61,18.4
2025-07-27,PANC_008,Kondhwa Budruk,11.9,29.1,88.9,610.0,29.5,6.1,225,1.0,3.2,1.57,15.0,13.9,0.74,17.3
2025-07-27,PANC_009,Dhayari,11.9,29.1,88.9,620.0,39.5,7.0,260,1.0,3.77,3.12,12.1,12.0,0.99,16.5
2025-07-27,PANC_010,Nanded Gramin,11.9,29.1,88.9,565.0,-15.5,2.8,10,0.0,5.5,0.78,16.6,7.8,-0.39,11.3
2025-07-27,PANC_101,Sampatchak Gramin,11.9,29.1,88.9,53.0,1.2,0.8,10,0.0,1.53,2.13,13.6,8.4,0.03,10.4
2025-07-27,PANC_102,Bairiya,11.9,29.1,88.9,51.5,-0.3,0.5,90,0.0,-0.33,0.85,11.3,8.3,-0.01,11.5
2025-07-27,PANC_103,Kanhauli,11.9,29.1,88.9,54.2,2.4,1.1,180,1.0,-0.33,0.85,11.3,13.1,0.06,16.4
2025-07-27,PANC_104,Chipura,11.9,29.1,88.9,50.8,-1.0,0.4,45,0.0,-0.47,0.82,11.4,9.8,-0.03,12.4
2025-07-27,PANC_105,Sonagopalpur,11.9,29.1,88.9,52.0,0.2,0.6,85,0.0,1.17,2.49,13.6,9.8,0.01,12.4
2025-07-27,PANC_106,Tarangpur,11.9,29.1,88.9,49.5,-2.3,0.3,5,0.0,0.87,2.61,12.3,7.8,-0.06,11.9
2025-07-28,PANC_001,Wagholi,21.1,26.4,79.9,590.0,9.5,4.2,90,0.0,-0.57,1.16,20.7,14.0,0.24,20.1
2025-07-28,PANC_002,Hadapsar Rural,21.1,26.4,79.9,560.0,-20.5,2.1,0,0.0,2.07,1.42,22.9,13.8,-0.51,18.9
2025-07-28,PANC_003,Manjari Khurd,21.1,26.4,79.9,552.0,-28.5,1.8,85,0.0,-0.17,2.09,20.6,16.1,-0.71,21.2
2025-07-28,PANC_004,Phursungi,21.1,26.4,79.9,575.0,-5.5,3.5,180,1.0,-0.57,1.16,20.2,17.1,-0.14,23.8
2025-07-28,PANC_005,Loni Kalbhor,21.1,26.4,79.9,548.0,-32.5,1.5,95,0.0,0.2,2.0,21.8,15.4,-0.81,21.5
2025-07-28,PANC_006,Uruli Kanchan,21.1,26.4,79.9,540.0,-40.5,1.2,45,0.0,1.07,1.16,21.9,14.6,-1.01,19.1
2025-07-28,PANC_007,Khed Shivapur,21.1,26.4,79.9,645.0,64.5,8.5,245,1.0,2.93,2.8,24.5,18.9,1.61,25.2
2025-07-28,PANC_008,Kondhwa Budruk,21.1,26.4,79.9,610.0,29.5,6.1,225,1.0,2.2,3.41,23.1,18.4,0.74,24.5
2025-07-28,PANC_009,Dhayari,21.1,26.4,79.9,620.0,39.5,7.0,260,1.0,2.27,2.12,21.0,19.8,0.99,27.2
2025-07-28,PANC_010,Nanded Gramin,21.1,26.4,79.9,565.0,-15.5,2.8,10,0.0,4.53,1.14,27.0,15.1,-0.39,20.4
2025-07-28,PANC_101,Sampatchak Gramin,21.1,26.4,79.9,53.0,1.2,0.8,10,0.0,1.9,1.66,23.1,14.7,0.03,20.6
2025-07-28,PANC_102,Bairiya,21.1,26.4,79.9,51.5,-0.3,0.5,90,0.0,0.07,0.73,21.1,16.6,-0.01,21.2
2025-07-28,PANC_103,Kanhauli,21.1,26.4,79.9,54.2,2.4,1.1,180,1.0,0.2,0.92,21.3,19.7,0.06,25.2
2025-07-28,PANC_104,Chipura,21.1,26.4,79.9,50.8,-1.0,0.4,45,0.0,0.37,0.84,21.4,15.2,-0.03,22.2
2025-07-28,PANC_105,Sonagopalpur,21.1,26.4,79.9,52.0,0.2,0.6,85,0.0,1.57,1.91,23.1,16.2,0.01,22.6
2025-07-28,PANC_106,Tarangpur,21.1,26.4,79.9,49.5,-2.3,0.3,5,0.0,1.23,2.04,22.0,14.3,-0.06,20.7
2025-07-29,PANC_001,Wagholi,11.5,25.7,80.0,590.0,9.5,4.2,90,0.0,-1.33,0.52,10.1,9.8,0.24,12.0
2025-07-29,PANC_002,Hadapsar Rural,11.5,25.7,80.0,560.0,-20.5,2.1,0,0.0,2.57,3.17,13.4,8.4,-0.51,10.9
2025-07-29,PANC_003,Manjari Khurd,11.5,25.7,80.0,552.0,-28.5,1.8,85,0.0,1.13,1.73,12.4,7.8,-0.71,9.8
2025-07-29,PANC_004,Phursungi,11.5,25.7,80.0,575.0,-5.5,3.5,180,1.0,-1.33,0.52,10.3,11.5,-0.14,15.0
2025-07-29,PANC_005,Loni Kalbhor,11.5,25.7,80.0,548.0,-32.5,1.5,95,0.0,0.4,2.24,12.0,7.7,-0.81,9.8
2025-07-29,PANC_006,Uruli Kanchan,11.5,25.7,80.0,540.0,-40.5,1.2,45,0.0,0.03,2.45,11.0,6.3,-1.01,9.8
2025-07-29,PANC_007,Khed Shivapur,11.5,25.7,80.0,645.0,64.5,8.5,245,1.0,3.27,2.3,14.9,15.0,1.61,18.9
2025-07-29,PANC_008,Kondhwa Budruk,11.5,25.7,80.0,610.0,29.5,6.1,225,1.0,2.17,1.96,13.5,14.0,0.74,17.4
2025-07-29,PANC_009,Dhayari,11.5,25.7,80.0,620.0,39.5,7.0,260,1.0,4.53,3.06,12.6,11.1,0.99,15.1
2025-07-29,PANC_010,Nanded Gramin,11.5,25.7,80.0,565.0,-15.5,2.8,10,0.0,5.63,1.56,15.4,8.8,-0.39,11.8
2025-07-29,PANC_101,Sampatchak Gramin,11.5,25.7,80.0,53.0,1.2,0.8,10,0.0,0.7,2.62,12.6,8.1,0.03,12.4
2025-07-29,PANC_102,Bairiya,11.5,25.7,80.0,51.5,-0.3,0.5,90,0.0,0.47,1.07,12.3,8.1,-0.01,10.3
2025-07-29,PANC_103,Kanhauli,11.5,25.7,80.0,54.2,2.4,1.1,180,1.0,-0.4,0.92,11.4,12.4,0.06,15.9
2025-07-29,PANC_104,Chipura,11.5,25.7,80.0,50.8,-1.0,0.4,45,0.0,-0.47,0.97,11.0,9.7,-0.03,13.0
2025-07-29,PANC_105,Sonagopalpur,11.5,25.7,80.0,52.0,0.2,0.6,85,0.0,2.27,1.53,14.1,8.7,0.01,10.4
2025-07-29,PANC_106,Tarangpur,11.5,25.7,80.0,49.5,-2.3,0.3,5,0.0,1.37,2.31,12.6,7.6,-0.06,10.5
2025-07-30,PANC_001,Wagholi,9.4,27.6,84.3,590.0,9.5,4.2,90,0.0,-1.2,1.14,7.6,7.4,0.24,10.6
2025-07-30,PANC_002,Hadapsar Rural,9.4,27.6,84.3,560.0,-20.5,2.1,0,0.0,2.17,3.4,11.3,6.7,-0.51,8.2
2025-07-30,PANC_003,Manjari Khurd,9.4,27.6,84.3,552.0,-28.5,1.8,85,0.0,1.7,2.6,10.7,6.3,-0.71,6.8
2025-07-30,PANC_004,Phursungi,9.4,27.6,84.3,575.0,-5.5,3.5,180,1.0,-1.2,1.14,8.1,10.4,-0.14,14.5
2025-07-30,PANC_005,Loni Kalbhor,9.4,27.6,84.3,548.0,-32.5,1.5,95,0.0,0.43,3.35,10.0,7.4,-0.81,9.6
2025-07-30,PANC_006,Uruli Kanchan,9.4,27.6,84.3,540.0,-40.5,1.2,45,0.0,0.9,3.18,9.9,5.4,-1.01,6.7
2025-07-30,PANC_007,Khed Shivapur,9.4,27.6,84.3,645.0,64.5,8.5,245,1.0,2.97,2.28,12.7,12.2,1.61,15.8
2025-07-30,PANC_008,Kondhwa Budruk,9.4,27.6,84.3,610.0,29.5,6.1,225,1.0,3.0,2.97,12.2,10.1,0.74,13.4
2025-07-30,PANC_009,Dhayari,9.4,27.6,84.3,620.0,39.5,7.0,260,1.0,3.4,2.73,9.8,11.5,0.99,14.5
2025-07-30,PANC_010,Nanded Gramin,9.4,27.6,84.3,565.0,-15.5,2.8,10,0.0,5.17,0.98,14.5,7.3,-0.39,9.2
2025-07-30,PANC_101,Sampatchak Gramin,9.4,27.6,84.3,53.0,1.2,0.8,10,0.0,0.43,1.74,10.1,5.9,0.03,9.2
2025-07-30,PANC_102,Bairiya,9.4,27.6,84.3,51.5,-0.3,0.5,90,0.0,-0.43,0.4,9.0,7.1,-0.01,8.6
2025-07-30,PANC_103,Kanhauli,9.4,27.6,84.3,54.2,2.4,1.1,180,1.0,-0.37,0.31,9.0,9.9,0.06,12.3
2025-07-30,PANC_104,Chipura,9.4,27.6,84.3,50.8,-1.0,0.4,45,0.0,-0.6,0.28,8.8,5.7,-0.03,8.4
2025-07-30,PANC_105,Sonagopalpur,9.4,27.6,84.3,52.0,0.2,0.6,85,0.0,0.57,1.68,10.4,6.5,0.01,8.6
2025-07-30,PANC_106,Tarangpur,9.4,27.6,84.3,49.5,-2.3,0.3,5,0.0,0.63,1.62,9.8,7.5,-0.06,9.3
2025-07-31,PANC_001,Wagholi,16.9,26.0,78.1,590.0,9.5,4.2,90,0.0,-1.23,1.02,15.8,13.1,0.24,17.5
2025-07-31,PANC_002,Hadapsar Rural,16.9,26.0,78.1,560.0,-20.5,2.1,0,0.0,3.3,3.24,19.6,12.1,-0.51,16.9
2025-07-31,PANC_003,Manjari Khurd,16.9,26.0,78.1,552.0,-28.5,1.8,85,0.0,1.8,2.14,18.4,11.4,-0.71,15.7
2025-07-31,PANC_004,Phursungi,16.9,26.0,78.1,575.0,-5.5,3.5,180,1.0,-1.23,1.02,16.0,17.4,-0.14,21.7
2025-07-31,PANC_005,Loni Kalbhor,16.9,26.0,78.1,548.0,-32.5,1.5,95,0.0,1.2,2.59,18.2,9.8,-0.81,14.4
2025-07-31,PANC_006,Uruli Kanchan,16.9,26.0,78.1,540.0,-40.5,1.2,45,0.0,0.37,3.18,16.4,12.8,-1.01,16.2
2025-07-31,PANC_007,Khed Shivapur,16.9,26.0,78.1,645.0,64.5,8.5,245,1.0,3.97,3.73,21.3,16.4,1.61,22.1
2025-07-31,PANC_008,Kondhwa Budruk,16.9,26.0,78.1,610.0,29.5,6.1,225,1.0,3.9,2.89,20.6,17.2,0.74,23.2
2025-07-31,PANC_009,Dhayari,16.9,26.0,78.1,620.0,39.5,7.0,260,1.0,3.4,3.35,16.5,18.5,0.99,23.8
2025-07-31,PANC_010,Nanded Gramin,16.9,26.0,78.1,565.0,-15.5,2.8,10,0.0,6.13,0.7,23.7,12.0,-0.39,15.6
2025-07-31,PANC_101,Sampatchak Gramin,16.9,26.0,78.1,53.0,1.2,0.8,10,0.0,1.33,1.36,18.5,12.8,0.03,16.4
2025-07-31,PANC_102,Bairiya,16.9,26.0,78.1,51.5,-0.3,0.5,90,0.0,-0.87,0.82,16.3,14.0,-0.01,17.7
2025-07-31,PANC_103,Kanhauli,16.9,26.0,78.1,54.2,2.4,1.1,180,1.0,-0.83,0.85,16.4,14.8,0.06,20.1
2025-07-31,PANC_104,Chipura,16.9,26.0,78.1,50.8,-1.0,0.4,45,0.0,0.1,0.54,17.1,12.1,-0.03,16.8
2025-07-31,PANC_105,Sonagopalpur,16.9,26.0,78.1,52.0,0.2,0.6,85,0.0,0.87,1.66,18.2,11.8,0.01,16.9
2025-07-31,PANC_106,Tarangpur,16.9,26.0,78.1,49.5,-2.3,0.3,5,0.0,1.17,1.53,17.8,10.5,-0.06,14.9
2025-08-01,PANC_001,Wagholi,1.8,29.3,87.4,590.0,9.5,4.2,90,0.0,-0.77,0.45,0.8,2.5,0.24,2.7
2025-08-01,PANC_002,Hadapsar Rural,1.8,29.3,87.4,560.0,-20.5,2.1,0,0.0,2.07,2.42,3.4,2.8,-0.51,1.6
2025-08-01,PANC_003,Manjari Khurd,1.8,29.3,87.4,552.0,-28.5,1.8,85,0.0,1.3,1.42,2.9,0.0,-0.71,0.5
2025-08-01,PANC_004,Phursungi,1.8,29.3,87.4,575.0,-5.5,3.5,180,1.0,-0.77,0.45,1.1,4.1,-0.14,5.0
2025-08-01,PANC_005,Loni Kalbhor,1.8,29.3,87.4,548.0,-32.5,1.5,95,0.0,0.57,1.92,2.4,0.0,-0.81,1.0
2025-08-01,PANC_006,Uruli Kanchan,1.8,29.3,87.4,540.0,-40.5,1.2,45,0.0,0.37,2.01,1.8,0.8,-1.01,0.5
2025-08-01,PANC_007,Khed Shivapur,1.8,29.3,87.4,645.0,64.5,8.5,245,1.0,2.63,2.15,4.7,3.2,1.61,5.3
2025-08-01,PANC_008,Kondhwa Budruk,1.8,29.3,87.4,610.0,29.5,6.1,225,1.0,2.33,1.82,4.0,4.2,0.74,6.1
2025-08-01,PANC_009,Dhayari,1.8,29.3,87.4,620.0,39.5,7.0,260,1.0,2.47,2.05,2.0,4.1,0.99,5.8
2025-08-01,PANC_010,Nanded Gramin,1.8,29.3,87.4,565.0,-15.5,2.8,10,0.0,3.93,0.33,5.8,1.8,-0.39,1.4
2025-08-01,PANC_101,Sampatchak Gramin,1.8,29.3,87.4,53.0,1.2,0.8,10,0.0,1.4,1.34,3.4,4.3,0.03,4.8
2025-08-01,PANC_102,Bairiya,1.8,29.3,87.4,51.5,-0.3,0.5,90,0.0,1.4,1.16,3.7,0.7,-0.01,2.2
2025-08-01,PANC_103,Kanhauli,1.8,29.3,87.4,54.2,2.4,1.1,180,1.0,1.27,1.23,3.5,3.9,0.06,5.1
2025-08-01,PANC_104,Chipura,1.8,29.3,87.4,50.8,-1.0,0.4,45,0.0,1.3,1.2,3.1,1.5,-0.03,2.7
2025-08-01,PANC_105,Sonagopalpur,1.8,29.3,87.4,52.0,0.2,0.6,85,0.0,2.4,1.07,4.4,0.7,0.01,2.3
2025-08-01,PANC_106,Tarangpur,1.8,29.3,87.4,49.5,-2.3,0.3,5,0.0,2.23,1.3,4.0,1.4,-0.06,2.1
2025-08-02,PANC_001,Wagholi,15.6,24.6,82.2,590.0,9.5,4.2,90,0.0,-0.17,1.74,14.5,12.0,0.24,17.0
2025-08-02,PANC_002,Hadapsar Rural,15.6,24.6,82.2,560.0,-20.5,2.1,0,0.0,1.3,3.14,16.1,12.4,-0.51,17.0
2025-08-02,PANC_003,Manjari Khurd,15.6,24.6,82.2,552.0,-28.5,1.8,85,0.0,1.4,0.0,17.0,9.0,-0.71,13.0
2025-08-02,PANC_004,Phursungi,15.6,24.6,82.2,575.0,-5.5,3.5,180,1.0,-0.17,1.74,15.7,13.3,-0.14,17.0
2025-08-02,PANC_005,Loni Kalbhor,15.6,24.6,82.2,548.0,-32.5,1.5,95,0.0,0.07,1.89,15.3,12.9,-0.81,16.3
2025-08-02,PANC_006,Uruli Kanchan,15.6,24.6,82.2,540.0,-40.5,1.2,45,0.0,-0.17,1.74,15.6,10.8,-1.01,14.6
2025-08-02,PANC_007,Khed Shivapur,15.6,24.6,82.2,645.0,64.5,8.5,245,1.0,2.27,2.29,18.0,15.4,1.61,20.5
2025-08-02,PANC_008,Kondhwa Budruk,15.6,24.6,82.2,610.0,29.5,6.1,225,1.0,1.67,0.38,17.2,14.4,0.74,20.7
2025-08-02,PANC_009,Dhayari,15.6,24.6,82.2,620.0,39.5,7.0,260,1.0,3.17,2.59,15.8,13.1,0.99,17.8
2025-08-02,PANC_010,Nanded Gramin,15.6,24.6,82.2,565.0,-15.5,2.8,10,0.0,4.07,1.32,18.1,11.3,-0.39,15.1
2025-08-02,PANC_101,Sampatchak Gramin,15.6,24.6,82.2,53.0,1.2,0.8,10,0.0,0.87,1.43,16.8,14.1,0.03,16.0
2025-08-02,PANC_102,Bairiya,15.6,24.6,82.2,51.5,-0.3,0.5,90,0.0,0.2,0.16,15.8,11.5,-0.01,16.5
2025-08-02,PANC_103,Kanhauli,15.6,24.6,82.2,54.2,2.4,1.1,180,1.0,-0.1,0.57,15.5,14.8,0.06,18.2
2025-08-02,PANC_104,Chipura,15.6,24.6,82.2,50.8,-1.0,0.4,45,0.0,0.13,0.76,15.8,12.5,-0.03,15.6
2025-08-02,PANC_105,Sonagopalpur,15.6,24.6,82.2,52.0,0.2,0.6,85,0.0,1.0,1.14,16.9,11.2,0.01,14.7
2025-08-02,PANC_106,Tarangpur,15.6,24.6,82.2,49.5,-2.3,0.3,5,0.0,1.3,0.94,16.7,13.3,-0.06,15.8
2025-08-03,PANC_001,Wagholi,0.0,28.9,86.7,590.0,9.5,4.2,90,0.0,0.0,0.0,0.0,0.0,0.24,0.0
2025-08-03,PANC_002,Hadapsar Rural,0.0,28.9,86.7,560.0,-20.5,2.1,0,0.0,0.0,0.0,0.0,1.7,-0.51,0.0
2025-08-03,PANC_003,Manjari Khurd,0.0,28.9,86.7,552.0,-28.5,1.8,85,0.0,0.0,0.0,0.0,0.2,-0.71,0.0
2025-08-03,PANC_004,Phursungi,0.0,28.9,86.7,575.0,-5.5,3.5,180,1.0,0.0,0.0,0.0,1.2,-0.14,0.0
2025-08-03,PANC_005,Loni Kalbhor,0.0,28.9,86.7,548.0,-32.5,1.5,95,0.0,0.0,0.0,0.0,1.1,-0.81,0.0
2025-08-03,PANC_006,Uruli Kanchan,0.0,28.9,86.7,540.0,-40.5,1.2,45,0.0,0.0,0.0,0.0,0.3,-1.01,0.0
2025-08-03,PANC_007,Khed Shivapur,0.0,28.9,86.7,645.0,64.5,8.5,245,1.0,0.0,0.0,0.0,0.6,1.61,0.0
2025-08-03,PANC_008,Kondhwa Budruk,0.0,28.9,86.7,610.0,29.5,6.1,225,1.0,0.0,0.0,0.0,0.5,0.74,0.0
2025-08-03,PANC_009,Dhayari,0.0,28.9,86.7,620.0,39.5,7.0,260,1.0,0.0,0.0,0.0,0.0,0.99,0.0
2025-08-03,PANC_010,Nanded Gramin,0.0,28.9,86.7,565.0,-15.5,2.8,10,0.0,0.0,0.0,0.0,0.0,-0.39,0.0
2025-08-03,PANC_101,Sampatchak Gramin,0.0,28.9,86.7,53.0,1.2,0.8,10,0.0,0.0,0.0,0.0,0.9,0.03,0.0
2025-08-03,PANC_102,Bairiya,0.0,28.9,86.7,51.5,-0.3,0.5,90,0.0,0.0,0.0,0.0,1.2,-0.01,0.0
2025-08-03,PANC_103,Kanhauli,0.0,28.9,86.7,54.2,2.4,1.1,180,1.0,0.0,0.0,0.0,0.0,0.06,0.0
2025-08-03,PANC_104,Chipura,0.0,28.9,86.7,50.8,-1.0,0.4,45,0.0,0.0,0.0,0.0,0.4,-0.03,0.0
2025-08-03,PANC_105,Sonagopalpur,0.0,28.9,86.7,52.0,0.2,0.6,85,0.0,0.0,0.0,0.0,0.1,0.01,0.0
2025-08-03,PANC_106,Tarangpur,0.0,28.9,86.7,49.5,-2.3,0.3,5,0.0,0.0,0.0,0.0,0.0,-0.06,0.0
2025-08-04,PANC_001,Wagholi,0.0,28.5,86.6,590.0,9.5,4.2,90,0.0,0.0,0.0,0.0,0.7,0.24,0.0
2025-08-04,PANC_002,Hadapsar Rural,0.0,28.5,86.6,560.0,-20.5,2.1,0,0.0,0.0,0.0,0.0,0.0,-0.51,0.0
2025-08-04,PANC_003,Manjari Khurd,0.0,28.5,86.6,552.0,-28.5,1.8,85,0.0,0.0,0.0,0.0,0.4,-0.71,0.0
2025-08-04,PANC_004,Phursungi,0.0,28.5,86.6,575.0,-5.5,3.5,180,1.0,0.0,0.0,0.0,0.5,-0.14,0.0
2025-08-04,PANC_005,Loni Kalbhor,0.0,28.5,86.6,548.0,-32.5,1.5,95,0.0,0.0,0.0,0.0,0.0,-0.81,0.0
2025-08-04,PANC_006,Uruli Kanchan,0.0,28.5,86.6,540.0,-40.5,1.2,45,0.0,0.0,0.0,0.0,0.5,-1.01,0.0
2025-08-04,PANC_007,Khed Shivapur,0.0,28.5,86.6,645.0,64.5,8.5,245,1.0,0.0,0.0,0.0,0.2,1.61,0.0
2025-08-04,PANC_008,Kondhwa Budruk,0.0,28.5,86.6,610.0,29.5,6.1,225,1.0,0.0,0.0,0.0,0.0,0.74,0.0
2025-08-04,PANC_009,Dhayari,0.0,28.5,86.6,620.0,39.5,7.0,260,1.0,0.0,0.0,0.0,0.0,0.99,0.0
2025-08-04,PANC_010,Nanded Gramin,0.0,28.5,86.6,565.0,-15.5,2.8,10,0.0,0.0,0.0,0.0,0.0,-0.39,0.0
2025-08-04,PANC_101,Sampatchak Gramin,0.0,28.5,86.6,53.0,1.2,0.8,10,0.0,0.0,0.0,0.0,0.3,0.03,0.0
2025-08-04,PANC_102,Bairiya,0.0,28.5,86.6,51.5,-0.3,0.5,90,0.0,0.0,0.0,0.0,0.0,-0.01,0.0
2025-08-04,PANC_103,Kanhauli,0.0,28.5,86.6,54.2,2.4,1.1,180,1.0,0.0,0.0,0.0,0.1,0.06,0.0
2025-08-04,PANC_104,Chipura,0.0,28.5,86.6,50.8,-1.0,0.4,45,0.0,0.0,0.0,0.0,0.0,-0.03,0.0
2025-08-04,PANC_105,Sonagopalpur,0.0,28.5,86.6,52.0,0.2,0.6,85,0.0,0.0,0.0,0.0,0.5,0.01,0.0
2025-08-04,PANC_106,Tarangpur,0.0,28.5,86.6,49.5,-2.3,0.3,5,0.0,0.0,0.0,0.0,0.0,-0.06,0.0
2025-08-05,PANC_001,Wagholi,0.0,29.7,83.5,590.0,9.5,4.2,90,0.0,0.0,0.0,0.0,0.3,0.24,0.0
2025-08-05,PANC_002,Hadapsar Rural,0.0,29.7,83.5,560.0,-20.5,2.1,0,0.0,0.0,0.0,0.0,0.0,-0.51,0.0
2025-08-05,PANC_003,Manjari Khurd,0.0,29.7,83.5,552.0,-28.5,1.8,85,0.0,0.0,0.0,0.0,0.5,-0.71,0.0
2025-08-05,PANC_004,Phursungi,0.0,29.7,83.5,575.0,-5.5,3.5,180,1.0,0.0,0.0,0.0,0.7,-0.14,0.0
2025-08-05,PANC_005,Loni Kalbhor,0.0,29.7,83.5,548.0,-32.5,1.5,95,0.0,0.0,0.0,0.0,0.0,-0.81,0.0
2025-08-05,PANC_006,Uruli Kanchan,0.0,29.7,83.5,540.0,-40.5,1.2,45,0.0,0.0,0.0,0.0,0.1,-1.01,0.0
2025-08-05,PANC_007,Khed Shivapur,0.0,29.7,83.5,645.0,64.5,8.5,245,1.0,0.7,0.99,0.9,1.6,1.61,0.0
2025-08-05,PANC_008,Kondhwa Budruk,0.0,29.7,83.5,610.0,29.5,6.1,225,1.0,0.7,0.99,0.6,0.0,0.74,0.0
2025-08-05,PANC_009,Dhayari,0.0,29.7,83.5,620.0,39.5,7.0,260,1.0,0.0,0.0,0.0,0.7,0.99,2.1
2025-08-05,PANC_010,Nanded Gramin,0.0,29.7,83.5,565.0,-15.5,2.8,10,0.0,0.7,0.99,1.9,1.2,-0.39,0.0
2025-08-05,PANC_101,Sampatchak Gramin,0.0,29.7,83.5,53.0,1.2,0.8,10,0.0,0.0,0.0,0.0,1.6,0.03,0.0
2025-08-05,PANC_102,Bairiya,0.0,29.7,83.5,51.5,-0.3,0.5,90,0.0,0.0,0.0,0.0,0.0,-0.01,0.0
2025-08-05,PANC_103,Kanhauli,0.0,29.7,83.5,54.2,2.4,1.1,180,1.0,0.0,0.0,0.0,0.8,0.06,0.0
2025-08-05,PANC_104,Chipura,0.0,29.7,83.5,50.8,-1.0,0.4,45,0.0,0.0,0.0,0.0,1.1,-0.03,0.0
2025-08-05,PANC_105,Sonagopalpur,0.0,29.7,83.5,52.0,0.2,0.6,85,0.0,0.0,0.0,0.0,0.0,0.01,0.0
2025-08-05,PANC_106,Tarangpur,0.0,29.7,83.5,49.5,-2.3,0.3,5,0.0,0.0,0.0,0.0,0.0,-0.06,0.0
2025-08-06,PANC_001,Wagholi,6.5,28.9,94.9,590.0,9.5,4.2,90,0.0,-0.7,0.33,5.8,6.0,0.24,6.3
2025-08-06,PANC_002,Hadapsar Rural,6.5,28.9,94.9,560.0,-20.5,2.1,0,0.0,2.93,2.57,9.2,3.7,-0.51,5.4
2025-08-06,PANC_003,Manjari Khurd,6.5,28.9,94.9,552.0,-28.5,1.8,85,0.0,1.2,2.64,7.4,4.2,-0.71,5.8
2025-08-06,PANC_004,Phursungi,6.5,28.9,94.9,575.0,-5.5,3.5,180,1.0,-0.7,0.33,5.7,8.5,-0.14,11.4
2025-08-06,PANC_005,Loni Kalbhor,6.5,28.9,94.9,548.0,-32.5,1.5,95,0.0,1.03,2.74,7.9,4.3,-0.81,6.2
2025-08-06,PANC_006,Uruli Kanchan,6.5,28.9,94.9,540.0,-40.5,1.2,45,0.0,1.3,2.55,7.2,4.3,-1.01,5.5
2025-08-06,PANC_007,Khed Shivapur,6.5,28.9,94.9,645.0,64.5,8.5,245,1.0,2.3,3.83,9.3,8.9,1.61,12.7
2025-08-06,PANC_008,Kondhwa Budruk,6.5,28.9,94.9,610.0,29.5,6.1,225,1.0,3.07,2.95,9.4,7.4,0.74,11.1
2025-08-06,PANC_009,Dhayari,6.5,28.9,94.9,620.0,39.5,7.0,260,1.0,2.57,4.06,4.4,9.4,0.99,11.9
2025-08-06,PANC_010,Nanded Gramin,6.5,28.9,94.9,565.0,-15.5,2.8,10,0.0,5.4,0.65,11.9,3.1,-0.39,3.4
2025-08-06,PANC_101,Sampatchak Gramin,6.5,28.9,94.9,53.0,1.2,0.8,10,0.0,0.8,1.14,7.5,4.0,0.03,6.2
2025-08-06,PANC_102,Bairiya,6.5,28.9,94.9,51.5,-0.3,0.5,90,0.0,0.6,0.83,6.8,5.7,-0.01,6.7
2025-08-06,PANC_103,Kanhauli,6.5,28.9,94.9,54.2,2.4,1.1,180,1.0,0.4,0.92,6.5,6.2,0.06,8.9
2025-08-06,PANC_104,Chipura,6.5,28.9,94.9,50.8,-1.0,0.4,45,0.0,-0.1,0.22,6.4,5.4,-0.03,6.9
2025-08-06,PANC_105,Sonagopalpur,6.5,28.9,94.9,52.0,0.2,0.6,85,0.0,0.83,1.14,7.6,5.4,0.01,6.3
2025-08-06,PANC_106,Tarangpur,6.5,28.9,94.9,49.5,-2.3,0.3,5,0.0,0.77,1.17,7.1,6.1,-0.06,8.2
2025-08-07,PANC_001,Wagholi,0.0,29.1,84.1,590.0,9.5,4.2,90,0.0,0.0,0.0,0.0,3.7,0.24,5.9
2025-08-07,PANC_002,Hadapsar Rural,0.0,29.1,84.1,560.0,-20.5,2.1,0,0.0,0.0,0.0,0.0,1.1,-0.51,0.0
2025-08-07,PANC_003,Manjari Khurd,0.0,29.1,84.1,552.0,-28.5,1.8,85,0.0,1.97,2.78,1.8,0.2,-0.71,0.0
2025-08-07,PANC_004,Phursungi,0.0,29.1,84.1,575.0,-5.5,3.5,180,1.0,0.0,0.0,0.0,0.2,-0.14,0.0
2025-08-07,PANC_005,Loni Kalbhor,0.0,29.1,84.1,548.0,-32.5,1.5,95,0.0,0.0,0.0,0.0,0.0,-0.81,0.0
2025-08-07,PANC_006,Uruli Kanchan,0.0,29.1,84.1,540.0,-40.5,1.2,45,0.0,0.0,0.0,0.0,0.0,-1.01,0.0
2025-08-07,PANC_007,Khed Shivapur,0.0,29.1,84.1,645.0,64.5,8.5,245,1.0,0.0,0.0,0.0,0.0,1.61,0.0
2025-08-07,PANC_008,Kondhwa Budruk,0.0,29.1,84.1,610.0,29.5,6.1,225,1.0,0.0,0.0,0.0,0.0,0.74,0.0
2025-08-07,PANC_009,Dhayari,0.0,29.1,84.1,620.0,39.5,7.0,260,1.0,0.0,0.0,0.0,0.6,0.99,0.0
2025-08-07,PANC_010,Nanded Gramin,0.0,29.1,84.1,565.0,-15.5,2.8,10,0.0,0.0,0.0,0.0,0.0,-0.39,0.0
2025-08-07,PANC_101,Sampatchak Gramin,0.0,29.1,84.1,53.0,1.2,0.8,10,0.0,0.0,0.0,0.0,0.0,0.03,0.0
2025-08-07,PANC_102,Bairiya,0.0,29.1,84.1,51.5,-0.3,0.5,90,0.0,0.0,0.0,0.0,0.0,-0.01,0.0
2025-08-07,PANC_103,Kanhauli,0.0,29.1,84.1,54.2,2.4,1.1,180,1.0,0.0,0.0,0.0,0.0,0.06,0.0
2025-08-07,PANC_104,Chipura,0.0,29.1,84.1,50.8,-1.0,0.4,45,0.0,0.0,0.0,0.0,0.0,-0.03,0.0
2025-08-07,PANC_105,Sonagopalpur,0.0,29.1,84.1,52.0,0.2,0.6,85,0.0,0.0,0.0,0.0,0.0,0.01,0.0
2025-08-07,PANC_106,Tarangpur,0.0,29.1,84.1,49.5,-2.3,0.3,5,0.0,0.0,0.0,0.0,0.4,-0.06,0.0
2025-08-08,PANC_001,Wagholi,0.0,32.1,87.4,590.0,9.5,4.2,90,0.0,0.0,0.0,0.0,0.3,0.24,0.0
2025-08-08,PANC_002,Hadapsar Rural,0.0,32.1,87.4,560.0,-20.5,2.1,0,0.0,0.0,0.0,0.0,0.0,-0.51,0.0
2025-08-08,PANC_003,Manjari Khurd,0.0,32.1,87.4,552.0,-28.5,1.8,85,0.0,0.0,0.0,0.0,0.0,-0.71,0.0
2025-08-08,PANC_004,Phursungi,0.0,32.1,87.4,575.0,-5.5,3.5,180,1.0,0.0,0.0,0.0,0.0,-0.14,0.0
2025-08-08,PANC_005,Loni Kalbhor,0.0,32.1,87.4,548.0,-32.5,1.5,95,0.0,0.0,0.0,0.0,0.0,-0.81,0.0
2025-08-08,PANC_006,Uruli Kanchan,0.0,32.1,87.4,540.0,-40.5,1.2,45,0.0,0.0,0.0,0.0,0.0,-1.01,0.0
2025-08-08,PANC_007,Khed Shivapur,0.0,32.1,87.4,645.0,64.5,8.5,245,1.0,0.0,0.0,0.0,0.7,1.61,0.0
2025-08-08,PANC_008,Kondhwa Budruk,0.0,32.1,87.4,610.0,29.5,6.1,225,1.0,0.0,0.0,0.0,0.0,0.74,0.0
2025-08-08,PANC_009,Dhayari,0.0,32.1,87.4,620.0,39.5,7.0,260,1.0,0.0,0.0,0.0,0.2,0.99,0.0
2025-08-08,PANC_010,Nanded Gramin,0.0,32.1,87.4,565.0,-15.5,2.8,10,0.0,0.0,0.0,0.0,1.0,-0.39,0.0
2025-08-08,PANC_101,Sampatchak Gramin,0.0,32.1,87.4,53.0,1.2,0.8,10,0.0,0.0,0.0,0.0,0.0,0.03,0.0
2025-08-08,PANC_102,Bairiya,0.0,32.1,87.4,51.5,-0.3,0.5,90,0.0,0.0,0.0,0.0,0.0,-0.01,0.0
2025-08-08,PANC_103,Kanhauli,0.0,32.1,87.4,54.2,2.4,1.1,180,1.0,0.0,0.0,0.0,0.0,0.06,0.0
2025-08-08,PANC_104,Chipura,0.0,32.1,87.4,50.8,-1.0,0.4,45,0.0,0.0,0.0,0.0,0.9,-0.03,0.0
2025-08-08,PANC_105,Sonagopalpur,0.0,32.1,87.4,52.0,0.2,0.6,85,0.0,0.0,0.0,0.0,0.2,0.01,0.0
2025-08-08,PANC_106,Tarangpur,0.0,32.1,87.4,49.5,-2.3,0.3,5,0.0,0.0,0.0,0.0,0.0,-0.06,0.0
2025-08-09,PANC_001,Wagholi,0.0,29.2,81.6,590.0,9.5,4.2,90,0.0,0.87,1.23,0.6,0.0,0.24,0.0
2025-08-09,PANC_002,Hadapsar Rural,0.0,29.2,81.6,560.0,-20.5,2.1,0,0.0,0.0,0.0,0.0,2.0,-0.51,2.6
2025-08-09,PANC_003,Manjari Khurd,0.0,29.2,81.6,552.0,-28.5,1.8,85,0.0,0.87,1.23,1.1,0.7,-0.71,0.0
2025-08-09,PANC_004,Phursungi,0.0,29.2,81.6,575.0,-5.5,3.5,180,1.0,0.87,1.23,1.2,0.0,-0.14,0.0
2025-08-09,PANC_005,Loni Kalbhor,0.0,29.2,81.6,548.0,-32.5,1.5,95,0.0,0.87,1.23,0.5,0.0,-0.81,0.0
2025-08-09,PANC_006,Uruli Kanchan,0.0,29.2,81.6,540.0,-40.5,1.2,45,0.0,0.0,0.0,0.0,0.0,-1.01,0.0
2025-08-09,PANC_007,Khed Shivapur,0.0,29.2,81.6,645.0,64.5,8.5,245,1.0,0.0,0.0,0.0,0.0,1.61,0.0
2025-08-09,PANC_008,Kondhwa Budruk,0.0,29.2,81.6,610.0,29.5,6.1,225,1.0,0.87,1.23,0.9,1.0,0.74,0.0
2025-08-09,PANC_009,Dhayari,0.0,29.2,81.6,620.0,39.5,7.0,260,1.0,0.0,0.0,0.0,0.0,0.99,0.0
2025-08-09,PANC_010,Nanded Gramin,0.0,29.2,81.6,565.0,-15.5,2.8,10,0.0,0.0,0.0,0.0,0.0,-0.39,0.0
2025-08-09,PANC_101,Sampatchak Gramin,0.0,29.2,81.6,53.0,1.2,0.8,10,0.0,0.0,0.0,0.0,0.0,0.03,0.0
2025-08-09,PANC_102,Bairiya,0.0,29.2,81.6,51.5,-0.3,0.5,90,0.0,0.0,0.0,0.0,0.2,-0.01,0.0
2025-08-09,PANC_103,Kanhauli,0.0,29.2,81.6,54.2,2.4,1.1,180,1.0,0.0,0.0,0.0,0.0,0.06,0.0
2025-08-09,PANC_104,Chipura,0.0,29.2,81.6,50.8,-1.0,0.4,45,0.0,0.0,0.0,0.0,0.0,-0.03,0.0
2025-08-09,PANC_105,Sonagopalpur,0.0,29.2,81.6,52.0,0.2,0.6,85,0.0,0.0,0.0,0.0,0.0,0.01,0.0
2025-08-09,PANC_106,Tarangpur,0.0,29.2,81.6,49.5,-2.3,0.3,5,0.0,0.0,0.0,0.0,1.0,-0.06,0.0
2025-08-10,PANC_001,Wagholi,13.4,28.8,82.8,590.0,9.5,4.2,90,0.0,-1.3,0.71,12.5,11.1,0.24,14.5
2025-08-10,PANC_002,Hadapsar Rural,13.4,28.8,82.8,560.0,-20.5,2.1,0,0.0,2.6,2.12,15.6,9.1,-0.51,11.6
2025-08-10,PANC_003,Manjari Khurd,13.4,28.8,82.8,552.0,-28.5,1.8,85,0.0,0.9,2.13,14.0,9.1,-0.71,13.1
2025-08-10,PANC_004,Phursungi,13.4,28.8,82.8,575.0,-5.5,3.5,180,1.0,-1.3,0.71,12.0,11.8,-0.14,16.8
2025-08-10,PANC_005,Loni Kalbhor,13.4,28.8,82.8,548.0,-32.5,1.5,95,0.0,0.43,2.19,14.2,9.5,-0.81,11.6
2025-08-10,PANC_006,Uruli Kanchan,13.4,28.8,82.8,540.0,-40.5,1.2,45,0.0,0.43,2.19,13.1,9.7,-1.01,11.8
2025-08-10,PANC_007,Khed Shivapur,13.4,28.8,82.8,645.0,64.5,8.5,245,1.0,2.4,2.91,16.1,14.7,1.61,20.7
2025-08-10,PANC_008,Kondhwa Budruk,13.4,28.8,82.8,610.0,29.5,6.1,225,1.0,1.93,2.66,15.2,12.6,0.74,18.1
2025-08-10,PANC_009,Dhayari,13.4,28.8,82.8,620.0,39.5,7.0,260,1.0,3.43,3.78,12.6,13.1,0.99,17.6
2025-08-10,PANC_010,Nanded Gramin,13.4,28.8,82.8,565.0,-15.5,2.8,10,0.0,5.4,1.36,17.7,8.1,-0.39,11.7
2025-08-10,PANC_101,Sampatchak Gramin,13.4,28.8,82.8,53.0,1.2,0.8,10,0.0,1.1,2.33,15.0,9.8,0.03,13.9
2025-08-10,PANC_102,Bairiya,13.4,28.8,82.8,51.5,-0.3,0.5,90,0.0,0.03,1.11,13.4,9.2,-0.01,13.6
2025-08-10,PANC_103,Kanhauli,13.4,28.8,82.8,54.2,2.4,1.1,180,1.0,0.13,0.97,13.4,12.9,0.06,17.7
2025-08-10,PANC_104,Chipura,13.4,28.8,82.8,50.8,-1.0,0.4,45,0.0,-0.17,0.74,13.3,8.0,-0.03,11.9
2025-08-10,PANC_105,Sonagopalpur,13.4,28.8,82.8,52.0,0.2,0.6,85,0.0,1.1,2.41,15.1,8.3,0.01,12.2
2025-08-10,PANC_106,Tarangpur,13.4,28.8,82.8,49.5,-2.3,0.3,5,0.0,1.67,1.87,14.8,11.1,-0.06,14.5
2025-08-11,PANC_001,Wagholi,0.0,28.2,70.0,590.0,9.5,4.2,90,0.0,0.0,0.0,0.0,0.4,0.24,0.0
2025-08-11,PANC_002,Hadapsar Rural,0.0,28.2,70.0,560.0,-20.5,2.1,0,0.0,0.0,0.0,0.0,0.2,-0.51,0.0
2025-08-11,PANC_003,Manjari Khurd,0.0,28.2,70.0,552.0,-28.5,1.8,85,0.0,0.0,0.0,0.0,0.2,-0.71,0.0
2025-08-11,PANC_004,Phursungi,0.0,28.2,70.0,575.0,-5.5,3.5,180,1.0,0.0,0.0,0.0,1.0,-0.14,0.0
2025-08-11,PANC_005,Loni Kalbhor,0.0,28.2,70.0,548.0,-32.5,1.5,95,0.0,0.0,0.0,0.0,0.6,-0.81,0.0
2025-08-11,PANC_006,Uruli Kanchan,0.0,28.2,70.0,540.0,-40.5,1.2,45,0.0,0.0,0.0,0.0,0.2,-1.01,0.0
2025-08-11,PANC_007,Khed Shivapur,0.0,28.2,70.0,645.0,64.5,8.5,245,1.0,0.0,0.0,0.0,0.0,1.61,0.0
2025-08-11,PANC_008,Kondhwa Budruk,0.0,28.2,70.0,610.0,29.5,6.1,225,1.0,0.0,0.0,0.0,0.0,0.74,0.0
2025-08-11,PANC_009,Dhayari,0.0,28.2,70.0,620.0,39.5,7.0,260,1.0,0.0,0.0,0.0,0.0,0.99,0.0
2025-08-11,PANC_010,Nanded Gramin,0.0,28.2,70.0,565.0,-15.5,2.8,10,0.0,0.0,0.0,0.0,0.1,-0.39,0.0
2025-08-11,PANC_101,Sampatchak Gramin,0.0,28.2,70.0,53.0,1.2,0.8,10,0.0,0.0,0.0,0.0,0.0,0.03,0.0
2025-08-11,PANC_102,Bairiya,0.0,28.2,70.0,51.5,-0.3,0.5,90,0.0,0.0,0.0,0.0,1.9,-0.01,0.0
2025-08-11,PANC_103,Kanhauli,0.0,28.2,70.0,54.2,2.4,1.1,180,1.0,0.0,0.0,0.0,1.2,0.06,0.0
2025-08-11,PANC_104,Chipura,0.0,28.2,70.0,50.8,-1.0,0.4,45,0.0,0.0,0.0,0.0,0.5,-0.03,0.0
2025-08-11,PANC_105,Sonagopalpur,0.0,28.2,70.0,52.0,0.2,0.6,85,0.0,0.0,0.0,0.0,0.1,0.01,0.0
2025-08-11,PANC_106,Tarangpur,0.0,28.2,70.0,49.5,-2.3,0.3,5,0.0,0.0,0.0,0.0,0.0,-0.06,0.0
2025-08-12,PANC_001,Wagholi,30.4,27.8,87.3,590.0,9.5,4.2,90,0.0,-1.5,0.85,29.2,21.9,0.24,30.3
2025-08-12,PANC_002,Hadapsar Rural,30.4,27.8,87.3,560.0,-20.5,2.1,0,0.0,2.43,2.52,32.3,21.6,-0.51,29.5
2025-08-12,PANC_003,Manjari Khurd,30.4,27.8,87.3,552.0,-28.5,1.8,85,0.0,0.67,1.68,30.8,22.1,-0.71,29.5
2025-08-12,PANC_004,Phursungi,30.4,27.8,87.3,575.0,-5.5,3.5,180,1.0,-1.5,0.85,29.1,24.4,-0.14,33.4
2025-08-12,PANC_005,Loni Kalbhor,30.4,27.8,87.3,548.0,-32.5,1.5,95,0.0,0.4,1.84,31.0,21.8,-0.81,27.7
2025-08-12,PANC_006,Uruli Kanchan,30.4,27.8,87.3,540.0,-40.5,1.2,45,0.0,-0.2,2.38,29.4,21.5,-1.01,28.7
2025-08-12,PANC_007,Khed Shivapur,30.4,27.8,87.3,645.0,64.5,8.5,245,1.0,2.9,1.92,33.4,25.6,1.61,34.7
2025-08-12,PANC_008,Kondhwa Budruk,30.4,27.8,87.3,610.0,29.5,6.1,225,1.0,1.7,1.84,32.0,25.7,0.74,35.6
2025-08-12,PANC_009,Dhayari,30.4,27.8,87.3,620.0,39.5,7.0,260,1.0,3.33,2.04,31.5,25.4,0.99,33.4
2025-08-12,PANC_010,Nanded Gramin,30.4,27.8,87.3,565.0,-15.5,2.8,10,0.0,4.17,0.9,33.6,23.5,-0.39,30.9
2025-08-12,PANC_101,Sampatchak Gramin,30.4,27.8,87.3,53.0,1.2,0.8,10,0.0,1.0,0.43,31.4,22.5,0.03,30.9
2025-08-12,PANC_102,Bairiya,30.4,27.8,87.3,51.5,-0.3,0.5,90,0.0,-0.17,0.48,30.4,21.3,-0.01,30.8
2025-08-12,PANC_103,Kanhauli,30.4,27.8,87.3,54.2,2.4,1.1,180,1.0,0.37,0.74,31.0,24.2,0.06,31.8
2025-08-12,PANC_104,Chipura,30.4,27.8,87.3,50.8,-1.0,0.4,45,0.0,0.7,0.36,31.1,22.4,-0.03,30.0
2025-08-12,PANC_105,Sonagopalpur,30.4,27.8,87.3,52.0,0.2,0.6,85,0.0,0.5,0.73,31.1,24.0,0.01,31.6
2025-08-12,PANC_106,Tarangpur,30.4,27.8,87.3,49.5,-2.3,0.3,5,0.0,0.77,0.45,31.1,23.9,-0.06,29.8
2025-08-13,PANC_001,Wagholi,0.9,26.4,85.8,590.0,9.5,4.2,90,0.0,-0.13,0.82,0.7,2.1,0.24,1.3
2025-08-13,PANC_002,Hadapsar Rural,0.9,26.4,85.8,560.0,-20.5,2.1,0,0.0,2.47,2.19,2.9,1.1,-0.51,1.9
2025-08-13,PANC_003,Manjari Khurd,0.9,26.4,85.8,552.0,-28.5,1.8,85,0.0,1.53,1.2,2.3,0.1,-0.71,0.4
2025-08-13,PANC_004,Phursungi,0.9,26.4,85.8,575.0,-5.5,3.5,180,1.0,-0.13,0.82,1.0,2.2,-0.14,4.1
2025-08-13,PANC_005,Loni Kalbhor,0.9,26.4,85.8,548.0,-32.5,1.5,95,0.0,1.23,1.52,2.1,0.0,-0.81,0.0
2025-08-13,PANC_006,Uruli Kanchan,0.9,26.4,85.8,540.0,-40.5,1.2,45,0.0,0.6,1.85,1.0,0.9,-1.01,0.0
2025-08-13,PANC_007,Khed Shivapur,0.9,26.4,85.8,645.0,64.5,8.5,245,1.0,3.1,2.77,4.3,5.4,1.61,5.8
2025-08-13,PANC_008,Kondhwa Budruk,0.9,26.4,85.8,610.0,29.5,6.1,225,1.0,3.2,1.8,4.0,4.1,0.74,5.6
2025-08-13,PANC_009,Dhayari,0.9,26.4,85.8,620.0,39.5,7.0,260,1.0,2.93,2.64,0.8,4.2,0.99,6.3
2025-08-13,PANC_010,Nanded Gramin,0.9,26.4,85.8,565.0,-15.5,2.8,10,0.0,5.0,0.29,6.2,0.0,-0.39,0.1
2025-08-13,PANC_101,Sampatchak Gramin,0.9,26.4,85.8,53.0,1.2,0.8,10,0.0,1.4,2.39,2.5,0.0,0.03,0.3
2025-08-13,PANC_102,Bairiya,0.9,26.4,85.8,51.5,-0.3,0.5,90,0.0,-0.37,0.56,0.6,0.0,-0.01,0.0
2025-08-13,PANC_103,Kanhauli,0.9,26.4,85.8,54.2,2.4,1.1,180,1.0,-0.37,0.56,0.6,4.0,0.06,5.6
2025-08-13,PANC_104,Chipura,0.9,26.4,85.8,50.8,-1.0,0.4,45,0.0,-0.37,0.56,0.5,1.1,-0.03,1.3
2025-08-13,PANC_105,Sonagopalpur,0.9,26.4,85.8,52.0,0.2,0.6,85,0.0,1.5,2.3,2.9,1.8,0.01,1.3
2025-08-13,PANC_106,Tarangpur,0.9,26.4,85.8,49.5,-2.3,0.3,5,0.0,1.07,2.57,1.6,0.0,-0.06,0.0
2025-08-14,PANC_001,Wagholi,0.0,24.1,86.1,590.0,9.5,4.2,90,0.0,0.0,0.0,0.0,0.5,0.24,0.0
2025-08-14,PANC_002,Hadapsar Rural,0.0,24.1,86.1,560.0,-20.5,2.1,0,0.0,0.0,0.0,0.0,1.1,-0.51,0.0
2025-08-14,PANC_003,Manjari Khurd,0.0,24.1,86.1,552.0,-28.5,1.8,85,0.0,0.0,0.0,0.0,0.0,-0.71,0.0
2025-08-14,PANC_004,Phursungi,0.0,24.1,86.1,575.0,-5.5,3.5,180,1.0,0.0,0.0,0.0,0.1,-0.14,0.0
2025-08-14,PANC_005,Loni Kalbhor,0.0,24.1,86.1,548.0,-32.5,1.5,95,0.0,0.0,0.0,0.0,0.0,-0.81,0.0
2025-08-14,PANC_006,Uruli Kanchan,0.0,24.1,86.1,540.0,-40.5,1.2,45,0.0,0.0,0.0,0.0,1.0,-1.01,0.0
2025-08-14,PANC_007,Khed Shivapur,0.0,24.1,86.1,645.0,64.5,8.5,245,1.0,0.0,0.0,0.0,0.9,1.61,0.0
2025-08-14,PANC_008,Kondhwa Budruk,0.0,24.1,86.1,610.0,29.5,6.1,225,1.0,0.0,0.0,0.0,0.4,0.74,0.0
2025-08-14,PANC_009,Dhayari,0.0,24.1,86.1,620.0,39.5,7.0,260,1.0,0.0,0.0,0.0,0.0,0.99,0.0
2025-08-14,PANC_010,Nanded Gramin,0.0,24.1,86.1,565.0,-15.5,2.8,10,0.0,0.0,0.0,0.0,0.0,-0.39,0.0
2025-08-14,PANC_101,Sampatchak Gramin,0.0,24.1,86.1,53.0,1.2,0.8,10,0.0,2.07,2.92,2.5,0.0,0.03,0.0
2025-08-14,PANC_102,Bairiya,0.0,24.1,86.1,51.5,-0.3,0.5,90,0.0,0.0,0.0,0.0,0.0,-0.01,0.0
2025-08-14,PANC_103,Kanhauli,0.0,24.1,86.1,54.2,2.4,1.1,180,1.0,0.0,0.0,0.0,5.7,0.06,6.2
2025-08-14,PANC_104,Chipura,0.0,24.1,86.1,50.8,-1.0,0.4,45,0.0,0.0,0.0,0.0,0.0,-0.03,0.0
2025-08-14,PANC_105,Sonagopalpur,0.0,24.1,86.1,52.0,0.2,0.6,85,0.0,2.07,2.92,2.8,0.0,0.01,0.0
2025-08-14,PANC_106,Tarangpur,0.0,24.1,86.1,49.5,-2.3,0.3,5,0.0,2.07,2.92,1.6,1.2,-0.06,0.0
2025-08-15,PANC_001,Wagholi,0.0,26.8,84.0,590.0,9.5,4.2,90,0.0,0.7,0.99,1.2,0.0,0.24,0.0
2025-08-15,PANC_002,Hadapsar Rural,0.0,26.8,84.0,560.0,-20.5,2.1,0,0.0,0.7,0.99,0.8,0.0,-0.51,0.0
2025-08-15,PANC_003,Manjari Khurd,0.0,26.8,84.0,552.0,-28.5,1.8,85,0.0,0.0,0.0,0.0,1.1,-0.71,2.1
2025-08-15,PANC_004,Phursungi,0.0,26.8,84.0,575.0,-5.5,3.5,180,1.0,0.7,0.99,0.6,0.5,-0.14,0.0
2025-08-15,PANC_005,Loni Kalbhor,0.0,26.8,84.0,548.0,-32.5,1.5,95,0.0,0.7,0.99,0.9,0.0,-0.81,0.0
2025-08-15,PANC_006,Uruli Kanchan,0.0,26.8,84.0,540.0,-40.5,1.2,45,0.0,0.7,0.99,0.6,0.2,-1.01,0.3
2025-08-15,PANC_007,Khed Shivapur,0.0,26.8,84.0,645.0,64.5,8.5,245,1.0,0.0,0.0,0.0,0.7,1.61,1.6
2025-08-15,PANC_008,Kondhwa Budruk,0.0,26.8,84.0,610.0,29.5,6.1,225,1.0,0.0,0.0,0.0,0.0,0.74,0.0
2025-08-15,PANC_009,Dhayari,0.0,26.8,84.0,620.0,39.5,7.0,260,1.0,0.53,0.75,0.1,0.0,0.99,0.0
2025-08-15,PANC_010,Nanded Gramin,0.0,26.8,84.0,565.0,-15.5,2.8,10,0.0,0.53,0.75,0.1,0.5,-0.39,0.0
2025-08-15,PANC_101,Sampatchak Gramin,0.0,26.8,84.0,53.0,1.2,0.8,10,0.0,0.0,0.0,0.0,0.0,0.03,0.0
2025-08-15,PANC_102,Bairiya,0.0,26.8,84.0,51.5,-0.3,0.5,90,0.0,0.0,0.0,0.0,0.2,-0.01,0.0
2025-08-15,PANC_103,Kanhauli,0.0,26.8,84.0,54.2,2.4,1.1,180,1.0,0.0,0.0,0.0,0.0,0.06,0.0
2025-08-15,PANC_104,Chipura,0.0,26.8,84.0,50.8,-1.0,0.4,45,0.0,0.0,0.0,0.0,0.5,-0.03,0.0
2025-08-15,PANC_105,Sonagopalpur,0.0,26.8,84.0,52.0,0.2,0.6,85,0.0,0.0,0.0,0.0,0.6,0.01,0.0
2025-08-15,PANC_106,Tarangpur,0.0,26.8,84.0,49.5,-2.3,0.3,5,0.0,0.0,0.0,0.0,0.0,-0.06,0.0
2025-08-16,PANC_001,Wagholi,17.5,32.2,80.7,590.0,9.5,4.2,90,0.0,-0.9,0.5,16.7,14.9,0.24,19.4
2025-08-16,PANC_002,Hadapsar Rural,17.5,32.2,80.7,560.0,-20.5,2.1,0,0.0,2.27,2.29,19.1,11.4,-0.51,15.9
2025-08-16,PANC_003,Manjari Khurd,17.5,32.2,80.7,552.0,-28.5,1.8,85,0.0,0.83,1.72,18.1,13.9,-0.71,17.0
2025-08-16,PANC_004,Phursungi,17.5,32.2,80.7,575.0,-5.5,3.5,180,1.0,-0.9,0.5,16.5,13.9,-0.14,19.7
2025-08-16,PANC_005,Loni Kalbhor,17.5,32.2,80.7,548.0,-32.5,1.5,95,0.0,0.03,1.6,17.8,12.4,-0.81,16.9
2025-08-16,PANC_006,Uruli Kanchan,17.5,32.2,80.7,540.0,-40.5,1.2,45,0.0,0.37,1.3,17.5,11.7,-1.01,15.8
2025-08-16,PANC_007,Khed Shivapur,17.5,32.2,80.7,645.0,64.5,8.5,245,1.0,2.5,3.19,20.3,17.7,1.61,22.9
2025-08-16,PANC_008,Kondhwa Budruk,17.5,32.2,80.7,610.0,29.5,6.1,225,1.0,1.67,2.48,19.0,17.8,0.74,22.6
2025-08-16,PANC_009,Dhayari,17.5,32.2,80.7,620.0,39.5,7.0,260,1.0,2.83,3.42,16.4,17.3,0.99,21.9
2025-08-16,PANC_010,Nanded Gramin,17.5,32.2,80.7,565.0,-15.5,2.8,10,0.0,4.97,0.42,22.0,11.8,-0.39,15.5
2025-08-16,PANC_101,Sampatchak Gramin,17.5,32.2,80.7,53.0,1.2,0.8,10,0.0,0.83,2.33,18.6,13.5,0.03,18.3
2025-08-16,PANC_102,Bairiya,17.5,32.2,80.7,51.5,-0.3,0.5,90,0.0,0.93,0.12,18.4,10.8,-0.01,16.3
2025-08-16,PANC_103,Kanhauli,17.5,32.2,80.7,54.2,2.4,1.1,180,1.0,0.5,0.65,17.9,15.1,0.06,21.6
2025-08-16,PANC_104,Chipura,17.5,32.2,80.7,50.8,-1.0,0.4,45,0.0,-0.27,0.82,17.2,15.2,-0.03,18.4
2025-08-16,PANC_105,Sonagopalpur,17.5,32.2,80.7,52.0,0.2,0.6,85,0.0,1.93,1.53,19.8,11.4,0.01,17.1
2025-08-16,PANC_106,Tarangpur,17.5,32.2,80.7,49.5,-2.3,0.3,5,0.0,1.23,2.19,18.5,13.3,-0.06,18.6
2025-08-17,PANC_001,Wagholi,14.8,29.1,89.6,590.0,9.5,4.2,90,0.0,-0.6,1.1,14.3,11.2,0.24,15.7
2025-08-17,PANC_002,Hadapsar Rural,14.8,29.1,89.6,560.0,-20.5,2.1,0,0.0,2.47,2.24,17.0,12.3,-0.51,15.6
2025-08-17,PANC_003,Manjari Khurd,14.8,29.1,89.6,552.0,-28.5,1.8,85,0.0,1.9,1.49,16.5,9.7,-0.71,14.1
2025-08-17,PANC_004,Phursungi,14.8,29.1,89.6,575.0,-5.5,3.5,180,1.0,-0.6,1.1,14.5,14.6,-0.14,18.8
2025-08-17,PANC_005,Loni Kalbhor,14.8,29.1,89.6,548.0,-32.5,1.5,95,0.0,1.37,1.96,16.2,8.6,-0.81,12.9
2025-08-17,PANC_006,Uruli Kanchan,14.8,29.1,89.6,540.0,-40.5,1.2,45,0.0,0.47,2.55,14.5,9.9,-1.01,14.0
2025-08-17,PANC_007,Khed Shivapur,14.8,29.1,89.6,645.0,64.5,8.5,245,1.0,3.43,2.25,18.6,15.7,1.61,20.2
2025-08-17,PANC_008,Kondhwa Budruk,14.8,29.1,89.6,610.0,29.5,6.1,225,1.0,3.53,2.07,18.2,15.0,0.74,18.9
2025-08-17,PANC_009,Dhayari,14.8,29.1,89.6,620.0,39.5,7.0,260,1.0,3.3,2.12,15.7,15.7,0.99,20.6
2025-08-17,PANC_010,Nanded Gramin,14.8,29.1,89.6,565.0,-15.5,2.8,10,0.0,5.1,0.73,20.5,11.2,-0.39,15.2
2025-08-17,PANC_101,Sampatchak Gramin,14.8,29.1,89.6,53.0,1.2,0.8,10,0.0,2.63,1.32,17.6,10.7,0.03,16.5
2025-08-17,PANC_102,Bairiya,14.8,29.1,89.6,51.5,-0.3,0.5,90,0.0,0.23,1.48,15.3,12.1,-0.01,16.4
2025-08-17,PANC_103,Kanhauli,14.8,29.1,89.6,54.2,2.4,1.1,180,1.0,1.43,0.45,16.4,14.9,0.06,19.3
2025-08-17,PANC_104,Chipura,14.8,29.1,89.6,50.8,-1.0,0.4,45,0.0,1.7,0.08,16.5,9.5,-0.03,13.0
2025-08-17,PANC_105,Sonagopalpur,14.8,29.1,89.6,52.0,0.2,0.6,85,0.0,1.47,2.58,16.9,12.4,0.01,16.6
2025-08-17,PANC_106,Tarangpur,14.8,29.1,89.6,49.5,-2.3,0.3,5,0.0,2.6,1.34,17.2,11.6,-0.06,15.6
2025-08-18,PANC_001,Wagholi,15.4,31.6,74.0,590.0,9.5,4.2,90,0.0,-0.63,0.87,14.6,12.9,0.24,15.2
2025-08-18,PANC_002,Hadapsar Rural,15.4,31.6,74.0,560.0,-20.5,2.1,0,0.0,2.37,2.28,17.3,10.5,-0.51,13.8
2025-08-18,PANC_003,Manjari Khurd,15.4,31.6,74.0,552.0,-28.5,1.8,85,0.0,0.53,2.11,15.6,11.0,-0.71,14.6
2025-08-18,PANC_004,Phursungi,15.4,31.6,74.0,575.0,-5.5,3.5,180,1.0,-0.63,0.87,14.5,14.2,-0.14,18.8
2025-08-18,PANC_005,Loni Kalbhor,15.4,31.6,74.0,548.0,-32.5,1.5,95,0.0,0.33,2.19,16.1,12.9,-0.81,15.9
2025-08-18,PANC_006,Uruli Kanchan,15.4,31.6,74.0,540.0,-40.5,1.2,45,0.0,1.03,1.76,16.2,12.9,-1.01,15.9
2025-08-18,PANC_007,Khed Shivapur,15.4,31.6,74.0,645.0,64.5,8.5,245,1.0,2.77,2.89,18.5,15.2,1.61,20.4
2025-08-18,PANC_008,Kondhwa Budruk,15.4,31.6,74.0,610.0,29.5,6.1,225,1.0,2.3,2.84,17.5,15.1,0.74,19.9
2025-08-18,PANC_009,Dhayari,15.4,31.6,74.0,620.0,39.5,7.0,260,1.0,2.73,2.86,14.9,15.9,0.99,20.5
2025-08-18,PANC_010,Nanded Gramin,15.4,31.6,74.0,565.0,-15.5,2.8,10,0.0,4.87,0.26,20.5,9.7,-0.39,14.1
2025-08-18,PANC_101,Sampatchak Gramin,15.4,31.6,74.0,53.0,1.2,0.8,10,0.0,0.4,1.51,16.1,13.0,0.03,16.1
2025-08-18,PANC_102,Bairiya,15.4,31.6,74.0,51.5,-0.3,0.5,90,0.0,0.47,0.56,15.8,12.7,-0.01,15.1
2025-08-18,PANC_103,Kanhauli,15.4,31.6,74.0,54.2,2.4,1.1,180,1.0,0.23,0.88,15.5,14.4,0.06,17.9
2025-08-18,PANC_104,Chipura,15.4,31.6,74.0,50.8,-1.0,0.4,45,0.0,-0.2,0.7,15.2,10.3,-0.03,15.1
2025-08-18,PANC_105,Sonagopalpur,15.4,31.6,74.0,52.0,0.2,0.6,85,0.0,0.97,1.16,16.7,9.2,0.01,14.4
2025-08-18,PANC_106,Tarangpur,15.4,31.6,74.0,49.5,-2.3,0.3,5,0.0,0.97,1.16,16.3,12.9,-0.06,16.4
2025-08-19,PANC_001,Wagholi,23.8,29.6,92.7,590.0,9.5,4.2,90,0.0,-1.23,0.5,22.8,17.1,0.24,23.5
2025-08-19,PANC_002,Hadapsar Rural,23.8,29.6,92.7,560.0,-20.5,2.1,0,0.0,2.13,2.37,25.3,17.0,-0.51,22.7
2025-08-19,PANC_003,Manjari Khurd,23.8,29.6,92.7,552.0,-28.5,1.8,85,0.0,0.2,1.31,23.8,17.5,-0.71,23.1
2025-08-19,PANC_004,Phursungi,23.8,29.6,92.7,575.0,-5.5,3.5,180,1.0,-1.23,0.5,22.6,20.2,-0.14,25.8
2025-08-19,PANC_005,Loni Kalbhor,23.8,29.6,92.7,548.0,-32.5,1.5,95,0.0,0.07,1.38,24.1,16.5,-0.81,21.9
2025-08-19,PANC_006,Uruli Kanchan,23.8,29.6,92.7,540.0,-40.5,1.2,45,0.0,-0.2,1.63,23.1,16.4,-1.01,22.4
2025-08-19,PANC_007,Khed Shivapur,23.8,29.6,92.7,645.0,64.5,8.5,245,1.0,4.1,3.34,28.4,22.8,1.61,29.3
2025-08-19,PANC_008,Kondhwa Budruk,23.8,29.6,92.7,610.0,29.5,6.1,225,1.0,2.83,3.6,26.4,21.0,0.74,28.9
2025-08-19,PANC_009,Dhayari,23.8,29.6,92.7,620.0,39.5,7.0,260,1.0,3.4,2.69,24.1,22.2,0.99,31.4
2025-08-19,PANC_010,Nanded Gramin,23.8,29.6,92.7,565.0,-15.5,2.8,10,0.0,6.07,1.1,31.2,18.5,-0.39,23.4
2025-08-19,PANC_101,Sampatchak Gramin,23.8,29.6,92.7,53.0,1.2,0.8,10,0.0,0.93,1.11,25.1,18.2,0.03,23.0
2025-08-19,PANC_102,Bairiya,23.8,29.6,92.7,51.5,-0.3,0.5,90,0.0,-0.87,0.41,22.9,18.3,-0.01,25.2
2025-08-19,PANC_103,Kanhauli,23.8,29.6,92.7,54.2,2.4,1.1,180,1.0,-0.6,0.16,23.1,19.0,0.06,25.8
2025-08-19,PANC_104,Chipura,23.8,29.6,92.7,50.8,-1.0,0.4,45,0.0,-0.0,0.99,23.9,16.1,-0.03,22.4
2025-08-19,PANC_105,Sonagopalpur,23.8,29.6,92.7,52.0,0.2,0.6,85,0.0,-0.07,1.48,24.1,17.7,0.01,23.2
2025-08-19,PANC_106,Tarangpur,23.8,29.6,92.7,49.5,-2.3,0.3,5,0.0,0.87,1.2,24.4,18.9,-0.06,23.4
2025-08-20,PANC_001,Wagholi,0.0,29.8,87.7,590.0,9.5,4.2,90,0.0,0.0,0.0,0.0,1.7,0.24,0.0
2025-08-20,PANC_002,Hadapsar Rural,0.0,29.8,87.7,560.0,-20.5,2.1,0,0.0,0.0,0.0,0.0,0.4,-0.51,0.0
2025-08-20,PANC_003,Manjari Khurd,0.0,29.8,87.7,552.0,-28.5,1.8,85,0.0,0.0,0.0,0.0,1.4,-0.71,0.0
2025-08-20,PANC_004,Phursungi,0.0,29.8,87.7,575.0,-5.5,3.5,180,1.0,0.0,0.0,0.0,0.6,-0.14,0.0
2025-08-20,PANC_005,Loni Kalbhor,0.0,29.8,87.7,548.0,-32.5,1.5,95,0.0,0.0,0.0,0.0,0.0,-0.81,0.0
2025-08-20,PANC_006,Uruli Kanchan,0.0,29.8,87.7,540.0,-40.5,1.2,45,0.0,0.0,0.0,0.0,0.0,-1.01,0.0
2025-08-20,PANC_007,Khed Shivapur,0.0,29.8,87.7,645.0,64.5,8.5,245,1.0,0.0,0.0,0.0,1.0,1.61,0.0
2025-08-20,PANC_008,Kondhwa Budruk,0.0,29.8,87.7,610.0,29.5,6.1,225,1.0,0.0,0.0,0.0,0.0,0.74,0.0
2025-08-20,PANC_009,Dhayari,0.0,29.8,87.7,620.0,39.5,7.0,260,1.0,0.0,0.0,0.0,1.3,0.99,0.0
2025-08-20,PANC_010,Nanded Gramin,0.0,29.8,87.7,565.0,-15.5,2.8,10,0.0,0.0,0.0,0.0,0.0,-0.39,0.0
2025-08-20,PANC_101,Sampatchak Gramin,0.0,29.8,87.7,53.0,1.2,0.8,10,0.0,0.0,0.0,0.0,1.3,0.03,0.0
2025-08-20,PANC_102,Bairiya,0.0,29.8,87.7,51.5,-0.3,0.5,90,0.0,0.0,0.0,0.0,0.5,-0.01,0.0
2025-08-20,PANC_103,Kanhauli,0.0,29.8,87.7,54.2,2.4,1.1,180,1.0,0.0,0.0,0.0,0.0,0.06,0.0
2025-08-20,PANC_104,Chipura,0.0,29.8,87.7,50.8,-1.0,0.4,45,0.0,0.0,0.0,0.0,0.0,-0.03,0.0
2025-08-20,PANC_105,Sonagopalpur,0.0,29.8,87.7,52.0,0.2,0.6,85,0.0,0.0,0.0,0.0,0.0,0.01,0.0
2025-08-20,PANC_106,Tarangpur,0.0,29.8,87.7,49.5,-2.3,0.3,5,0.0,0.0,0.0,0.0,0.3,-0.06,0.0
2025-08-21,PANC_001,Wagholi,21.2,28.2,74.4,590.0,9.5,4.2,90,0.0,-2.27,0.49,19.0,15.2,0.24,22.0
2025-08-21,PANC_002,Hadapsar Rural,21.2,28.2,74.4,560.0,-20.5,2.1,0,0.0,1.97,3.56,22.2,13.8,-0.51,19.5
2025-08-21,PANC_003,Manjari Khurd,21.2,28.2,74.4,552.0,-28.5,1.8,85,0.0,0.23,1.41,21.2,14.0,-0.71,19.0
2025-08-21,PANC_004,Phursungi,21.2,28.2,74.4,575.0,-5.5,3.5,180,1.0,-2.27,0.49,19.1,16.3,-0.14,22.8
2025-08-21,PANC_005,Loni Kalbhor,21.2,28.2,74.4,548.0,-32.5,1.5,95,0.0,-0.77,1.69,20.6,14.1,-0.81,18.3
2025-08-21,PANC_006,Uruli Kanchan,21.2,28.2,74.4,540.0,-40.5,1.2,45,0.0,-1.17,1.98,19.5,13.2,-1.01,18.4
2025-08-21,PANC_007,Khed Shivapur,21.2,28.2,74.4,645.0,64.5,8.5,245,1.0,3.5,2.89,24.9,21.4,1.61,26.2
2025-08-21,PANC_008,Kondhwa Budruk,21.2,28.2,74.4,610.0,29.5,6.1,225,1.0,1.43,2.49,22.5,21.7,0.74,27.7
2025-08-21,PANC_009,Dhayari,21.2,28.2,74.4,620.0,39.5,7.0,260,1.0,3.7,2.96,21.6,19.4,0.99,25.6
2025-08-21,PANC_010,Nanded Gramin,21.2,28.2,74.4,565.0,-15.5,2.8,10,0.0,5.3,0.88,25.7,16.4,-0.39,20.8
2025-08-21,PANC_101,Sampatchak Gramin,21.2,28.2,74.4,53.0,1.2,0.8,10,0.0,1.7,1.4,22.9,17.1,0.03,21.6
2025-08-21,PANC_102,Bairiya,21.2,28.2,74.4,51.5,-0.3,0.5,90,0.0,0.3,1.19,21.3,15.5,-0.01,21.3
2025-08-21,PANC_103,Kanhauli,21.2,28.2,74.4,54.2,2.4,1.1,180,1.0,1.2,0.57,22.2,17.9,0.06,24.7
2025-08-21,PANC_104,Chipura,21.2,28.2,74.4,50.8,-1.0,0.4,45,0.0,0.67,0.6,21.8,15.1,-0.03,20.0
2025-08-21,PANC_105,Sonagopalpur,21.2,28.2,74.4,52.0,0.2,0.6,85,0.0,0.9,1.95,22.6,17.7,0.01,22.7
2025-08-21,PANC_106,Tarangpur,21.2,28.2,74.4,49.5,-2.3,0.3,5,0.0,1.33,1.54,22.3,17.3,-0.06,22.9
2025-08-22,PANC_001,Wagholi,10.3,26.9,94.9,590.0,9.5,4.2,90,0.0,-0.4,0.83,10.3,6.6,0.24,9.2
2025-08-22,PANC_002,Hadapsar Rural,10.3,26.9,94.9,560.0,-20.5,2.1,0,0.0,3.6,2.22,13.7,9.2,-0.51,10.1
2025-08-22,PANC_003,Manjari Khurd,10.3,26.9,94.9,552.0,-28.5,1.8,85,0.0,1.43,2.97,11.4,7.4,-0.71,10.8
2025-08-22,PANC_004,Phursungi,10.3,26.9,94.9,575.0,-5.5,3.5,180,1.0,-0.4,0.83,10.0,11.5,-0.14,15.9
2025-08-22,PANC_005,Loni Kalbhor,10.3,26.9,94.9,548.0,-32.5,1.5,95,0.0,1.97,2.58,12.6,6.5,-0.81,8.8
2025-08-22,PANC_006,Uruli Kanchan,10.3,26.9,94.9,540.0,-40.5,1.2,45,0.0,1.53,2.99,10.9,7.7,-1.01,9.4
2025-08-22,PANC_007,Khed Shivapur,10.3,26.9,94.9,645.0,64.5,8.5,245,1.0,3.13,2.29,13.7,12.6,1.61,16.6
2025-08-22,PANC_008,Kondhwa Budruk,10.3,26.9,94.9,610.0,29.5,6.1,225,1.0,3.4,2.57,13.6,10.2,0.74,15.0
2025-08-22,PANC_009,Dhayari,10.3,26.9,94.9,620.0,39.5,7.0,260,1.0,3.63,2.72,10.9,10.9,0.99,15.1
2025-08-22,PANC_010,Nanded Gramin,10.3,26.9,94.9,565.0,-15.5,2.8,10,0.0,5.27,0.73,15.1,7.2,-0.39,10.2
2025-08-22,PANC_101,Sampatchak Gramin,10.3,26.9,94.9,53.0,1.2,0.8,10,0.0,2.17,1.23,12.5,5.8,0.03,7.8
2025-08-22,PANC_102,Bairiya,10.3,26.9,94.9,51.5,-0.3,0.5,90,0.0,-1.2,0.94,8.8,8.6,-0.01,11.0
2025-08-22,PANC_103,Kanhauli,10.3,26.9,94.9,54.2,2.4,1.1,180,1.0,-0.4,1.9,9.7,10.8,0.06,14.0
2025-08-22,PANC_104,Chipura,10.3,26.9,94.9,50.8,-1.0,0.4,45,0.0,0.1,1.93,10.4,6.1,-0.03,10.0
2025-08-22,PANC_105,Sonagopalpur,10.3,26.9,94.9,52.0,0.2,0.6,85,0.0,0.3,2.57,11.1,10.2,0.01,12.4
2025-08-22,PANC_106,Tarangpur,10.3,26.9,94.9,49.5,-2.3,0.3,5,0.0,0.63,2.53,10.5,7.3,-0.06,9.5
2025-08-23,PANC_001,Wagholi,0.0,31.5,91.2,590.0,9.5,4.2,90,0.0,0.0,0.0,0.0,1.5,0.24,0.0
2025-08-23,PANC_002,Hadapsar Rural,0.0,31.5,91.2,560.0,-20.5,2.1,0,0.0,0.0,0.0,0.0,0.4,-0.51,0.0
2025-08-23,PANC_003,Manjari Khurd,0.0,31.5,91.2,552.0,-28.5,1.8,85,0.0,0.0,0.0,0.0,0.1,-0.71,0.0
2025-08-23,PANC_004,Phursungi,0.0,31.5,91.2,575.0,-5.5,3.5,180,1.0,0.0,0.0,0.0,1.7,-0.14,0.0
2025-08-23,PANC_005,Loni Kalbhor,0.0,31.5,91.2,548.0,-32.5,1.5,95,0.0,0.0,0.0,0.0,0.5,-0.81,0.0
2025-08-23,PANC_006,Uruli Kanchan,0.0,31.5,91.2,540.0,-40.5,1.2,45,0.0,0.0,0.0,0.0,0.0,-1.01,0.0
2025-08-23,PANC_007,Khed Shivapur,0.0,31.5,91.2,645.0,64.5,8.5,245,1.0,0.0,0.0,0.0,0.7,1.61,0.0
2025-08-23,PANC_008,Kondhwa Budruk,0.0,31.5,91.2,610.0,29.5,6.1,225,1.0,0.0,0.0,0.0,0.0,0.74,0.0
2025-08-23,PANC_009,Dhayari,0.0,31.5,91.2,620.0,39.5,7.0,260,1.0,0.0,0.0,0.0,0.1,0.99,0.0
2025-08-23,PANC_010,Nanded Gramin,0.0,31.5,91.2,565.0,-15.5,2.8,10,0.0,0.0,0.0,0.0,0.3,-0.39,0.0
2025-08-23,PANC_101,Sampatchak Gramin,0.0,31.5,91.2,53.0,1.2,0.8,10,0.0,0.0,0.0,0.0,0.1,0.03,0.0
2025-08-23,PANC_102,Bairiya,0.0,31.5,91.2,51.5,-0.3,0.5,90,0.0,0.0,0.0,0.0,0.0,-0.01,0.0
2025-08-23,PANC_103,Kanhauli,0.0,31.5,91.2,54.2,2.4,1.1,180,1.0,0.0,0.0,0.0,0.0,0.06,0.0
2025-08-23,PANC_104,Chipura,0.0,31.5,91.2,50.8,-1.0,0.4,45,0.0,0.0,0.0,0.0,0.0,-0.03,0.0
2025-08-23,PANC_105,Sonagopalpur,0.0,31.5,91.2,52.0,0.2,0.6,85,0.0,0.0,0.0,0.0,0.1,0.01,0.0
2025-08-23,PANC_106,Tarangpur,0.0,31.5,91.2,49.5,-2.3,0.3,5,0.0,0.0,0.0,0.0,0.0,-0.06,0.0
2025-08-24,PANC_001,Wagholi,61.9,28.3,87.5,590.0,9.5,4.2,90,0.0,-0.83,1.17,60.5,45.5,0.24,61.3
2025-08-24,PANC_002,Hadapsar Rural,61.9,28.3,87.5,560.0,-20.5,2.1,0,0.0,2.5,3.92,63.4,47.6,-0.51,62.3
2025-08-24,PANC_003,Manjari Khurd,61.9,28.3,87.5,552.0,-28.5,1.8,85,0.0,0.83,1.38,62.6,44.2,-0.71,59.5
2025-08-24,PANC_004,Phursungi,61.9,28.3,87.5,575.0,-5.5,3.5,180,1.0,-0.83,1.17,61.3,49.7,-0.14,64.6
2025-08-24,PANC_005,Loni Kalbhor,61.9,28.3,87.5,548.0,-32.5,1.5,95,0.0,0.23,2.09,62.0,47.0,-0.81,61.4
2025-08-24,PANC_006,Uruli Kanchan,61.9,28.3,87.5,540.0,-40.5,1.2,45,0.0,-0.07,2.1,61.6,46.4,-1.01,61.5
2025-08-24,PANC_007,Khed Shivapur,61.9,28.3,87.5,645.0,64.5,8.5,245,1.0,3.1,3.77,65.3,50.0,1.61,66.3
2025-08-24,PANC_008,Kondhwa Budruk,61.9,28.3,87.5,610.0,29.5,6.1,225,1.0,2.37,1.49,64.2,52.1,0.74,69.1
2025-08-24,PANC_009,Dhayari,61.9,28.3,87.5,620.0,39.5,7.0,260,1.0,3.23,3.81,61.0,49.6,0.99,65.9
2025-08-24,PANC_010,Nanded Gramin,61.9,28.3,87.5,565.0,-15.5,2.8,10,0.0,5.2,1.42,66.1,44.7,-0.39,60.0
2025-08-24,PANC_101,Sampatchak Gramin,61.9,28.3,87.5,53.0,1.2,0.8,10,0.0,0.4,1.96,62.7,46.6,0.03,62.4
2025-08-24,PANC_102,Bairiya,61.9,28.3,87.5,51.5,-0.3,0.5,90,0.0,-0.23,1.11,62.0,45.3,-0.01,61.5
2025-08-24,PANC_103,Kanhauli,61.9,28.3,87.5,54.2,2.4,1.1,180,1.0,-0.93,1.02,61.4,47.0,0.06,65.0
2025-08-24,PANC_104,Chipura,61.9,28.3,87.5,50.8,-1.0,0.4,45,0.0,-0.47,0.82,61.5,47.8,-0.03,62.5
2025-08-24,PANC_105,Sonagopalpur,61.9,28.3,87.5,52.0,0.2,0.6,85,0.0,1.4,1.2,63.6,45.4,0.01,60.4
2025-08-24,PANC_106,Tarangpur,61.9,28.3,87.5,49.5,-2.3,0.3,5,0.0,1.07,1.48,62.8,45.1,-0.06,60.1
2025-08-25,PANC_001,Wagholi,8.5,32.1,91.8,590.0,9.5,4.2,90,0.0,-2.57,0.77,6.3,7.2,0.24,7.7
2025-08-25,PANC_002,Hadapsar Rural,8.5,32.1,91.8,560.0,-20.5,2.1,0,0.0,3.37,3.6,11.1,4.4,-0.51,5.2
2025-08-25,PANC_003,Manjari Khurd,8.5,32.1,91.8,552.0,-28.5,1.8,85,0.0,0.13,3.25,8.2,5.9,-0.71,7.0
2025-08-25,PANC_004,Phursungi,8.5,32.1,91.8,575.0,-5.5,3.5,180,1.0,-2.57,0.77,5.8,9.5,-0.14,13.0
2025-08-25,PANC_005,Loni Kalbhor,8.5,32.1,91.8,548.0,-32.5,1.5,95,0.0,-0.1,3.33,9.0,6.2,-0.81,5.6
2025-08-25,PANC_006,Uruli Kanchan,8.5,32.1,91.8,540.0,-40.5,1.2,45,0.0,0.03,3.21,7.6,4.1,-1.01,5.9
2025-08-25,PANC_007,Khed Shivapur,8.5,32.1,91.8,645.0,64.5,8.5,245,1.0,2.9,3.7,11.6,10.4,1.61,14.5
2025-08-25,PANC_008,Kondhwa Budruk,8.5,32.1,91.8,610.0,29.5,6.1,225,1.0,1.57,3.47,9.9,13.1,0.74,15.6
2025-08-25,PANC_009,Dhayari,8.5,32.1,91.8,620.0,39.5,7.0,260,1.0,3.73,4.01,7.7,7.8,0.99,12.0
2025-08-25,PANC_010,Nanded Gramin,8.5,32.1,91.8,565.0,-15.5,2.8,10,0.0,5.53,1.51,12.3,3.5,-0.39,6.6
2025-08-25,PANC_101,Sampatchak Gramin,8.5,32.1,91.8,53.0,1.2,0.8,10,0.0,1.53,1.09,10.3,6.8,0.03,8.9
2025-08-25,PANC_102,Bairiya,8.5,32.1,91.8,51.5,-0.3,0.5,90,0.0,-0.27,1.01,8.3,7.3,-0.01,9.7
2025-08-25,PANC_103,Kanhauli,8.5,32.1,91.8,54.2,2.4,1.1,180,1.0,0.43,0.05,8.9,8.4,0.06,11.5
2025-08-25,PANC_104,Chipura,8.5,32.1,91.8,50.8,-1.0,0.4,45,0.0,0.67,0.38,9.2,5.9,-0.03,6.8
2025-08-25,PANC_105,Sonagopalpur,8.5,32.1,91.8,52.0,0.2,0.6,85,0.0,0.57,1.92,9.5,5.9,0.01,8.9
2025-08-25,PANC_106,Tarangpur,8.5,32.1,91.8,49.5,-2.3,0.3,5,0.0,1.53,1.09,9.8,6.8,-0.06,9.0
2025-08-26,PANC_001,Wagholi,0.0,27.1,84.4,590.0,9.5,4.2,90,0.0,0.0,0.0,0.0,0.0,0.24,0.0
2025-08-26,PANC_002,Hadapsar Rural,0.0,27.1,84.4,560.0,-20.5,2.1,0,0.0,0.83,1.18,1.1,0.9,-0.51,0.0
2025-08-26,PANC_003,Manjari Khurd,0.0,27.1,84.4,552.0,-28.5,1.8,85,0.0,0.83,1.18,0.7,0.5,-0.71,0.0
2025-08-26,PANC_004,Phursungi,0.0,27.1,84.4,575.0,-5.5,3.5,180,1.0,0.0,0.0,0.0,3.7,-0.14,2.5
2025-08-26,PANC_005,Loni Kalbhor,0.0,27.1,84.4,548.0,-32.5,1.5,95,0.0,0.83,1.18,1.0,0.0,-0.81,0.0
2025-08-26,PANC_006,Uruli Kanchan,0.0,27.1,84.4,540.0,-40.5,1.2,45,0.0,0.83,1.18,0.6,1.0,-1.01,0.0
2025-08-26,PANC_007,Khed Shivapur,0.0,27.1,84.4,645.0,64.5,8.5,245,1.0,0.0,0.0,0.0,0.9,1.61,0.0
2025-08-26,PANC_008,Kondhwa Budruk,0.0,27.1,84.4,610.0,29.5,6.1,225,1.0,0.83,1.18,0.8,0.0,0.74,0.0
2025-08-26,PANC_009,Dhayari,0.0,27.1,84.4,620.0,39.5,7.0,260,1.0,0.0,0.0,0.0,0.8,0.99,0.0
2025-08-26,PANC_010,Nanded Gramin,0.0,27.1,84.4,565.0,-15.5,2.8,10,0.0,0.0,0.0,0.0,0.3,-0.39,0.0
2025-08-26,PANC_101,Sampatchak Gramin,0.0,27.1,84.4,53.0,1.2,0.8,10,0.0,0.0,0.0,0.0,0.0,0.03,0.0
2025-08-26,PANC_102,Bairiya,0.0,27.1,84.4,51.5,-0.3,0.5,90,0.0,0.2,0.28,0.1,0.0,-0.01,0.0
2025-08-26,PANC_103,Kanhauli,0.0,27.1,84.4,54.2,2.4,1.1,180,1.0,0.2,0.28,0.1,0.0,0.06,0.0
2025-08-26,PANC_104,Chipura,0.0,27.1,84.4,50.8,-1.0,0.4,45,0.0,0.0,0.0,0.0,1.6,-0.03,0.0
2025-08-26,PANC_105,Sonagopalpur,0.0,27.1,84.4,52.0,0.2,0.6,85,0.0,0.0,0.0,0.0,0.0,0.01,0.0
2025-08-26,PANC_106,Tarangpur,0.0,27.1,84.4,49.5,-2.3,0.3,5,0.0,0.0,0.0,0.0,1.1,-0.06,0.6
2025-08-27,PANC_001,Wagholi,0.0,26.0,81.0,590.0,9.5,4.2,90,0.0,0.0,0.0,0.0,0.3,0.24,0.0
2025-08-27,PANC_002,Hadapsar Rural,0.0,26.0,81.0,560.0,-20.5,2.1,0,0.0,0.0,0.0,0.0,0.0,-0.51,0.0
2025-08-27,PANC_003,Manjari Khurd,0.0,26.0,81.0,552.0,-28.5,1.8,85,0.0,0.0,0.0,0.0,0.0,-0.71,0.0
2025-08-27,PANC_004,Phursungi,0.0,26.0,81.0,575.0,-5.5,3.5,180,1.0,0.0,0.0,0.0,0.0,-0.14,0.0
2025-08-27,PANC_005,Loni Kalbhor,0.0,26.0,81.0,548.0,-32.5,1.5,95,0.0,0.0,0.0,0.0,0.0,-0.81,0.0
2025-08-27,PANC_006,Uruli Kanchan,0.0,26.0,81.0,540.0,-40.5,1.2,45,0.0,0.0,0.0,0.0,0.0,-1.01,0.0
2025-08-27,PANC_007,Khed Shivapur,0.0,26.0,81.0,645.0,64.5,8.5,245,1.0,0.0,0.0,0.0,0.0,1.61,0.0
2025-08-27,PANC_008,Kondhwa Budruk,0.0,26.0,81.0,610.0,29.5,6.1,225,1.0,0.0,0.0,0.0,0.8,0.74,0.0
2025-08-27,PANC_009,Dhayari,0.0,26.0,81.0,620.0,39.5,7.0,260,1.0,0.0,0.0,0.0,0.0,0.99,0.0
2025-08-27,PANC_010,Nanded Gramin,0.0,26.0,81.0,565.0,-15.5,2.8,10,0.0,0.0,0.0,0.0,0.0,-0.39,0.0
2025-08-27,PANC_101,Sampatchak Gramin,0.0,26.0,81.0,53.0,1.2,0.8,10,0.0,0.0,0.0,0.0,0.6,0.03,0.0
2025-08-27,PANC_102,Bairiya,0.0,26.0,81.0,51.5,-0.3,0.5,90,0.0,0.0,0.0,0.0,0.0,-0.01,0.0
2025-08-27,PANC_103,Kanhauli,0.0,26.0,81.0,54.2,2.4,1.1,180,1.0,0.0,0.0,0.0,0.3,0.06,0.0
2025-08-27,PANC_104,Chipura,0.0,26.0,81.0,50.8,-1.0,0.4,45,0.0,0.0,0.0,0.0,0.3,-0.03,0.0
2025-08-27,PANC_105,Sonagopalpur,0.0,26.0,81.0,52.0,0.2,0.6,85,0.0,0.0,0.0,0.0,0.1,0.01,0.0
2025-08-27,PANC_106,Tarangpur,0.0,26.0,81.0,49.5,-2.3,0.3,5,0.0,0.0,0.0,0.0,0.0,-0.06,0.0
2025-08-28,PANC_001,Wagholi,45.7,25.4,85.1,590.0,9.5,4.2,90,0.0,-0.77,0.62,44.7,35.0,0.24,47.0
2025-08-28,PANC_002,Hadapsar Rural,45.7,25.4,85.1,560.0,-20.5,2.1,0,0.0,2.2,2.34,47.5,34.1,-0.51,44.4
2025-08-28,PANC_003,Manjari Khurd,45.7,25.4,85.1,552.0,-28.5,1.8,85,0.0,1.2,2.0,46.6,33.7,-0.71,44.6
2025-08-28,PANC_004,Phursungi,45.7,25.4,85.1,575.0,-5.5,3.5,180,1.0,-0.77,0.62,44.8,36.7,-0.14,49.3
2025-08-28,PANC_005,Loni Kalbhor,45.7,25.4,85.1,548.0,-32.5,1.5,95,0.0,0.4,2.26,46.4,33.3,-0.81,45.8
2025-08-28,PANC_006,Uruli Kanchan,45.7,25.4,85.1,540.0,-40.5,1.2,45,0.0,0.87,1.99,46.3,34.0,-1.01,45.1
2025-08-28,PANC_007,Khed Shivapur,45.7,25.4,85.1,645.0,64.5,8.5,245,1.0,2.7,2.87,48.8,39.3,1.61,52.3
2025-08-28,PANC_008,Kondhwa Budruk,45.7,25.4,85.1,610.0,29.5,6.1,225,1.0,2.53,2.8,48.0,38.8,0.74,49.8
2025-08-28,PANC_009,Dhayari,45.7,25.4,85.1,620.0,39.5,7.0,260,1.0,3.13,3.3,45.2,37.6,0.99,51.0
2025-08-28,PANC_010,Nanded Gramin,45.7,25.4,85.1,565.0,-15.5,2.8,10,0.0,5.33,1.02,51.0,35.1,-0.39,44.4
2025-08-28,PANC_101,Sampatchak Gramin,45.7,25.4,85.1,53.0,1.2,0.8,10,0.0,1.67,1.8,47.8,35.3,0.03,46.6
2025-08-28,PANC_102,Bairiya,45.7,25.4,85.1,51.5,-0.3,0.5,90,0.0,0.73,0.87,46.3,35.4,-0.01,46.8
2025-08-28,PANC_103,Kanhauli,45.7,25.4,85.1,54.2,2.4,1.1,180,1.0,0.8,0.78,46.3,36.9,0.06,49.8
2025-08-28,PANC_104,Chipura,45.7,25.4,85.1,50.8,-1.0,0.4,45,0.0,0.6,0.57,46.4,34.2,-0.03,45.3
2025-08-28,PANC_105,Sonagopalpur,45.7,25.4,85.1,52.0,0.2,0.6,85,0.0,1.53,1.89,47.7,34.5,0.01,45.5
2025-08-28,PANC_106,Tarangpur,45.7,25.4,85.1,49.5,-2.3,0.3,5,0.0,2.03,1.46,47.5,36.3,-0.06,47.4
2025-08-29,PANC_001,Wagholi,0.0,30.2,83.4,590.0,9.5,4.2,90,0.0,0.0,0.0,0.0,0.4,0.24,0.0
2025-08-29,PANC_002,Hadapsar Rural,0.0,30.2,83.4,560.0,-20.5,2.1,0,0.0,0.0,0.0,0.0,0.9,-0.51,0.0
2025-08-29,PANC_003,Manjari Khurd,0.0,30.2,83.4,552.0,-28.5,1.8,85,0.0,0.0,0.0,0.0,0.0,-0.71,0.0
2025-08-29,PANC_004,Phursungi,0.0,30.2,83.4,575.0,-5.5,3.5,180,1.0,0.0,0.0,0.0,0.0,-0.14,0.0
2025-08-29,PANC_005,Loni Kalbhor,0.0,30.2,83.4,548.0,-32.5,1.5,95,0.0,0.0,0.0,0.0,0.7,-0.81,0.0
2025-08-29,PANC_006,Uruli Kanchan,0.0,30.2,83.4,540.0,-40.5,1.2,45,0.0,0.0,0.0,0.0,0.0,-1.01,0.0
2025-08-29,PANC_007,Khed Shivapur,0.0,30.2,83.4,645.0,64.5,8.5,245,1.0,0.0,0.0,0.0,0.0,1.61,0.0
2025-08-29,PANC_008,Kondhwa Budruk,0.0,30.2,83.4,610.0,29.5,6.1,225,1.0,0.0,0.0,0.0,0.1,0.74,0.0
2025-08-29,PANC_009,Dhayari,0.0,30.2,83.4,620.0,39.5,7.0,260,1.0,0.0,0.0,0.0,0.6,0.99,0.0
2025-08-29,PANC_010,Nanded Gramin,0.0,30.2,83.4,565.0,-15.5,2.8,10,0.0,0.0,0.0,0.0,0.0,-0.39,0.0
2025-08-29,PANC_101,Sampatchak Gramin,0.0,30.2,83.4,53.0,1.2,0.8,10,0.0,0.0,0.0,0.0,0.0,0.03,0.0
2025-08-29,PANC_102,Bairiya,0.0,30.2,83.4,51.5,-0.3,0.5,90,0.0,0.0,0.0,0.0,0.0,-0.01,0.0
2025-08-29,PANC_103,Kanhauli,0.0,30.2,83.4,54.2,2.4,1.1,180,1.0,0.0,0.0,0.0,0.0,0.06,0.0
2025-08-29,PANC_104,Chipura,0.0,30.2,83.4,50.8,-1.0,0.4,45,0.0,0.0,0.0,0.0,0.0,-0.03,0.0
2025-08-29,PANC_105,Sonagopalpur,0.0,30.2,83.4,52.0,0.2,0.6,85,0.0,0.0,0.0,0.0,0.0,0.01,0.0
2025-08-29,PANC_106,Tarangpur,0.0,30.2,83.4,49.5,-2.3,0.3,5,0.0,0.0,0.0,0.0,0.4,-0.06,0.0
2025-08-30,PANC_001,Wagholi,22.4,27.3,80.0,590.0,9.5,4.2,90,0.0,-2.1,0.93,20.8,16.9,0.24,22.6
2025-08-30,PANC_002,Hadapsar Rural,22.4,27.3,80.0,560.0,-20.5,2.1,0,0.0,3.23,2.89,25.1,14.0,-0.51,19.5
2025-08-30,PANC_003,Manjari Khurd,22.4,27.3,80.0,552.0,-28.5,1.8,85,0.0,0.67,3.12,22.6,16.9,-0.71,21.6
2025-08-30,PANC_004,Phursungi,22.4,27.3,80.0,575.0,-5.5,3.5,180,1.0,-2.1,0.93,20.2,20.5,-0.14,27.1
2025-08-30,PANC_005,Loni Kalbhor,22.4,27.3,80.0,548.0,-32.5,1.5,95,0.0,0.33,3.2,23.3,14.9,-0.81,19.8
2025-08-30,PANC_006,Uruli Kanchan,22.4,27.3,80.0,540.0,-40.5,1.2,45,0.0,0.43,3.11,21.9,14.5,-1.01,20.4
2025-08-30,PANC_007,Khed Shivapur,22.4,27.3,80.0,645.0,64.5,8.5,245,1.0,3.0,3.02,25.7,22.4,1.61,28.5
2025-08-30,PANC_008,Kondhwa Budruk,22.4,27.3,80.0,610.0,29.5,6.1,225,1.0,2.07,3.51,24.3,21.7,0.74,28.2
2025-08-30,PANC_009,Dhayari,22.4,27.3,80.0,620.0,39.5,7.0,260,1.0,3.57,3.37,22.1,19.7,0.99,26.8
2025-08-30,PANC_010,Nanded Gramin,22.4,27.3,80.0,565.0,-15.5,2.8,10,0.0,5.43,0.74,26.9,16.7,-0.39,21.2
2025-08-30,PANC_101,Sampatchak Gramin,22.4,27.3,80.0,53.0,1.2,0.8,10,0.0,1.9,2.62,24.7,15.0,0.03,20.5
2025-08-30,PANC_102,Bairiya,22.4,27.3,80.0,51.5,-0.3,0.5,90,0.0,-0.5,0.99,21.5,16.2,-0.01,22.5
2025-08-30,PANC_103,Kanhauli,22.4,27.3,80.0,54.2,2.4,1.1,180,1.0,-0.57,0.95,21.5,20.4,0.06,28.0
2025-08-30,PANC_104,Chipura,22.4,27.3,80.0,50.8,-1.0,0.4,45,0.0,-0.6,0.92,21.8,15.5,-0.03,22.6
2025-08-30,PANC_105,Sonagopalpur,22.4,27.3,80.0,52.0,0.2,0.6,85,0.0,1.3,3.16,24.4,17.2,0.01,22.4
2025-08-30,PANC_106,Tarangpur,22.4,27.3,80.0,49.5,-2.3,0.3,5,0.0,1.27,3.17,23.1,15.5,-0.06,22.6
2025-08-31,PANC_001,Wagholi,0.0,24.9,84.9,590.0,9.5,4.2,90,0.0,0.0,0.0,0.0,0.6,0.24,0.0
2025-08-31,PANC_002,Hadapsar Rural,0.0,24.9,84.9,560.0,-20.5,2.1,0,0.0,0.0,0.0,0.0,0.1,-0.51,0.0
2025-08-31,PANC_003,Manjari Khurd,0.0,24.9,84.9,552.0,-28.5,1.8,85,0.0,0.0,0.0,0.0,0.0,-0.71,0.0
2025-08-31,PANC_004,Phursungi,0.0,24.9,84.9,575.0,-5.5,3.5,180,1.0,0.0,0.0,0.0,0.0,-0.14,0.0
2025-08-31,PANC_005,Loni Kalbhor,0.0,24.9,84.9,548.0,-32.5,1.5,95,0.0,0.0,0.0,0.0,0.0,-0.81,0.0
2025-08-31,PANC_006,Uruli Kanchan,0.0,24.9,84.9,540.0,-40.5,1.2,45,0.0,0.0,0.0,0.0,3.1,-1.01,4.7
2025-08-31,PANC_007,Khed Shivapur,0.0,24.9,84.9,645.0,64.5,8.5,245,1.0,0.0,0.0,0.0,0.0,1.61,0.0
2025-08-31,PANC_008,Kondhwa Budruk,0.0,24.9,84.9,610.0,29.5,6.1,225,1.0,0.0,0.0,0.0,0.0,0.74,0.0
2025-08-31,PANC_009,Dhayari,0.0,24.9,84.9,620.0,39.5,7.0,260,1.0,0.0,0.0,0.0,0.3,0.99,0.0
2025-08-31,PANC_010,Nanded Gramin,0.0,24.9,84.9,565.0,-15.5,2.8,10,0.0,0.0,0.0,0.0,0.4,-0.39,0.0
2025-08-31,PANC_101,Sampatchak Gramin,0.0,24.9,84.9,53.0,1.2,0.8,10,0.0,0.0,0.0,0.0,0.0,0.03,0.0
2025-08-31,PANC_102,Bairiya,0.0,24.9,84.9,51.5,-0.3,0.5,90,0.0,0.0,0.0,0.0,0.3,-0.01,0.0
2025-08-31,PANC_103,Kanhauli,0.0,24.9,84.9,54.2,2.4,1.1,180,1.0,0.0,0.0,0.0,0.0,0.06,0.0
2025-08-31,PANC_104,Chipura,0.0,24.9,84.9,50.8,-1.0,0.4,45,0.0,0.0,0.0,0.0,1.1,-0.03,0.0
2025-08-31,PANC_105,Sonagopalpur,0.0,24.9,84.9,52.0,0.2,0.6,85,0.0,0.0,0.0,0.0,0.0,0.01,0.0
2025-08-31,PANC_106,Tarangpur,0.0,24.9,84.9,49.5,-2.3,0.3,5,0.0,0.0,0.0,0.0,1.0,-0.06,0.0
2025-09-01,PANC_001,Wagholi,4.7,28.7,89.3,590.0,9.5,4.2,90,0.0,-1.67,0.66,2.7,2.5,0.24,3.8
2025-09-01,PANC_002,Hadapsar Rural,4.7,28.7,89.3,560.0,-20.5,2.1,0,0.0,2.63,3.59,6.8,2.6,-0.51,2.9
2025-09-01,PANC_003,Manjari Khurd,4.7,28.7,89.3,552.0,-28.5,1.8,85,0.0,0.63,2.83,5.0,2.9,-0.71,2.3
2025-09-01,PANC_004,Phursungi,4.7,28.7,89.3,575.0,-5.5,3.5,180,1.0,-1.67,0.66,3.0,6.9,-0.14,9.3
2025-09-01,PANC_005,Loni Kalbhor,4.7,28.7,89.3,548.0,-32.5,1.5,95,0.0,0.13,3.17,5.1,2.7,-0.81,3.9
2025-09-01,PANC_006,Uruli Kanchan,4.7,28.7,89.3,540.0,-40.5,1.2,45,0.0,0.47,2.99,4.7,2.3,-1.01,2.2
2025-09-01,PANC_007,Khed Shivapur,4.7,28.7,89.3,645.0,64.5,8.5,245,1.0,3.13,2.89,8.1,6.6,1.61,10.0
2025-09-01,PANC_008,Kondhwa Budruk,4.7,28.7,89.3,610.0,29.5,6.1,225,1.0,2.47,3.02,7.0,8.7,0.74,10.4
2025-09-01,PANC_009,Dhayari,4.7,28.7,89.3,620.0,39.5,7.0,260,1.0,3.37,3.02,4.6,7.1,0.99,9.3
2025-09-01,PANC_010,Nanded Gramin,4.7,28.7,89.3,565.0,-15.5,2.8,10,0.0,5.2,0.45,9.4,2.4,-0.39,3.8
2025-09-01,PANC_101,Sampatchak Gramin,4.7,28.7,89.3,53.0,1.2,0.8,10,0.0,0.93,2.73,6.0,2.5,0.03,4.0
2025-09-01,PANC_102,Bairiya,4.7,28.7,89.3,51.5,-0.3,0.5,90,0.0,0.73,1.02,5.1,1.7,-0.01,3.7
2025-09-01,PANC_103,Kanhauli,4.7,28.7,89.3,54.2,2.4,1.1,180,1.0,-0.13,1.02,4.2,6.7,0.06,9.5
2025-09-01,PANC_104,Chipura,4.7,28.7,89.3,50.8,-1.0,0.4,45,0.0,-0.9,0.14,3.8,4.5,-0.03,6.3
2025-09-01,PANC_105,Sonagopalpur,4.7,28.7,89.3,52.0,0.2,0.6,85,0.0,1.9,2.26,7.0,1.9,0.01,3.7
2025-09-01,PANC_106,Tarangpur,4.7,28.7,89.3,49.5,-2.3,0.3,5,0.0,1.03,2.67,5.3,4.5,-0.06,6.0
2025-09-02,PANC_001,Wagholi,25.4,32.1,92.7,590.0,9.5,4.2,90,0.0,-1.03,0.39,24.2,21.7,0.24,28.1
2025-09-02,PANC_002,Hadapsar Rural,25.4,32.1,92.7,560.0,-20.5,2.1,0,0.0,2.2,2.65,27.1,18.4,-0.51,24.2
2025-09-02,PANC_003,Manjari Khurd,25.4,32.1,92.7,552.0,-28.5,1.8,85,0.0,1.53,1.94,26.6,17.9,-0.71,24.0
2025-09-02,PANC_004,Phursungi,25.4,32.1,92.7,575.0,-5.5,3.5,180,1.0,-1.03,0.39,24.3,20.9,-0.14,28.5
2025-09-02,PANC_005,Loni Kalbhor,25.4,32.1,92.7,548.0,-32.5,1.5,95,0.0,0.17,2.08,25.8,16.4,-0.81,24.9
2025-09-02,PANC_006,Uruli Kanchan,25.4,32.1,92.7,540.0,-40.5,1.2,45,0.0,0.4,1.94,25.5,19.5,-1.01,25.3
2025-09-02,PANC_007,Khed Shivapur,25.4,32.1,92.7,645.0,64.5,8.5,245,1.0,3.23,2.22,28.9,22.7,1.61,30.5
2025-09-02,PANC_008,Kondhwa Budruk,25.4,32.1,92.7,610.0,29.5,6.1,225,1.0,2.2,2.49,27.4,23.9,0.74,30.3
2025-09-02,PANC_009,Dhayari,25.4,32.1,92.7,620.0,39.5,7.0,260,1.0,3.37,2.31,26.1,22.9,0.99,30.1
2025-09-02,PANC_010,Nanded Gramin,25.4,32.1,92.7,565.0,-15.5,2.8,10,0.0,4.9,0.16,30.1,18.7,-0.39,25.5
2025-09-02,PANC_101,Sampatchak Gramin,25.4,32.1,92.7,53.0,1.2,0.8,10,0.0,0.27,1.17,25.9,21.1,0.03,27.0
2025-09-02,PANC_102,Bairiya,25.4,32.1,92.7,51.5,-0.3,0.5,90,0.0,0.7,0.73,26.4,19.7,-0.01,25.1
2025-09-02,PANC_103,Kanhauli,25.4,32.1,92.7,54.2,2.4,1.1,180,1.0,0.2,1.02,25.9,20.3,0.06,27.3
2025-09-02,PANC_104,Chipura,25.4,32.1,92.7,50.8,-1.0,0.4,45,0.0,0.17,1.03,25.6,20.5,-0.03,26.1
2025-09-02,PANC_105,Sonagopalpur,25.4,32.1,92.7,52.0,0.2,0.6,85,0.0,1.4,0.51,26.9,18.0,0.01,24.6
2025-09-02,PANC_106,Tarangpur,25.4,32.1,92.7,49.5,-2.3,0.3,5,0.0,1.07,0.97,26.5,19.0,-0.06,25.2
2025-09-03,PANC_001,Wagholi,0.0,29.4,87.1,590.0,9.5,4.2,90,0.0,0.0,0.0,0.0,0.0,0.24,0.0
2025-09-03,PANC_002,Hadapsar Rural,0.0,29.4,87.1,560.0,-20.5,2.1,0,0.0,0.0,0.0,0.0,0.7,-0.51,0.0
2025-09-03,PANC_003,Manjari Khurd,0.0,29.4,87.1,552.0,-28.5,1.8,85,0.0,0.0,0.0,0.0,0.6,-0.71,0.0
2025-09-03,PANC_004,Phursungi,0.0,29.4,87.1,575.0,-5.5,3.5,180,1.0,0.0,0.0,0.0,0.0,-0.14,0.0
2025-09-03,PANC_005,Loni Kalbhor,0.0,29.4,87.1,548.0,-32.5,1.5,95,0.0,0.0,0.0,0.0,0.3,-0.81,0.0
2025-09-03,PANC_006,Uruli Kanchan,0.0,29.4,87.1,540.0,-40.5,1.2,45,0.0,0.0,0.0,0.0,1.0,-1.01,0.0
2025-09-03,PANC_007,Khed Shivapur,0.0,29.4,87.1,645.0,64.5,8.5,245,1.0,0.0,0.0,0.0,0.0,1.61,0.0
2025-09-03,PANC_008,Kondhwa Budruk,0.0,29.4,87.1,610.0,29.5,6.1,225,1.0,0.0,0.0,0.0,0.0,0.74,0.0
2025-09-03,PANC_009,Dhayari,0.0,29.4,87.1,620.0,39.5,7.0,260,1.0,0.0,0.0,0.0,0.0,0.99,0.0
2025-09-03,PANC_010,Nanded Gramin,0.0,29.4,87.1,565.0,-15.5,2.8,10,0.0,0.0,0.0,0.0,0.3,-0.39,0.0
2025-09-03,PANC_101,Sampatchak Gramin,0.0,29.4,87.1,53.0,1.2,0.8,10,0.0,0.0,0.0,0.0,1.0,0.03,0.0
2025-09-03,PANC_102,Bairiya,0.0,29.4,87.1,51.5,-0.3,0.5,90,0.0,0.0,0.0,0.0,0.0,-0.01,0.0
2025-09-03,PANC_103,Kanhauli,0.0,29.4,87.1,54.2,2.4,1.1,180,1.0,0.0,0.0,0.0,0.0,0.06,0.0
2025-09-03,PANC_104,Chipura,0.0,29.4,87.1,50.8,-1.0,0.4,45,0.0,0.0,0.0,0.0,0.0,-0.03,0.0
2025-09-03,PANC_105,Sonagopalpur,0.0,29.4,87.1,52.0,0.2,0.6,85,0.0,0.0,0.0,0.0,0.7,0.01,0.0
2025-09-03,PANC_106,Tarangpur,0.0,29.4,87.1,49.5,-2.3,0.3,5,0.0,0.0,0.0,0.0,0.4,-0.06,0.0
2025-09-04,PANC_001,Wagholi,27.4,29.3,80.8,590.0,9.5,4.2,90,0.0,-0.97,0.63,26.2,24.0,0.24,29.9
2025-09-04,PANC_002,Hadapsar Rural,27.4,29.3,80.8,560.0,-20.5,2.1,0,0.0,1.93,2.63,28.8,21.5,-0.51,27.3
2025-09-04,PANC_003,Manjari Khurd,27.4,29.3,80.8,552.0,-28.5,1.8,85,0.0,1.7,1.28,28.9,19.0,-0.71,25.8
2025-09-04,PANC_004,Phursungi,27.4,29.3,80.8,575.0,-5.5,3.5,180,1.0,-0.97,0.63,26.6,21.7,-0.14,30.1
2025-09-04,PANC_005,Loni Kalbhor,27.4,29.3,80.8,548.0,-32.5,1.5,95,0.0,0.33,1.78,27.7,19.9,-0.81,26.2
2025-09-04,PANC_006,Uruli Kanchan,27.4,29.3,80.8,540.0,-40.5,1.2,45,0.0,-0.03,1.94,27.0,19.3,-1.01,25.7
2025-09-04,PANC_007,Khed Shivapur,27.4,29.3,80.8,645.0,64.5,8.5,245,1.0,3.4,1.5,30.9,26.0,1.61,34.3
2025-09-04,PANC_008,Kondhwa Budruk,27.4,29.3,80.8,610.0,29.5,6.1,225,1.0,2.27,1.78,29.5,24.2,0.74,32.1
2025-09-04,PANC_009,Dhayari,27.4,29.3,80.8,620.0,39.5,7.0,260,1.0,4.3,2.3,29.2,24.1,0.99,31.6
2025-09-04,PANC_010,Nanded Gramin,27.4,29.3,80.8,565.0,-15.5,2.8,10,0.0,5.27,1.17,31.7,22.7,-0.39,28.7
2025-09-04,PANC_101,Sampatchak Gramin,27.4,29.3,80.8,53.0,1.2,0.8,10,0.0,1.37,1.17,29.0,21.1,0.03,27.5
2025-09-04,PANC_102,Bairiya,27.4,29.3,80.8,51.5,-0.3,0.5,90,0.0,-0.53,1.04,27.2,20.3,-0.01,28.2
2025-09-04,PANC_103,Kanhauli,27.4,29.3,80.8,54.2,2.4,1.1,180,1.0,-0.53,1.04,27.3,23.9,0.06,30.4
2025-09-04,PANC_104,Chipura,27.4,29.3,80.8,50.8,-1.0,0.4,45,0.0,0.4,0.29,27.8,22.1,-0.03,27.7
2025-09-04,PANC_105,Sonagopalpur,27.4,29.3,80.8,52.0,0.2,0.6,85,0.0,1.13,1.32,28.8,23.3,0.01,27.7
2025-09-04,PANC_106,Tarangpur,27.4,29.3,80.8,49.5,-2.3,0.3,5,0.0,1.3,1.24,28.5,18.2,-0.06,25.4
2025-09-05,PANC_001,Wagholi,5.1,28.2,94.6,590.0,9.5,4.2,90,0.0,-1.43,0.82,3.6,4.0,0.24,4.7
2025-09-05,PANC_002,Hadapsar Rural,5.1,28.2,94.6,560.0,-20.5,2.1,0,0.0,0.77,1.68,5.5,0.0,-0.51,2.7
2025-09-05,PANC_003,Manjari Khurd,5.1,28.2,94.6,552.0,-28.5,1.8,85,0.0,-0.5,1.51,4.4,2.2,-0.71,3.6
2025-09-05,PANC_004,Phursungi,5.1,28.2,94.6,575.0,-5.5,3.5,180,1.0,-1.43,0.82,3.4,4.4,-0.14,6.4
2025-09-05,PANC_005,Loni Kalbhor,5.1,28.2,94.6,548.0,-32.5,1.5,95,0.0,-0.87,1.58,4.5,4.0,-0.81,4.7
2025-09-05,PANC_006,Uruli Kanchan,5.1,28.2,94.6,540.0,-40.5,1.2,45,0.0,-0.2,1.15,4.8,1.2,-1.01,1.6
2025-09-05,PANC_007,Khed Shivapur,5.1,28.2,94.6,645.0,64.5,8.5,245,1.0,2.73,1.44,8.1,7.1,1.61,10.9
2025-09-05,PANC_008,Kondhwa Budruk,5.1,28.2,94.6,610.0,29.5,6.1,225,1.0,1.17,2.86,6.1,4.9,0.74,7.6
2025-09-05,PANC_009,Dhayari,5.1,28.2,94.6,620.0,39.5,7.0,260,1.0,3.13,1.97,6.5,7.4,0.99,9.7
2025-09-05,PANC_010,Nanded Gramin,5.1,28.2,94.6,565.0,-15.5,2.8,10,0.0,4.3,1.36,9.6,4.6,-0.39,6.2
2025-09-05,PANC_101,Sampatchak Gramin,5.1,28.2,94.6,53.0,1.2,0.8,10,0.0,1.07,1.88,6.3,3.7,0.03,5.5
2025-09-05,PANC_102,Bairiya,5.1,28.2,94.6,51.5,-0.3,0.5,90,0.0,-0.33,0.77,5.1,2.8,-0.01,4.2
2025-09-05,PANC_103,Kanhauli,5.1,28.2,94.6,54.2,2.4,1.1,180,1.0,-0.17,0.87,5.3,7.1,0.06,8.7
2025-09-05,PANC_104,Chipura,5.1,28.2,94.6,50.8,-1.0,0.4,45,0.0,0.0,0.64,5.0,3.4,-0.03,5.1
2025-09-05,PANC_105,Sonagopalpur,5.1,28.2,94.6,52.0,0.2,0.6,85,0.0,1.33,1.61,6.8,4.1,0.01,5.6
2025-09-05,PANC_106,Tarangpur,5.1,28.2,94.6,49.5,-2.3,0.3,5,0.0,1.03,1.89,5.9,4.5,-0.06,3.7
2025-09-06,PANC_001,Wagholi,5.1,26.3,83.4,590.0,9.5,4.2,90,0.0,-0.23,0.65,5.2,2.2,0.24,4.7
2025-09-06,PANC_002,Hadapsar Rural,5.1,26.3,83.4,560.0,-20.5,2.1,0,0.0,2.13,1.46,7.4,3.3,-0.51,4.1
2025-09-06,PANC_003,Manjari Khurd,5.1,26.3,83.4,552.0,-28.5,1.8,85,0.0,0.9,2.28,5.7,5.0,-0.71,5.7
2025-09-06,PANC_004,Phursungi,5.1,26.3,83.4,575.0,-5.5,3.5,180,1.0,-0.23,0.65,4.7,6.6,-0.14,9.2
2025-09-06,PANC_005,Loni Kalbhor,5.1,26.3,83.4,548.0,-32.5,1.5,95,0.0,1.23,2.13,6.7,4.2,-0.81,4.8
2025-09-06,PANC_006,Uruli Kanchan,5.1,26.3,83.4,540.0,-40.5,1.2,45,0.0,1.47,1.9,6.0,4.0,-1.01,2.3
2025-09-06,PANC_007,Khed Shivapur,5.1,26.3,83.4,645.0,64.5,8.5,245,1.0,2.07,1.53,7.4,7.2,1.61,9.7
2025-09-06,PANC_008,Kondhwa Budruk,5.1,26.3,83.4,610.0,29.5,6.1,225,1.0,2.4,2.4,7.4,5.4,0.74,6.8
2025-09-06,PANC_009,Dhayari,5.1,26.3,83.4,620.0,39.5,7.0,260,1.0,2.23,1.76,5.8,6.3,0.99,9.2
2025-09-06,PANC_010,Nanded Gramin,5.1,26.3,83.4,565.0,-15.5,2.8,10,0.0,3.47,1.27,9.1,4.3,-0.39,5.5
2025-09-06,PANC_101,Sampatchak Gramin,5.1,26.3,83.4,53.0,1.2,0.8,10,0.0,1.2,1.7,6.5,4.6,0.03,5.7
2025-09-06,PANC_102,Bairiya,5.1,26.3,83.4,51.5,-0.3,0.5,90,0.0,0.2,0.64,5.3,3.8,-0.01,4.9
2025-09-06,PANC_103,Kanhauli,5.1,26.3,83.4,54.2,2.4,1.1,180,1.0,0.5,0.22,5.6,5.7,0.06,8.7
2025-09-06,PANC_104,Chipura,5.1,26.3,83.4,50.8,-1.0,0.4,45,0.0,0.2,0.33,5.3,3.5,-0.03,4.4
2025-09-06,PANC_105,Sonagopalpur,5.1,26.3,83.4,52.0,0.2,0.6,85,0.0,1.17,1.8,6.7,5.1,0.01,5.3
2025-09-06,PANC_106,Tarangpur,5.1,26.3,83.4,49.5,-2.3,0.3,5,0.0,1.33,1.64,6.2,4.7,-0.06,5.8
2025-09-07,PANC_001,Wagholi,25.5,30.1,80.2,590.0,9.5,4.2,90,0.0,-1.37,0.4,24.0,19.4,0.24,26.2
2025-09-07,PANC_002,Hadapsar Rural,25.5,30.1,80.2,560.0,-20.5,2.1,0,0.0,2.33,2.86,27.3,18.4,-0.51,23.8
2025-09-07,PANC_003,Manjari Khurd,25.5,30.1,80.2,552.0,-28.5,1.8,85,0.0,0.83,2.12,26.0,17.4,-0.71,23.9
2025-09-07,PANC_004,Phursungi,25.5,30.1,80.2,575.0,-5.5,3.5,180,1.0,-1.37,0.4,24.0,23.1,-0.14,29.0
2025-09-07,PANC_005,Loni Kalbhor,25.5,30.1,80.2,548.0,-32.5,1.5,95,0.0,0.07,2.43,25.8,17.0,-0.81,24.7
2025-09-07,PANC_006,Uruli Kanchan,25.5,30.1,80.2,540.0,-40.5,1.2,45,0.0,0.37,2.24,25.4,18.2,-1.01,22.9
2025-09-07,PANC_007,Khed Shivapur,25.5,30.1,80.2,645.0,64.5,8.5,245,1.0,2.4,3.2,28.2,24.0,1.61,32.3
2025-09-07,PANC_008,Kondhwa Budruk,25.5,30.1,80.2,610.0,29.5,6.1,225,1.0,2.0,2.63,27.3,23.6,0.74,30.6
2025-09-07,PANC_009,Dhayari,25.5,30.1,80.2,620.0,39.5,7.0,260,1.0,3.27,3.86,24.4,22.3,0.99,29.7
2025-09-07,PANC_010,Nanded Gramin,25.5,30.1,80.2,565.0,-15.5,2.8,10,0.0,5.37,1.08,29.8,18.5,-0.39,23.4
2025-09-07,PANC_101,Sampatchak Gramin,25.5,30.1,80.2,53.0,1.2,0.8,10,0.0,0.4,2.41,26.4,18.7,0.03,25.4
2025-09-07,PANC_102,Bairiya,25.5,30.1,80.2,51.5,-0.3,0.5,90,0.0,-0.33,0.17,25.2,17.9,-0.01,25.0
2025-09-07,PANC_103,Kanhauli,25.5,30.1,80.2,54.2,2.4,1.1,180,1.0,-0.87,0.82,24.7,23.0,0.06,29.2
2025-09-07,PANC_104,Chipura,25.5,30.1,80.2,50.8,-1.0,0.4,45,0.0,-0.87,0.82,24.7,18.7,-0.03,25.1
2025-09-07,PANC_105,Sonagopalpur,25.5,30.1,80.2,52.0,0.2,0.6,85,0.0,1.07,1.87,27.0,17.8,0.01,23.5
2025-09-07,PANC_106,Tarangpur,25.5,30.1,80.2,49.5,-2.3,0.3,5,0.0,1.03,1.89,26.3,19.7,-0.06,25.0
2025-09-08,PANC_001,Wagholi,0.0,25.4,88.2,590.0,9.5,4.2,90,0.0,0.0,0.0,0.0,1.3,0.24,0.0
2025-09-08,PANC_002,Hadapsar Rural,0.0,25.4,88.2,560.0,-20.5,2.1,0,0.0,0.0,0.0,0.0,0.0,-0.51,0.0
2025-09-08,PANC_003,Manjari Khurd,0.0,25.4,88.2,552.0,-28.5,1.8,85,0.0,0.0,0.0,0.0,0.1,-0.71,0.0
2025-09-08,PANC_004,Phursungi,0.0,25.4,88.2,575.0,-5.5,3.5,180,1.0,0.0,0.0,0.0,0.1,-0.14,0.0
2025-09-08,PANC_005,Loni Kalbhor,0.0,25.4,88.2,548.0,-32.5,1.5,95,0.0,0.0,0.0,0.0,0.0,-0.81,0.0
2025-09-08,PANC_006,Uruli Kanchan,0.0,25.4,88.2,540.0,-40.5,1.2,45,0.0,0.0,0.0,0.0,0.1,-1.01,0.0
2025-09-08,PANC_007,Khed Shivapur,0.0,25.4,88.2,645.0,64.5,8.5,245,1.0,0.0,0.0,0.0,0.0,1.61,0.0
2025-09-08,PANC_008,Kondhwa Budruk,0.0,25.4,88.2,610.0,29.5,6.1,225,1.0,0.0,0.0,0.0,0.2,0.74,0.0
2025-09-08,PANC_009,Dhayari,0.0,25.4,88.2,620.0,39.5,7.0,260,1.0,0.0,0.0,0.0,0.4,0.99,0.0
2025-09-08,PANC_010,Nanded Gramin,0.0,25.4,88.2,565.0,-15.5,2.8,10,0.0,0.0,0.0,0.0,1.1,-0.39,0.0
2025-09-08,PANC_101,Sampatchak Gramin,0.0,25.4,88.2,53.0,1.2,0.8,10,0.0,0.1,0.14,0.1,0.3,0.03,0.0
2025-09-08,PANC_102,Bairiya,0.0,25.4,88.2,51.5,-0.3,0.5,90,0.0,0.0,0.0,0.0,0.1,-0.01,0.3
2025-09-08,PANC_103,Kanhauli,0.0,25.4,88.2,54.2,2.4,1.1,180,1.0,0.0,0.0,0.0,0.9,0.06,0.0
2025-09-08,PANC_104,Chipura,0.0,25.4,88.2,50.8,-1.0,0.4,45,0.0,0.1,0.14,0.1,0.0,-0.03,0.0
2025-09-08,PANC_105,Sonagopalpur,0.0,25.4,88.2,52.0,0.2,0.6,85,0.0,0.0,0.0,0.0,0.0,0.01,0.0
2025-09-08,PANC_106,Tarangpur,0.0,25.4,88.2,49.5,-2.3,0.3,5,0.0,0.1,0.14,0.1,0.0,-0.06,0.0
2025-09-09,PANC_001,Wagholi,19.5,27.4,86.6,590.0,9.5,4.2,90,0.0,-0.8,1.5,17.9,14.0,0.24,20.1
2025-09-09,PANC_002,Hadapsar Rural,19.5,27.4,86.6,560.0,-20.5,2.1,0,0.0,1.47,3.09,20.5,15.0,-0.51,20.0
2025-09-09,PANC_003,Manjari Khurd,19.5,27.4,86.6,552.0,-28.5,1.8,85,0.0,1.5,1.34,20.8,12.4,-0.71,16.6
2025-09-09,PANC_004,Phursungi,19.5,27.4,86.6,575.0,-5.5,3.5,180,1.0,-0.8,1.5,18.9,18.0,-0.14,22.9
2025-09-09,PANC_005,Loni Kalbhor,19.5,27.4,86.6,548.0,-32.5,1.5,95,0.0,0.33,2.57,19.7,13.8,-0.81,19.5
2025-09-09,PANC_006,Uruli Kanchan,19.5,27.4,86.6,540.0,-40.5,1.2,45,0.0,0.17,2.57,19.5,14.3,-1.01,18.0
2025-09-09,PANC_007,Khed Shivapur,19.5,27.4,86.6,645.0,64.5,8.5,245,1.0,2.37,2.6,22.2,18.1,1.61,24.3
2025-09-09,PANC_008,Kondhwa Budruk,19.5,27.4,86.6,610.0,29.5,6.1,225,1.0,2.8,1.69,22.2,16.7,0.74,23.4
2025-09-09,PANC_009,Dhayari,19.5,27.4,86.6,620.0,39.5,7.0,260,1.0,2.47,2.69,18.9,17.0,0.99,24.0
2025-09-09,PANC_010,Nanded Gramin,19.5,27.4,86.6,565.0,-15.5,2.8,10,0.0,4.4,0.37,24.0,15.2,-0.39,18.2
2025-09-09,PANC_101,Sampatchak Gramin,19.5,27.4,86.6,53.0,1.2,0.8,10,0.0,1.67,1.03,21.4,14.4,0.03,19.4
2025-09-09,PANC_102,Bairiya,19.5,27.4,86.6,51.5,-0.3,0.5,90,0.0,-0.3,0.16,19.2,16.5,-0.01,21.0
2025-09-09,PANC_103,Kanhauli,19.5,27.4,86.6,54.2,2.4,1.1,180,1.0,0.03,0.34,19.6,15.5,0.06,22.5
2025-09-09,PANC_104,Chipura,19.5,27.4,86.6,50.8,-1.0,0.4,45,0.0,0.63,0.66,20.2,16.4,-0.03,19.0
2025-09-09,PANC_105,Sonagopalpur,19.5,27.4,86.6,52.0,0.2,0.6,85,0.0,0.8,1.56,20.7,15.7,0.01,20.0
2025-09-09,PANC_106,Tarangpur,19.5,27.4,86.6,49.5,-2.3,0.3,5,0.0,1.47,1.27,20.7,14.2,-0.06,19.2
2025-09-10,PANC_001,Wagholi,0.0,30.7,77.2,590.0,9.5,4.2,90,0.0,0.0,0.0,0.0,1.6,0.24,0.0
2025-09-10,PANC_002,Hadapsar Rural,0.0,30.7,77.2,560.0,-20.5,2.1,0,0.0,0.0,0.0,0.0,1.8,-0.51,0.0
2025-09-10,PANC_003,Manjari Khurd,0.0,30.7,77.2,552.0,-28.5,1.8,85,0.0,0.0,0.0,0.0,0.0,-0.71,0.0
2025-09-10,PANC_004,Phursungi,0.0,30.7,77.2,575.0,-5.5,3.5,180,1.0,0.0,0.0,0.0,0.0,-0.14,0.0
2025-09-10,PANC_005,Loni Kalbhor,0.0,30.7,77.2,548.0,-32.5,1.5,95,0.0,0.0,0.0,0.0,2.0,-0.81,0.0
2025-09-10,PANC_006,Uruli Kanchan,0.0,30.7,77.2,540.0,-40.5,1.2,45,0.0,0.0,0.0,0.0,0.0,-1.01,0.0
2025-09-10,PANC_007,Khed Shivapur,0.0,30.7,77.2,645.0,64.5,8.5,245,1.0,0.0,0.0,0.0,0.2,1.61,0.0
2025-09-10,PANC_008,Kondhwa Budruk,0.0,30.7,77.2,610.0,29.5,6.1,225,1.0,0.0,0.0,0.0,0.0,0.74,0.0
2025-09-10,PANC_009,Dhayari,0.0,30.7,77.2,620.0,39.5,7.0,260,1.0,0.0,0.0,0.0,0.1,0.99,0.0
2025-09-10,PANC_010,Nanded Gramin,0.0,30.7,77.2,565.0,-15.5,2.8,10,0.0,0.0,0.0,0.0,1.5,-0.39,0.0
2025-09-10,PANC_101,Sampatchak Gramin,0.0,30.7,77.2,53.0,1.2,0.8,10,0.0,0.6,0.85,0.7,1.0,0.03,0.0
2025-09-10,PANC_102,Bairiya,0.0,30.7,77.2,51.5,-0.3,0.5,90,0.0,0.0,0.0,0.0,0.9,-0.01,1.8
2025-09-10,PANC_103,Kanhauli,0.0,30.7,77.2,54.2,2.4,1.1,180,1.0,0.0,0.0,0.0,0.0,0.06,0.0
2025-09-10,PANC_104,Chipura,0.0,30.7,77.2,50.8,-1.0,0.4,45,0.0,0.6,0.85,0.7,0.0,-0.03,0.0
2025-09-10,PANC_105,Sonagopalpur,0.0,30.7,77.2,52.0,0.2,0.6,85,0.0,0.0,0.0,0.0,0.0,0.01,0.0
2025-09-10,PANC_106,Tarangpur,0.0,30.7,77.2,49.5,-2.3,0.3,5,0.0,0.6,0.85,0.6,0.0,-0.06,0.0
2025-09-11,PANC_001,Wagholi,0.0,31.6,84.6,590.0,9.5,4.2,90,0.0,0.0,0.0,0.0,0.8,0.24,0.0
2025-09-11,PANC_002,Hadapsar Rural,0.0,31.6,84.6,560.0,-20.5,2.1,0,0.0,0.2,0.28,0.3,0.0,-0.51,0.0
2025-09-11,PANC_003,Manjari Khurd,0.0,31.6,84.6,552.0,-28.5,1.8,85,0.0,0.2,0.28,0.2,0.0,-0.71,0.0
2025-09-11,PANC_004,Phursungi,0.0,31.6,84.6,575.0,-5.5,3.5,180,1.0,0.0,0.0,0.0,0.0,-0.14,0.6
2025-09-11,PANC_005,Loni Kalbhor,0.0,31.6,84.6,548.0,-32.5,1.5,95,0.0,0.2,0.28,0.2,0.0,-0.81,0.0
2025-09-11,PANC_006,Uruli Kanchan,0.0,31.6,84.6,540.0,-40.5,1.2,45,0.0,0.2,0.28,0.1,0.0,-1.01,0.0
2025-09-11,PANC_007,Khed Shivapur,0.0,31.6,84.6,645.0,64.5,8.5,245,1.0,0.0,0.0,0.0,0.0,1.61,0.0
2025-09-11,PANC_008,Kondhwa Budruk,0.0,31.6,84.6,610.0,29.5,6.1,225,1.0,0.2,0.28,0.2,0.0,0.74,0.0
2025-09-11,PANC_009,Dhayari,0.0,31.6,84.6,620.0,39.5,7.0,260,1.0,0.0,0.0,0.0,0.0,0.99,0.0
2025-09-11,PANC_010,Nanded Gramin,0.0,31.6,84.6,565.0,-15.5,2.8,10,0.0,0.0,0.0,0.0,0.0,-0.39,0.0
2025-09-11,PANC_101,Sampatchak Gramin,0.0,31.6,84.6,53.0,1.2,0.8,10,0.0,0.0,0.0,0.0,0.2,0.03,0.0
2025-09-11,PANC_102,Bairiya,0.0,31.6,84.6,51.5,-0.3,0.5,90,0.0,0.0,0.0,0.0,0.0,-0.01,0.0
2025-09-11,PANC_103,Kanhauli,0.0,31.6,84.6,54.2,2.4,1.1,180,1.0,0.0,0.0,0.0,0.6,0.06,0.0
2025-09-11,PANC_104,Chipura,0.0,31.6,84.6,50.8,-1.0,0.4,45,0.0,0.0,0.0,0.0,0.0,-0.03,0.0
2025-09-11,PANC_105,Sonagopalpur,0.0,31.6,84.6,52.0,0.2,0.6,85,0.0,0.0,0.0,0.0,0.6,0.01,0.0
2025-09-11,PANC_106,Tarangpur,0.0,31.6,84.6,49.5,-2.3,0.3,5,0.0,0.0,0.0,0.0,1.2,-0.06,0.0
2025-09-12,PANC_001,Wagholi,13.7,28.5,80.9,590.0,9.5,4.2,90,0.0,-0.73,0.7,13.4,10.0,0.24,14.7
2025-09-12,PANC_002,Hadapsar Rural,13.7,28.5,80.9,560.0,-20.5,2.1,0,0.0,2.8,2.08,16.0,9.8,-0.51,12.8
2025-09-12,PANC_003,Manjari Khurd,13.7,28.5,80.9,552.0,-28.5,1.8,85,0.0,1.0,1.55,14.5,10.4,-0.71,13.9
2025-09-12,PANC_004,Phursungi,13.7,28.5,80.9,575.0,-5.5,3.5,180,1.0,-0.73,0.7,13.0,11.5,-0.14,16.6
2025-09-12,PANC_005,Loni Kalbhor,13.7,28.5,80.9,548.0,-32.5,1.5,95,0.0,0.73,1.6,14.7,8.4,-0.81,12.2
2025-09-12,PANC_006,Uruli Kanchan,13.7,28.5,80.9,540.0,-40.5,1.2,45,0.0,0.53,1.81,13.6,10.0,-1.01,11.7
2025-09-12,PANC_007,Khed Shivapur,13.7,28.5,80.9,645.0,64.5,8.5,245,1.0,3.83,3.43,18.0,13.8,1.61,18.3
2025-09-12,PANC_008,Kondhwa Budruk,13.7,28.5,80.9,610.0,29.5,6.1,225,1.0,3.03,3.27,16.5,14.3,0.74,19.0
2025-09-12,PANC_009,Dhayari,13.7,28.5,80.9,620.0,39.5,7.0,260,1.0,3.0,2.77,13.6,15.7,0.99,20.8
2025-09-12,PANC_010,Nanded Gramin,13.7,28.5,80.9,565.0,-15.5,2.8,10,0.0,5.67,1.05,20.6,10.7,-0.39,12.8
2025-09-12,PANC_101,Sampatchak Gramin,13.7,28.5,80.9,53.0,1.2,0.8,10,0.0,0.47,1.72,14.4,9.0,0.03,13.1
2025-09-12,PANC_102,Bairiya,13.7,28.5,80.9,51.5,-0.3,0.5,90,0.0,0.1,1.06,13.8,9.4,-0.01,12.9
2025-09-12,PANC_103,Kanhauli,13.7,28.5,80.9,54.2,2.4,1.1,180,1.0,-0.67,0.05,13.1,12.3,0.06,16.6
2025-09-12,PANC_104,Chipura,13.7,28.5,80.9,50.8,-1.0,0.4,45,0.0,-0.7,0.08,13.0,10.1,-0.03,15.3
2025-09-12,PANC_105,Sonagopalpur,13.7,28.5,80.9,52.0,0.2,0.6,85,0.0,1.3,1.44,15.2,9.0,0.01,13.0
2025-09-12,PANC_106,Tarangpur,13.7,28.5,80.9,49.5,-2.3,0.3,5,0.0,0.5,1.7,14.0,10.6,-0.06,13.0
2025-09-13,PANC_001,Wagholi,34.2,26.8,76.1,590.0,9.5,4.2,90,0.0,-0.07,0.46,34.2,26.6,0.24,35.5
2025-09-13,PANC_002,Hadapsar Rural,34.2,26.8,76.1,560.0,-20.5,2.1,0,0.0,2.6,1.96,36.9,24.9,-0.51,34.6
2025-09-13,PANC_003,Manjari Khurd,34.2,26.8,76.1,552.0,-28.5,1.8,85,0.0,2.2,1.94,36.1,24.8,-0.71,34.3
2025-09-13,PANC_004,Phursungi,34.2,26.8,76.1,575.0,-5.5,3.5,180,1.0,-0.07,0.46,34.2,28.6,-0.14,39.1
2025-09-13,PANC_005,Loni Kalbhor,34.2,26.8,76.1,548.0,-32.5,1.5,95,0.0,1.8,2.2,36.2,24.2,-0.81,33.5
2025-09-13,PANC_006,Uruli Kanchan,34.2,26.8,76.1,540.0,-40.5,1.2,45,0.0,1.43,2.47,34.9,25.6,-1.01,34.3
2025-09-13,PANC_007,Khed Shivapur,34.2,26.8,76.1,645.0,64.5,8.5,245,1.0,2.07,3.31,36.8,29.4,1.61,39.8
2025-09-13,PANC_008,Kondhwa Budruk,34.2,26.8,76.1,610.0,29.5,6.1,225,1.0,3.67,2.33,37.7,28.0,0.74,37.0
2025-09-13,PANC_009,Dhayari,34.2,26.8,76.1,620.0,39.5,7.0,260,1.0,2.03,3.27,32.7,30.4,0.99,39.9
2025-09-13,PANC_010,Nanded Gramin,34.2,26.8,76.1,565.0,-15.5,2.8,10,0.0,4.7,1.34,39.7,24.4,-0.39,31.9
2025-09-13,PANC_101,Sampatchak Gramin,34.2,26.8,76.1,53.0,1.2,0.8,10,0.0,0.93,2.41,35.7,25.5,0.03,34.4
2025-09-13,PANC_102,Bairiya,34.2,26.8,76.1,51.5,-0.3,0.5,90,0.0,0.73,1.05,34.9,26.6,-0.01,35.1
2025-09-13,PANC_103,Kanhauli,34.2,26.8,76.1,54.2,2.4,1.1,180,1.0,-0.67,0.96,33.6,29.4,0.06,38.1
2025-09-13,PANC_104,Chipura,34.2,26.8,76.1,50.8,-1.0,0.4,45,0.0,-0.3,1.24,34.1,27.7,-0.03,36.4
2025-09-13,PANC_105,Sonagopalpur,34.2,26.8,76.1,52.0,0.2,0.6,85,0.0,2.1,1.51,36.6,25.6,0.01,32.2
2025-09-13,PANC_106,Tarangpur,34.2,26.8,76.1,49.5,-2.3,0.3,5,0.0,1.67,1.6,35.6,26.3,-0.06,34.0
2025-09-14,PANC_001,Wagholi,12.9,28.1,84.4,590.0,9.5,4.2,90,0.0,-1.67,1.03,10.9,8.8,0.24,12.4
2025-09-14,PANC_002,Hadapsar Rural,12.9,28.1,84.4,560.0,-20.5,2.1,0,0.0,1.83,3.3,14.2,9.9,-0.51,12.6
2025-09-14,PANC_003,Manjari Khurd,12.9,28.1,84.4,552.0,-28.5,1.8,85,0.0,0.97,1.93,13.7,7.5,-0.71,10.1
2025-09-14,PANC_004,Phursungi,12.9,28.1,84.4,575.0,-5.5,3.5,180,1.0,-1.67,1.03,11.5,13.3,-0.14,16.6
2025-09-14,PANC_005,Loni Kalbhor,12.9,28.1,84.4,548.0,-32.5,1.5,95,0.0,0.2,2.68,13.1,8.5,-0.81,11.0
2025-09-14,PANC_006,Uruli Kanchan,12.9,28.1,84.4,540.0,-40.5,1.2,45,0.0,-0.33,2.88,12.0,7.8,-1.01,11.0
2025-09-14,PANC_007,Khed Shivapur,12.9,28.1,84.4,645.0,64.5,8.5,245,1.0,3.0,3.23,16.3,14.6,1.61,19.1
2025-09-14,PANC_008,Kondhwa Budruk,12.9,28.1,84.4,610.0,29.5,6.1,225,1.0,3.1,2.57,15.8,12.4,0.74,17.5
2025-09-14,PANC_009,Dhayari,12.9,28.1,84.4,620.0,39.5,7.0,260,1.0,3.1,3.32,12.2,14.9,0.99,18.8
2025-09-14,PANC_010,Nanded Gramin,12.9,28.1,84.4,565.0,-15.5,2.8,10,0.0,5.57,0.69,18.7,7.4,-0.39,11.4
2025-09-14,PANC_101,Sampatchak Gramin,12.9,28.1,84.4,53.0,1.2,0.8,10,0.0,1.97,1.37,15.0,10.7,0.03,12.9
2025-09-14,PANC_102,Bairiya,12.9,28.1,84.4,51.5,-0.3,0.5,90,0.0,-0.03,0.37,12.9,10.6,-0.01,13.8
2025-09-14,PANC_103,Kanhauli,12.9,28.1,84.4,54.2,2.4,1.1,180,1.0,0.2,0.67,13.2,12.5,0.06,16.8
2025-09-14,PANC_104,Chipura,12.9,28.1,84.4,50.8,-1.0,0.4,45,0.0,0.67,0.48,13.6,10.6,-0.03,13.3
2025-09-14,PANC_105,Sonagopalpur,12.9,28.1,84.4,52.0,0.2,0.6,85,0.0,1.43,1.75,14.7,10.9,0.01,14.0
2025-09-14,PANC_106,Tarangpur,12.9,28.1,84.4,49.5,-2.3,0.3,5,0.0,1.6,1.67,14.2,10.4,-0.06,12.4
2025-09-15,PANC_001,Wagholi,48.2,26.6,84.6,590.0,9.5,4.2,90,0.0,-1.27,0.09,46.9,38.1,0.24,49.6
2025-09-15,PANC_002,Hadapsar Rural,48.2,26.6,84.6,560.0,-20.5,2.1,0,0.0,2.77,2.96,50.7,36.3,-0.51,47.0
2025-09-15,PANC_003,Manjari Khurd,48.2,26.6,84.6,552.0,-28.5,1.8,85,0.0,1.8,2.63,49.6,34.3,-0.71,46.8
2025-09-15,PANC_004,Phursungi,48.2,26.6,84.6,575.0,-5.5,3.5,180,1.0,-1.27,0.09,46.9,40.8,-0.14,53.4
2025-09-15,PANC_005,Loni Kalbhor,48.2,26.6,84.6,548.0,-32.5,1.5,95,0.0,0.87,3.07,49.4,34.6,-0.81,47.0
2025-09-15,PANC_006,Uruli Kanchan,48.2,26.6,84.6,540.0,-40.5,1.2,45,0.0,0.87,3.07,48.4,34.3,-1.01,46.1
2025-09-15,PANC_007,Khed Shivapur,48.2,26.6,84.6,645.0,64.5,8.5,245,1.0,2.83,1.7,51.2,40.8,1.61,54.7
2025-09-15,PANC_008,Kondhwa Budruk,48.2,26.6,84.6,610.0,29.5,6.1,225,1.0,2.5,2.71,50.6,39.6,0.74,52.7
2025-09-15,PANC_009,Dhayari,48.2,26.6,84.6,620.0,39.5,7.0,260,1.0,3.83,2.49,49.3,39.6,0.99,51.7
2025-09-15,PANC_010,Nanded Gramin,48.2,26.6,84.6,565.0,-15.5,2.8,10,0.0,4.83,1.25,51.9,36.7,-0.39,48.7
2025-09-15,PANC_101,Sampatchak Gramin,48.2,26.6,84.6,53.0,1.2,0.8,10,0.0,0.43,2.35,49.2,35.5,0.03,47.5
2025-09-15,PANC_102,Bairiya,48.2,26.6,84.6,51.5,-0.3,0.5,90,0.0,-0.3,0.37,47.8,36.9,-0.01,48.2
2025-09-15,PANC_103,Kanhauli,48.2,26.6,84.6,54.2,2.4,1.1,180,1.0,-1.1,0.79,47.0,38.1,0.06,51.7
2025-09-15,PANC_104,Chipura,48.2,26.6,84.6,50.8,-1.0,0.4,45,0.0,-0.97,0.92,47.4,36.2,-0.03,48.4
2025-09-15,PANC_105,Sonagopalpur,48.2,26.6,84.6,52.0,0.2,0.6,85,0.0,1.0,1.81,49.6,35.3,0.01,46.0
2025-09-15,PANC_106,Tarangpur,48.2,26.6,84.6,49.5,-2.3,0.3,5,0.0,0.93,1.84,48.8,36.3,-0.06,47.8
2025-09-16,PANC_001,Wagholi,44.2,27.3,86.6,590.0,9.5,4.2,90,0.0,-1.3,1.42,43.6,33.0,0.24,43.0
2025-09-16,PANC_002,Hadapsar Rural,44.2,27.3,86.6,560.0,-20.5,2.1,0,0.0,2.47,1.62,46.5,33.4,-0.51,43.3
2025-09-16,PANC_003,Manjari Khurd,44.2,27.3,86.6,552.0,-28.5,1.8,85,0.0,0.6,2.34,44.5,31.9,-0.71,44.4
2025-09-16,PANC_004,Phursungi,44.2,27.3,86.6,575.0,-5.5,3.5,180,1.0,-1.3,1.42,43.1,36.7,-0.14,48.1
2025-09-16,PANC_005,Loni Kalbhor,44.2,27.3,86.6,548.0,-32.5,1.5,95,0.0,1.07,2.05,45.6,31.9,-0.81,41.0
2025-09-16,PANC_006,Uruli Kanchan,44.2,27.3,86.6,540.0,-40.5,1.2,45,0.0,0.3,2.9,43.5,33.5,-1.01,43.0
2025-09-16,PANC_007,Khed Shivapur,44.2,27.3,86.6,645.0,64.5,8.5,245,1.0,2.5,2.59,47.1,37.6,1.61,49.6
2025-09-16,PANC_008,Kondhwa Budruk,44.2,27.3,86.6,610.0,29.5,6.1,225,1.0,2.73,2.62,46.8,34.8,0.74,47.5
2025-09-16,PANC_009,Dhayari,44.2,27.3,86.6,620.0,39.5,7.0,260,1.0,2.57,2.66,43.8,37.6,0.99,49.4
2025-09-16,PANC_010,Nanded Gramin,44.2,27.3,86.6,565.0,-15.5,2.8,10,0.0,4.63,0.95,49.3,31.7,-0.39,43.2
2025-09-16,PANC_101,Sampatchak Gramin,44.2,27.3,86.6,53.0,1.2,0.8,10,0.0,0.83,1.56,45.3,32.6,0.03,43.8
2025-09-16,PANC_102,Bairiya,44.2,27.3,86.6,51.5,-0.3,0.5,90,0.0,-0.3,0.29,43.9,33.5,-0.01,44.3
2025-09-16,PANC_103,Kanhauli,44.2,27.3,86.6,54.2,2.4,1.1,180,1.0,-0.53,0.09,43.7,34.8,0.06,47.2
2025-09-16,PANC_104,Chipura,44.2,27.3,86.6,50.8,-1.0,0.4,45,0.0,-0.3,0.29,43.9,32.3,-0.03,44.3
2025-09-16,PANC_105,Sonagopalpur,44.2,27.3,86.6,52.0,0.2,0.6,85,0.0,0.9,1.5,45.4,33.1,0.01,43.6
2025-09-16,PANC_106,Tarangpur,44.2,27.3,86.6,49.5,-2.3,0.3,5,0.0,0.9,1.5,44.9,34.2,-0.06,43.6
2025-09-17,PANC_001,Wagholi,0.0,31.1,89.2,590.0,9.5,4.2,90,0.0,0.0,0.0,0.0,0.0,0.24,1.3
2025-09-17,PANC_002,Hadapsar Rural,0.0,31.1,89.2,560.0,-20.5,2.1,0,0.0,0.0,0.0,0.0,0.3,-0.51,0.0
2025-09-17,PANC_003,Manjari Khurd,0.0,31.1,89.2,552.0,-28.5,1.8,85,0.0,0.43,0.61,0.4,0.0,-0.71,0.0
2025-09-17,PANC_004,Phursungi,0.0,31.1,89.2,575.0,-5.5,3.5,180,1.0,0.0,0.0,0.0,0.4,-0.14,0.0
2025-09-17,PANC_005,Loni Kalbhor,0.0,31.1,89.2,548.0,-32.5,1.5,95,0.0,0.0,0.0,0.0,0.0,-0.81,0.0
2025-09-17,PANC_006,Uruli Kanchan,0.0,31.1,89.2,540.0,-40.5,1.2,45,0.0,0.0,0.0,0.0,0.2,-1.01,0.0
2025-09-17,PANC_007,Khed Shivapur,0.0,31.1,89.2,645.0,64.5,8.5,245,1.0,0.0,0.0,0.0,0.0,1.61,0.0
2025-09-17,PANC_008,Kondhwa Budruk,0.0,31.1,89.2,610.0,29.5,6.1,225,1.0,0.0,0.0,0.0,0.0,0.74,0.0
2025-09-17,PANC_009,Dhayari,0.0,31.1,89.2,620.0,39.5,7.0,260,1.0,0.0,0.0,0.0,0.4,0.99,0.0
2025-09-17,PANC_010,Nanded Gramin,0.0,31.1,89.2,565.0,-15.5,2.8,10,0.0,0.0,0.0,0.0,0.1,-0.39,0.0
2025-09-17,PANC_101,Sampatchak Gramin,0.0,31.1,89.2,53.0,1.2,0.8,10,0.0,0.0,0.0,0.0,0.3,0.03,0.0
2025-09-17,PANC_102,Bairiya,0.0,31.1,89.2,51.5,-0.3,0.5,90,0.0,0.0,0.0,0.0,0.0,-0.01,0.0
2025-09-17,PANC_103,Kanhauli,0.0,31.1,89.2,54.2,2.4,1.1,180,1.0,0.0,0.0,0.0,0.0,0.06,0.0
2025-09-17,PANC_104,Chipura,0.0,31.1,89.2,50.8,-1.0,0.4,45,0.0,0.0,0.0,0.0,0.0,-0.03,0.0
2025-09-17,PANC_105,Sonagopalpur,0.0,31.1,89.2,52.0,0.2,0.6,85,0.0,0.0,0.0,0.0,0.0,0.01,0.0
2025-09-17,PANC_106,Tarangpur,0.0,31.1,89.2,49.5,-2.3,0.3,5,0.0,0.0,0.0,0.0,1.1,-0.06,0.0
2025-09-18,PANC_001,Wagholi,15.0,25.1,87.7,590.0,9.5,4.2,90,0.0,-0.37,1.24,15.1,12.6,0.24,16.7
2025-09-18,PANC_002,Hadapsar Rural,15.0,25.1,87.7,560.0,-20.5,2.1,0,0.0,3.03,1.47,17.8,9.8,-0.51,13.0
2025-09-18,PANC_003,Manjari Khurd,15.0,25.1,87.7,552.0,-28.5,1.8,85,0.0,1.13,2.36,15.7,13.2,-0.71,16.0
2025-09-18,PANC_004,Phursungi,15.0,25.1,87.7,575.0,-5.5,3.5,180,1.0,-0.37,1.24,14.3,12.9,-0.14,18.7
2025-09-18,PANC_005,Loni Kalbhor,15.0,25.1,87.7,548.0,-32.5,1.5,95,0.0,0.9,2.33,16.5,9.8,-0.81,14.9
2025-09-18,PANC_006,Uruli Kanchan,15.0,25.1,87.7,540.0,-40.5,1.2,45,0.0,1.53,1.6,16.0,9.7,-1.01,15.0
2025-09-18,PANC_007,Khed Shivapur,15.0,25.1,87.7,645.0,64.5,8.5,245,1.0,3.4,2.71,18.8,17.1,1.61,21.7
2025-09-18,PANC_008,Kondhwa Budruk,15.0,25.1,87.7,610.0,29.5,6.1,225,1.0,2.6,3.4,17.4,13.9,0.74,19.4
2025-09-18,PANC_009,Dhayari,15.0,25.1,87.7,620.0,39.5,7.0,260,1.0,3.6,2.91,15.4,15.9,0.99,21.1
2025-09-18,PANC_010,Nanded Gramin,15.0,25.1,87.7,565.0,-15.5,2.8,10,0.0,5.73,0.97,21.0,10.9,-0.39,14.7
2025-09-18,PANC_101,Sampatchak Gramin,15.0,25.1,87.7,53.0,1.2,0.8,10,0.0,1.17,1.1,16.4,11.4,0.03,16.1
2025-09-18,PANC_102,Bairiya,15.0,25.1,87.7,51.5,-0.3,0.5,90,0.0,0.67,0.42,15.8,12.8,-0.01,16.2
2025-09-18,PANC_103,Kanhauli,15.0,25.1,87.7,54.2,2.4,1.1,180,1.0,0.33,0.56,15.5,13.0,0.06,17.5
2025-09-18,PANC_104,Chipura,15.0,25.1,87.7,50.8,-1.0,0.4,45,0.0,0.7,0.64,15.8,11.7,-0.03,15.8
2025-09-18,PANC_105,Sonagopalpur,15.0,25.1,87.7,52.0,0.2,0.6,85,0.0,1.47,0.74,16.6,11.3,0.01,14.8
2025-09-18,PANC_106,Tarangpur,15.0,25.1,87.7,49.5,-2.3,0.3,5,0.0,1.6,0.64,16.5,11.9,-0.06,15.1
2025-09-19,PANC_001,Wagholi,0.0,30.2,80.2,590.0,9.5,4.2,90,0.0,1.1,1.56,0.5,0.0,0.24,0.0
2025-09-19,PANC_002,Hadapsar Rural,0.0,30.2,80.2,560.0,-20.5,2.1,0,0.0,0.0,0.0,0.0,0.0,-0.51,0.0
2025-09-19,PANC_003,Manjari Khurd,0.0,30.2,80.2,552.0,-28.5,1.8,85,0.0,0.0,0.0,0.0,0.6,-0.71,0.0
2025-09-19,PANC_004,Phursungi,0.0,30.2,80.2,575.0,-5.5,3.5,180,1.0,1.1,1.56,0.8,0.1,-0.14,0.0
2025-09-19,PANC_005,Loni Kalbhor,0.0,30.2,80.2,548.0,-32.5,1.5,95,0.0,0.0,0.0,0.0,3.5,-0.81,3.3
2025-09-19,PANC_006,Uruli Kanchan,0.0,30.2,80.2,540.0,-40.5,1.2,45,0.0,1.1,1.56,1.7,0.0,-1.01,0.0
2025-09-19,PANC_007,Khed Shivapur,0.0,30.2,80.2,645.0,64.5,8.5,245,1.0,0.0,0.0,0.0,1.4,1.61,0.0
2025-09-19,PANC_008,Kondhwa Budruk,0.0,30.2,80.2,610.0,29.5,6.1,225,1.0,0.0,0.0,0.0,0.0,0.74,0.0
2025-09-19,PANC_009,Dhayari,0.0,30.2,80.2,620.0,39.5,7.0,260,1.0,0.0,0.0,0.0,0.0,0.99,0.0
2025-09-19,PANC_010,Nanded Gramin,0.0,30.2,80.2,565.0,-15.5,2.8,10,0.0,0.0,0.0,0.0,0.4,-0.39,0.0
2025-09-19,PANC_101,Sampatchak Gramin,0.0,30.2,80.2,53.0,1.2,0.8,10,0.0,0.0,0.0,0.0,1.1,0.03,0.0
2025-09-19,PANC_102,Bairiya,0.0,30.2,80.2,51.5,-0.3,0.5,90,0.0,0.0,0.0,0.0,0.0,-0.01,0.0
2025-09-19,PANC_103,Kanhauli,0.0,30.2,80.2,54.2,2.4,1.1,180,1.0,0.0,0.0,0.0,0.0,0.06,0.0
2025-09-19,PANC_104,Chipura,0.0,30.2,80.2,50.8,-1.0,0.4,45,0.0,0.0,0.0,0.0,0.0,-0.03,0.0
2025-09-19,PANC_105,Sonagopalpur,0.0,30.2,80.2,52.0,0.2,0.6,85,0.0,0.0,0.0,0.0,0.1,0.01,0.0
2025-09-19,PANC_106,Tarangpur,0.0,30.2,80.2,49.5,-2.3,0.3,5,0.0,0.0,0.0,0.0,0.0,-0.06,0.0
2025-09-20,PANC_001,Wagholi,16.0,31.2,89.6,590.0,9.5,4.2,90,0.0,-0.27,1.58,14.9,14.3,0.24,16.6
2025-09-20,PANC_002,Hadapsar Rural,16.0,31.2,89.6,560.0,-20.5,2.1,0,0.0,1.1,2.63,16.6,12.6,-0.51,17.0
2025-09-20,PANC_003,Manjari Khurd,16.0,31.2,89.6,552.0,-28.5,1.8,85,0.0,1.23,0.63,17.2,10.1,-0.71,13.5
2025-09-20,PANC_004,Phursungi,16.0,31.2,89.6,575.0,-5.5,3.5,180,1.0,-0.27,1.58,15.9,14.9,-0.14,18.1
2025-09-20,PANC_005,Loni Kalbhor,16.0,31.2,89.6,548.0,-32.5,1.5,95,0.0,0.2,1.96,15.9,12.1,-0.81,16.7
2025-09-20,PANC_006,Uruli Kanchan,16.0,31.2,89.6,540.0,-40.5,1.2,45,0.0,0.1,1.93,16.2,11.7,-1.01,13.8
2025-09-20,PANC_007,Khed Shivapur,16.0,31.2,89.6,645.0,64.5,8.5,245,1.0,2.63,3.27,19.1,15.5,1.61,21.1
2025-09-20,PANC_008,Kondhwa Budruk,16.0,31.2,89.6,610.0,29.5,6.1,225,1.0,3.03,2.15,18.9,15.3,0.74,19.7
2025-09-20,PANC_009,Dhayari,16.0,31.2,89.6,620.0,39.5,7.0,260,1.0,2.33,2.98,15.0,16.0,0.99,22.0
2025-09-20,PANC_010,Nanded Gramin,16.0,31.2,89.6,565.0,-15.5,2.8,10,0.0,4.93,0.95,21.8,9.6,-0.39,14.2
2025-09-20,PANC_101,Sampatchak Gramin,16.0,31.2,89.6,53.0,1.2,0.8,10,0.0,1.57,2.16,17.8,12.4,0.03,16.1
2025-09-20,PANC_102,Bairiya,16.0,31.2,89.6,51.5,-0.3,0.5,90,0.0,-0.6,0.57,15.6,12.3,-0.01,15.7
2025-09-20,PANC_103,Kanhauli,16.0,31.2,89.6,54.2,2.4,1.1,180,1.0,-0.27,0.74,16.0,14.4,0.06,20.6
2025-09-20,PANC_104,Chipura,16.0,31.2,89.6,50.8,-1.0,0.4,45,0.0,0.07,0.29,16.0,11.3,-0.03,15.4
2025-09-20,PANC_105,Sonagopalpur,16.0,31.2,89.6,52.0,0.2,0.6,85,0.0,1.37,2.3,17.9,13.3,0.01,16.4
2025-09-20,PANC_106,Tarangpur,16.0,31.2,89.6,49.5,-2.3,0.3,5,0.0,1.47,2.22,17.2,11.5,-0.06,14.7
2025-09-21,PANC_001,Wagholi,0.0,27.0,81.6,590.0,9.5,4.2,90,0.0,0.0,0.0,0.0,0.0,0.24,0.0
2025-09-21,PANC_002,Hadapsar Rural,0.0,27.0,81.6,560.0,-20.5,2.1,0,0.0,0.0,0.0,0.0,0.0,-0.51,0.0
2025-09-21,PANC_003,Manjari Khurd,0.0,27.0,81.6,552.0,-28.5,1.8,85,0.0,0.0,0.0,0.0,1.3,-0.71,0.0
2025-09-21,PANC_004,Phursungi,0.0,27.0,81.6,575.0,-5.5,3.5,180,1.0,0.0,0.0,0.0,0.0,-0.14,0.0
2025-09-21,PANC_005,Loni Kalbhor,0.0,27.0,81.6,548.0,-32.5,1.5,95,0.0,0.0,0.0,0.0,0.0,-0.81,0.0
2025-09-21,PANC_006,Uruli Kanchan,0.0,27.0,81.6,540.0,-40.5,1.2,45,0.0,0.0,0.0,0.0,0.5,-1.01,0.0
2025-09-21,PANC_007,Khed Shivapur,0.0,27.0,81.6,645.0,64.5,8.5,245,1.0,0.0,0.0,0.0,0.0,1.61,0.0
2025-09-21,PANC_008,Kondhwa Budruk,0.0,27.0,81.6,610.0,29.5,6.1,225,1.0,0.0,0.0,0.0,0.4,0.74,0.0
2025-09-21,PANC_009,Dhayari,0.0,27.0,81.6,620.0,39.5,7.0,260,1.0,0.0,0.0,0.0,0.0,0.99,0.0
2025-09-21,PANC_010,Nanded Gramin,0.0,27.0,81.6,565.0,-15.5,2.8,10,0.0,0.0,0.0,0.0,0.7,-0.39,0.0
2025-09-21,PANC_101,Sampatchak Gramin,0.0,27.0,81.6,53.0,1.2,0.8,10,0.0,0.0,0.0,0.0,0.0,0.03,0.0
2025-09-21,PANC_102,Bairiya,0.0,27.0,81.6,51.5,-0.3,0.5,90,0.0,0.0,0.0,0.0,0.6,-0.01,0.0
2025-09-21,PANC_103,Kanhauli,0.0,27.0,81.6,54.2,2.4,1.1,180,1.0,0.0,0.0,0.0,0.9,0.06,0.0
2025-09-21,PANC_104,Chipura,0.0,27.0,81.6,50.8,-1.0,0.4,45,0.0,0.0,0.0,0.0,0.7,-0.03,0.0
2025-09-21,PANC_105,Sonagopalpur,0.0,27.0,81.6,52.0,0.2,0.6,85,0.0,0.0,0.0,0.0,0.2,0.01,0.0
2025-09-21,PANC_106,Tarangpur,0.0,27.0,81.6,49.5,-2.3,0.3,5,0.0,0.0,0.0,0.0,0.0,-0.06,0.0
2025-09-22,PANC_001,Wagholi,12.3,31.7,81.5,590.0,9.5,4.2,90,0.0,-1.5,1.04,10.8,7.9,0.24,11.6
2025-09-22,PANC_002,Hadapsar Rural,12.3,31.7,81.5,560.0,-20.5,2.1,0,0.0,1.8,2.73,13.5,8.0,-0.51,12.2
2025-09-22,PANC_003,Manjari Khurd,12.3,31.7,81.5,552.0,-28.5,1.8,85,0.0,0.53,1.34,12.7,8.4,-0.71,10.5
2025-09-22,PANC_004,Phursungi,12.3,31.7,81.5,575.0,-5.5,3.5,180,1.0,-1.5,1.04,11.1,11.5,-0.14,14.7
2025-09-22,PANC_005,Loni Kalbhor,12.3,31.7,81.5,548.0,-32.5,1.5,95,0.0,0.17,1.72,12.4,7.7,-0.81,9.7
2025-09-22,PANC_006,Uruli Kanchan,12.3,31.7,81.5,540.0,-40.5,1.2,45,0.0,-0.67,2.19,11.0,7.7,-1.01,10.4
2025-09-22,PANC_007,Khed Shivapur,12.3,31.7,81.5,645.0,64.5,8.5,245,1.0,3.53,2.53,16.2,14.6,1.61,18.0
2025-09-22,PANC_008,Kondhwa Budruk,12.3,31.7,81.5,610.0,29.5,6.1,225,1.0,2.7,2.42,14.8,12.4,0.74,17.1
2025-09-22,PANC_009,Dhayari,12.3,31.7,81.5,620.0,39.5,7.0,260,1.0,3.5,2.5,12.9,14.3,0.99,18.1
2025-09-22,PANC_010,Nanded Gramin,12.3,31.7,81.5,565.0,-15.5,2.8,10,0.0,5.43,0.45,18.0,9.2,-0.39,12.3
2025-09-22,PANC_101,Sampatchak Gramin,12.3,31.7,81.5,53.0,1.2,0.8,10,0.0,1.33,1.96,13.9,8.6,0.03,12.1
2025-09-22,PANC_102,Bairiya,12.3,31.7,81.5,51.5,-0.3,0.5,90,0.0,0.13,0.77,12.5,9.5,-0.01,12.1
2025-09-22,PANC_103,Kanhauli,12.3,31.7,81.5,54.2,2.4,1.1,180,1.0,-0.23,0.29,12.2,12.6,0.06,16.4
2025-09-22,PANC_104,Chipura,12.3,31.7,81.5,50.8,-1.0,0.4,45,0.0,-0.1,0.14,12.2,10.4,-0.03,13.5
2025-09-22,PANC_105,Sonagopalpur,12.3,31.7,81.5,52.0,0.2,0.6,85,0.0,1.7,1.79,14.4,9.4,0.01,12.4
2025-09-22,PANC_106,Tarangpur,12.3,31.7,81.5,49.5,-2.3,0.3,5,0.0,1.23,2.03,13.2,8.7,-0.06,11.7
2025-09-23,PANC_001,Wagholi,22.0,25.1,88.6,590.0,9.5,4.2,90,0.0,-0.53,0.69,21.5,17.6,0.24,22.4
2025-09-23,PANC_002,Hadapsar Rural,22.0,25.1,88.6,560.0,-20.5,2.1,0,0.0,2.5,2.2,24.1,16.1,-0.51,22.3
2025-09-23,PANC_003,Manjari Khurd,22.0,25.1,88.6,552.0,-28.5,1.8,85,0.0,1.33,1.39,23.2,16.2,-0.71,21.5
2025-09-23,PANC_004,Phursungi,22.0,25.1,88.6,575.0,-5.5,3.5,180,1.0,-0.53,0.69,21.7,17.9,-0.14,25.3
2025-09-23,PANC_005,Loni Kalbhor,22.0,25.1,88.6,548.0,-32.5,1.5,95,0.0,1.03,1.64,23.1,16.0,-0.81,20.6
2025-09-23,PANC_006,Uruli Kanchan,22.0,25.1,88.6,540.0,-40.5,1.2,45,0.0,0.47,2.04,21.9,15.8,-1.01,20.5
2025-09-23,PANC_007,Khed Shivapur,22.0,25.1,88.6,645.0,64.5,8.5,245,1.0,3.4,1.63,25.6,18.8,1.61,24.6
2025-09-23,PANC_008,Kondhwa Budruk,22.0,25.1,88.6,610.0,29.5,6.1,225,1.0,2.67,1.73,24.5,20.0,0.74,26.7
2025-09-23,PANC_009,Dhayari,22.0,25.1,88.6,620.0,39.5,7.0,260,1.0,2.8,1.48,23.5,20.1,0.99,26.4
2025-09-23,PANC_010,Nanded Gramin,22.0,25.1,88.6,565.0,-15.5,2.8,10,0.0,3.9,0.93,26.4,18.6,-0.39,23.1
2025-09-23,PANC_101,Sampatchak Gramin,22.0,25.1,88.6,53.0,1.2,0.8,10,0.0,0.93,1.94,23.0,16.3,0.03,22.1
2025-09-23,PANC_102,Bairiya,22.0,25.1,88.6,51.5,-0.3,0.5,90,0.0,-0.27,0.59,21.7,15.7,-0.01,20.8
2025-09-23,PANC_103,Kanhauli,22.0,25.1,88.6,54.2,2.4,1.1,180,1.0,0.27,0.17,22.3,18.3,0.06,25.5
2025-09-23,PANC_104,Chipura,22.0,25.1,88.6,50.8,-1.0,0.4,45,0.0,-0.2,0.73,21.7,15.0,-0.03,20.9
2025-09-23,PANC_105,Sonagopalpur,22.0,25.1,88.6,52.0,0.2,0.6,85,0.0,0.83,1.95,23.3,17.0,0.01,22.5
2025-09-23,PANC_106,Tarangpur,22.0,25.1,88.6,49.5,-2.3,0.3,5,0.0,0.8,1.98,22.6,17.5,-0.06,22.2
2025-09-24,PANC_001,Wagholi,0.0,27.4,87.9,590.0,9.5,4.2,90,0.0,0.0,0.0,0.0,0.2,0.24,0.0
2025-09-24,PANC_002,Hadapsar Rural,0.0,27.4,87.9,560.0,-20.5,2.1,0,0.0,0.0,0.0,0.0,0.0,-0.51,0.0
2025-09-24,PANC_003,Manjari Khurd,0.0,27.4,87.9,552.0,-28.5,1.8,85,0.0,0.0,0.0,0.0,0.0,-0.71,0.0
2025-09-24,PANC_004,Phursungi,0.0,27.4,87.9,575.0,-5.5,3.5,180,1.0,0.0,0.0,0.0,0.0,-0.14,0.0
2025-09-24,PANC_005,Loni Kalbhor,0.0,27.4,87.9,548.0,-32.5,1.5,95,0.0,0.0,0.0,0.0,0.3,-0.81,0.0
2025-09-24,PANC_006,Uruli Kanchan,0.0,27.4,87.9,540.0,-40.5,1.2,45,0.0,0.0,0.0,0.0,0.0,-1.01,0.0
2025-09-24,PANC_007,Khed Shivapur,0.0,27.4,87.9,645.0,64.5,8.5,245,1.0,0.0,0.0,0.0,1.2,1.61,0.0
2025-09-24,PANC_008,Kondhwa Budruk,0.0,27.4,87.9,610.0,29.5,6.1,225,1.0,0.0,0.0,0.0,0.0,0.74,0.0
2025-09-24,PANC_009,Dhayari,0.0,27.4,87.9,620.0,39.5,7.0,260,1.0,0.0,0.0,0.0,0.0,0.99,0.0
2025-09-24,PANC_010,Nanded Gramin,0.0,27.4,87.9,565.0,-15.5,2.8,10,0.0,0.0,0.0,0.0,0.0,-0.39,0.0
2025-09-24,PANC_101,Sampatchak Gramin,0.0,27.4,87.9,53.0,1.2,0.8,10,0.0,0.0,0.0,0.0,0.0,0.03,0.0
2025-09-24,PANC_102,Bairiya,0.0,27.4,87.9,51.5,-0.3,0.5,90,0.0,0.0,0.0,0.0,0.0,-0.01,0.0
2025-09-24,PANC_103,Kanhauli,0.0,27.4,87.9,54.2,2.4,1.1,180,1.0,0.0,0.0,0.0,0.0,0.06,0.0
2025-09-24,PANC_104,Chipura,0.0,27.4,87.9,50.8,-1.0,0.4,45,0.0,0.0,0.0,0.0,0.0,-0.03,0.0
2025-09-24,PANC_105,Sonagopalpur,0.0,27.4,87.9,52.0,0.2,0.6,85,0.0,0.0,0.0,0.0,0.0,0.01,0.0
2025-09-24,PANC_106,Tarangpur,0.0,27.4,87.9,49.5,-2.3,0.3,5,0.0,0.0,0.0,0.0,1.7,-0.06,0.0
2025-09-25,PANC_001,Wagholi,64.0,27.8,86.9,590.0,9.5,4.2,90,0.0,-0.47,0.86,63.9,46.9,0.24,63.5
2025-09-25,PANC_002,Hadapsar Rural,64.0,27.8,86.9,560.0,-20.5,2.1,0,0.0,2.6,1.5,66.3,47.8,-0.51,62.5
2025-09-25,PANC_003,Manjari Khurd,64.0,27.8,86.9,552.0,-28.5,1.8,85,0.0,0.33,1.93,64.1,48.4,-0.71,64.6
2025-09-25,PANC_004,Phursungi,64.0,27.8,86.9,575.0,-5.5,3.5,180,1.0,-0.47,0.86,63.3,49.2,-0.14,67.0
2025-09-25,PANC_005,Loni Kalbhor,64.0,27.8,86.9,548.0,-32.5,1.5,95,0.0,0.7,1.84,65.1,48.2,-0.81,63.5
2025-09-25,PANC_006,Uruli Kanchan,64.0,27.8,86.9,540.0,-40.5,1.2,45,0.0,1.03,1.46,64.6,46.1,-1.01,61.7
2025-09-25,PANC_007,Khed Shivapur,64.0,27.8,86.9,645.0,64.5,8.5,245,1.0,3.0,1.7,67.2,50.9,1.61,69.7
2025-09-25,PANC_008,Kondhwa Budruk,64.0,27.8,86.9,610.0,29.5,6.1,225,1.0,1.9,2.45,65.7,51.4,0.74,68.2
2025-09-25,PANC_009,Dhayari,64.0,27.8,86.9,620.0,39.5,7.0,260,1.0,3.5,2.14,65.1,52.0,0.99,68.2
2025-09-25,PANC_010,Nanded Gramin,64.0,27.8,86.9,565.0,-15.5,2.8,10,0.0,4.7,0.71,68.2,49.5,-0.39,64.6
2025-09-25,PANC_101,Sampatchak Gramin,64.0,27.8,86.9,53.0,1.2,0.8,10,0.0,1.07,1.53,65.3,46.7,0.03,62.7
2025-09-25,PANC_102,Bairiya,64.0,27.8,86.9,51.5,-0.3,0.5,90,0.0,-0.03,0.91,63.6,48.3,-0.01,64.3
2025-09-25,PANC_103,Kanhauli,64.0,27.8,86.9,54.2,2.4,1.1,180,1.0,-0.27,0.86,63.4,50.4,0.06,67.2
2025-09-25,PANC_104,Chipura,64.0,27.8,86.9,50.8,-1.0,0.4,45,0.0,-0.43,0.66,63.6,49.5,-0.03,64.4
2025-09-25,PANC_105,Sonagopalpur,64.0,27.8,86.9,52.0,0.2,0.6,85,0.0,0.77,1.86,65.1,47.1,0.01,63.7
2025-09-25,PANC_106,Tarangpur,64.0,27.8,86.9,49.5,-2.3,0.3,5,0.0,0.73,1.86,64.4,48.2,-0.06,64.8
2025-09-26,PANC_001,Wagholi,49.1,26.4,84.0,590.0,9.5,4.2,90,0.0,-0.2,0.36,48.8,36.5,0.24,48.6
2025-09-26,PANC_002,Hadapsar Rural,49.1,26.4,84.0,560.0,-20.5,2.1,0,0.0,2.53,2.17,51.2,35.9,-0.51,48.6
2025-09-26,PANC_003,Manjari Khurd,49.1,26.4,84.0,552.0,-28.5,1.8,85,0.0,0.73,1.74,49.6,36.9,-0.71,48.7
2025-09-26,PANC_004,Phursungi,49.1,26.4,84.0,575.0,-5.5,3.5,180,1.0,-0.2,0.36,48.8,39.0,-0.14,52.3
2025-09-26,PANC_005,Loni Kalbhor,49.1,26.4,84.0,548.0,-32.5,1.5,95,0.0,0.77,1.72,50.1,37.3,-0.81,49.4
2025-09-26,PANC_006,Uruli Kanchan,49.1,26.4,84.0,540.0,-40.5,1.2,45,0.0,1.03,1.56,49.9,34.3,-1.01,46.9
2025-09-26,PANC_007,Khed Shivapur,49.1,26.4,84.0,645.0,64.5,8.5,245,1.0,3.2,2.62,52.6,40.3,1.61,54.6
2025-09-26,PANC_008,Kondhwa Budruk,49.1,26.4,84.0,610.0,29.5,6.1,225,1.0,2.67,2.4,51.6,39.3,0.74,53.9
2025-09-26,PANC_009,Dhayari,49.1,26.4,84.0,620.0,39.5,7.0,260,1.0,3.27,2.68,49.3,40.2,0.99,54.4
2025-09-26,PANC_010,Nanded Gramin,49.1,26.4,84.0,565.0,-15.5,2.8,10,0.0,5.2,0.29,54.4,34.4,-0.39,48.6
2025-09-26,PANC_101,Sampatchak Gramin,49.1,26.4,84.0,53.0,1.2,0.8,10,0.0,2.07,1.11,51.5,35.7,0.03,47.9
2025-09-26,PANC_102,Bairiya,49.1,26.4,84.0,51.5,-0.3,0.5,90,0.0,-0.6,0.54,48.4,38.1,-0.01,51.4
2025-09-26,PANC_103,Kanhauli,49.1,26.4,84.0,54.2,2.4,1.1,180,1.0,-0.43,0.76,48.6,39.4,0.06,52.4
2025-09-26,PANC_104,Chipura,49.1,26.4,84.0,50.8,-1.0,0.4,45,0.0,0.57,1.43,49.8,36.9,-0.03,49.2
2025-09-26,PANC_105,Sonagopalpur,49.1,26.4,84.0,52.0,0.2,0.6,85,0.0,0.73,1.89,50.2,38.3,0.01,49.7
2025-09-26,PANC_106,Tarangpur,49.1,26.4,84.0,49.5,-2.3,0.3,5,0.0,1.47,1.93,50.2,38.4,-0.06,48.4
2025-09-27,PANC_001,Wagholi,43.3,30.2,76.6,590.0,9.5,4.2,90,0.0,-1.1,0.62,42.5,32.6,0.24,43.3
2025-09-27,PANC_002,Hadapsar Rural,43.3,30.2,76.6,560.0,-20.5,2.1,0,0.0,2.4,1.98,45.5,31.4,-0.51,42.3
2025-09-27,PANC_003,Manjari Khurd,43.3,30.2,76.6,552.0,-28.5,1.8,85,0.0,0.97,2.11,44.0,32.8,-0.71,42.9
2025-09-27,PANC_004,Phursungi,43.3,30.2,76.6,575.0,-5.5,3.5,180,1.0,-1.1,0.62,42.3,35.3,-0.14,47.2
2025-09-27,PANC_005,Loni Kalbhor,43.3,30.2,76.6,548.0,-32.5,1.5,95,0.0,0.83,2.18,44.4,30.5,-0.81,41.4
2025-09-27,PANC_006,Uruli Kanchan,43.3,30.2,76.6,540.0,-40.5,1.2,45,0.0,0.53,2.46,43.1,31.3,-1.01,41.5
2025-09-27,PANC_007,Khed Shivapur,43.3,30.2,76.6,645.0,64.5,8.5,245,1.0,3.3,2.47,47.0,36.3,1.61,49.5
2025-09-27,PANC_008,Kondhwa Budruk,43.3,30.2,76.6,610.0,29.5,6.1,225,1.0,3.0,2.97,46.1,33.9,0.74,47.0
2025-09-27,PANC_009,Dhayari,43.3,30.2,76.6,620.0,39.5,7.0,260,1.0,3.33,2.5,44.0,37.0,0.99,49.4
2025-09-27,PANC_010,Nanded Gramin,43.3,30.2,76.6,565.0,-15.5,2.8,10,0.0,5.33,1.16,49.3,32.0,-0.39,43.4
2025-09-27,PANC_101,Sampatchak Gramin,43.3,30.2,76.6,53.0,1.2,0.8,10,0.0,1.03,1.5,44.6,32.4,0.03,43.5
2025-09-27,PANC_102,Bairiya,43.3,30.2,76.6,51.5,-0.3,0.5,90,0.0,-0.03,0.48,43.3,32.0,-0.01,43.7
2025-09-27,PANC_103,Kanhauli,43.3,30.2,76.6,54.2,2.4,1.1,180,1.0,0.07,0.34,43.3,35.8,0.06,46.4
2025-09-27,PANC_104,Chipura,43.3,30.2,76.6,50.8,-1.0,0.4,45,0.0,0.07,0.34,43.4,31.4,-0.03,42.6
2025-09-27,PANC_105,Sonagopalpur,43.3,30.2,76.6,52.0,0.2,0.6,85,0.0,0.87,1.62,44.6,31.8,0.01,42.9
2025-09-27,PANC_106,Tarangpur,43.3,30.2,76.6,49.5,-2.3,0.3,5,0.0,1.23,1.32,44.3,33.1,-0.06,43.7
2025-09-28,PANC_001,Wagholi,7.9,27.1,80.5,590.0,9.5,4.2,90,0.0,-1.2,0.29,6.6,5.9,0.24,8.8
2025-09-28,PANC_002,Hadapsar Rural,7.9,27.1,80.5,560.0,-20.5,2.1,0,0.0,1.9,2.43,9.2,5.5,-0.51,6.4
2025-09-28,PANC_003,Manjari Khurd,7.9,27.1,80.5,552.0,-28.5,1.8,85,0.0,0.6,1.61,8.2,5.6,-0.71,6.6
2025-09-28,PANC_004,Phursungi,7.9,27.1,80.5,575.0,-5.5,3.5,180,1.0,-1.2,0.29,6.6,6.8,-0.14,10.3
2025-09-28,PANC_005,Loni Kalbhor,7.9,27.1,80.5,548.0,-32.5,1.5,95,0.0,-0.13,1.79,8.0,5.6,-0.81,7.1
2025-09-28,PANC_006,Uruli Kanchan,7.9,27.1,80.5,540.0,-40.5,1.2,45,0.0,0.1,1.64,7.7,6.4,-1.01,7.8
2025-09-28,PANC_007,Khed Shivapur,7.9,27.1,80.5,645.0,64.5,8.5,245,1.0,3.1,2.93,11.4,9.6,1.61,11.8
2025-09-28,PANC_008,Kondhwa Budruk,7.9,27.1,80.5,610.0,29.5,6.1,225,1.0,2.2,2.94,9.9,9.3,0.74,12.5
2025-09-28,PANC_009,Dhayari,7.9,27.1,80.5,620.0,39.5,7.0,260,1.0,2.5,2.49,7.6,9.5,0.99,13.6
2025-09-28,PANC_010,Nanded Gramin,7.9,27.1,80.5,565.0,-15.5,2.8,10,0.0,4.73,0.74,13.5,4.8,-0.39,6.9
2025-09-28,PANC_101,Sampatchak Gramin,7.9,27.1,80.5,53.0,1.2,0.8,10,0.0,1.8,1.98,10.0,4.3,0.03,6.8
2025-09-28,PANC_102,Bairiya,7.9,27.1,80.5,51.5,-0.3,0.5,90,0.0,-0.07,0.82,7.6,6.2,-0.01,8.3
2025-09-28,PANC_103,Kanhauli,7.9,27.1,80.5,54.2,2.4,1.1,180,1.0,-0.23,0.63,7.5,9.2,0.06,12.5
2025-09-28,PANC_104,Chipura,7.9,27.1,80.5,50.8,-1.0,0.4,45,0.0,-0.1,0.71,7.8,8.3,-0.03,8.8
2025-09-28,PANC_105,Sonagopalpur,7.9,27.1,80.5,52.0,0.2,0.6,85,0.0,1.47,2.36,9.8,6.9,0.01,8.3
2025-09-28,PANC_106,Tarangpur,7.9,27.1,80.5,49.5,-2.3,0.3,5,0.0,1.3,2.41,8.8,6.7,-0.06,7.9
2025-09-29,PANC_001,Wagholi,28.2,27.5,85.9,590.0,9.5,4.2,90,0.0,-1.5,0.75,26.8,20.9,0.24,28.9
2025-09-29,PANC_002,Hadapsar Rural,28.2,27.5,85.9,560.0,-20.5,2.1,0,0.0,2.37,2.87,29.9,21.2,-0.51,27.5
2025-09-29,PANC_003,Manjari Khurd,28.2,27.5,85.9,552.0,-28.5,1.8,85,0.0,0.9,1.4,28.9,21.0,-0.71,26.9
2025-09-29,PANC_004,Phursungi,28.2,27.5,85.9,575.0,-5.5,3.5,180,1.0,-1.5,0.75,26.9,23.3,-0.14,30.9
2025-09-29,PANC_005,Loni Kalbhor,28.2,27.5,85.9,548.0,-32.5,1.5,95,0.0,0.23,1.76,28.5,19.7,-0.81,25.7
2025-09-29,PANC_006,Uruli Kanchan,28.2,27.5,85.9,540.0,-40.5,1.2,45,0.0,-0.37,2.22,27.2,21.0,-1.01,28.1
2025-09-29,PANC_007,Khed Shivapur,28.2,27.5,85.9,645.0,64.5,8.5,245,1.0,3.17,2.27,31.5,26.2,1.61,36.2
2025-09-29,PANC_008,Kondhwa Budruk,28.2,27.5,85.9,610.0,29.5,6.1,225,1.0,1.87,1.85,29.9,25.3,0.74,33.9
2025-09-29,PANC_009,Dhayari,28.2,27.5,85.9,620.0,39.5,7.0,260,1.0,4.63,3.27,29.2,24.3,0.99,31.8
2025-09-29,PANC_010,Nanded Gramin,28.2,27.5,85.9,565.0,-15.5,2.8,10,0.0,5.77,1.8,32.1,21.2,-0.39,28.4
2025-09-29,PANC_101,Sampatchak Gramin,28.2,27.5,85.9,53.0,1.2,0.8,10,0.0,1.73,1.84,30.0,22.6,0.03,29.3
2025-09-29,PANC_102,Bairiya,28.2,27.5,85.9,51.5,-0.3,0.5,90,0.0,0.3,0.65,28.7,20.5,-0.01,27.8
2025-09-29,PANC_103,Kanhauli,28.2,27.5,85.9,54.2,2.4,1.1,180,1.0,0.97,0.5,29.3,24.0,0.06,32.3
2025-09-29,PANC_104,Chipura,28.2,27.5,85.9,50.8,-1.0,0.4,45,0.0,0.73,0.82,28.8,21.4,-0.03,27.7
2025-09-29,PANC_105,Sonagopalpur,28.2,27.5,85.9,52.0,0.2,0.6,85,0.0,1.57,1.91,30.2,22.5,0.01,29.7
2025-09-29,PANC_106,Tarangpur,28.2,27.5,85.9,49.5,-2.3,0.3,5,0.0,1.6,1.87,29.6,21.0,-0.06,28.5
2025-09-30,PANC_001,Wagholi,15.8,31.6,82.2,590.0,9.5,4.2,90,0.0,-2.7,0.62,13.4,12.8,0.24,17.4
2025-09-30,PANC_002,Hadapsar Rural,15.8,31.6,82.2,560.0,-20.5,2.1,0,0.0,2.8,3.53,17.8,12.2,-0.51,13.0
2025-09-30,PANC_003,Manjari Khurd,15.8,31.6,82.2,552.0,-28.5,1.8,85,0.0,0.83,2.71,16.2,10.9,-0.71,13.9
2025-09-30,PANC_004,Phursungi,15.8,31.6,82.2,575.0,-5.5,3.5,180,1.0,-2.7,0.62,13.1,14.1,-0.14,19.5
2025-09-30,PANC_005,Loni Kalbhor,15.8,31.6,82.2,548.0,-32.5,1.5,95,0.0,-0.33,2.88,15.9,9.1,-0.81,12.4
2025-09-30,PANC_006,Uruli Kanchan,15.8,31.6,82.2,540.0,-40.5,1.2,45,0.0,-0.53,3.06,14.4,9.7,-1.01,13.9
2025-09-30,PANC_007,Khed Shivapur,15.8,31.6,82.2,645.0,64.5,8.5,245,1.0,3.43,3.53,19.6,15.1,1.61,22.7
2025-09-30,PANC_008,Kondhwa Budruk,15.8,31.6,82.2,610.0,29.5,6.1,225,1.0,2.03,3.47,17.6,17.1,0.74,22.4
2025-09-30,PANC_009,Dhayari,15.8,31.6,82.2,620.0,39.5,7.0,260,1.0,4.0,3.89,15.3,17.2,0.99,21.0
2025-09-30,PANC_010,Nanded Gramin,15.8,31.6,82.2,565.0,-15.5,2.8,10,0.0,6.23,0.74,21.1,9.4,-0.39,14.3
2025-09-30,PANC_101,Sampatchak Gramin,15.8,31.6,82.2,53.0,1.2,0.8,10,0.0,1.67,1.62,17.6,11.2,0.03,14.9
2025-09-30,PANC_102,Bairiya,15.8,31.6,82.2,51.5,-0.3,0.5,90,0.0,0.3,1.12,15.9,11.4,-0.01,15.9
2025-09-30,PANC_103,Kanhauli,15.8,31.6,82.2,54.2,2.4,1.1,180,1.0,0.03,0.78,15.7,15.2,0.06,19.7
2025-09-30,PANC_104,Chipura,15.8,31.6,82.2,50.8,-1.0,0.4,45,0.0,0.07,0.78,15.8,13.1,-0.03,17.6
2025-09-30,PANC_105,Sonagopalpur,15.8,31.6,82.2,52.0,0.2,0.6,85,0.0,1.6,1.96,17.7,11.5,0.01,16.8
2025-09-30,PANC_106,Tarangpur,15.8,31.6,82.2,49.5,-2.3,0.3,5,0.0,1.03,2.07,16.5,11.1,-0.06,15.8
2025-10-01,PANC_001,Wagholi,0.0,30.5,63.4,590.0,9.5,4.2,90,0.0,0.0,0.0,0.0,0.7,0.24,0.0
2025-10-01,PANC_002,Hadapsar Rural,0.0,30.5,63.4,560.0,-20.5,2.1,0,0.0,0.0,0.0,0.0,1.7,-0.51,0.0
2025-10-01,PANC_003,Manjari Khurd,0.0,30.5,63.4,552.0,-28.5,1.8,85,0.0,0.0,0.0,0.0,0.0,-0.71,0.0
2025-10-01,PANC_004,Phursungi,0.0,30.5,63.4,575.0,-5.5,3.5,180,1.0,0.0,0.0,0.0,1.3,-0.14,0.0
2025-10-01,PANC_005,Loni Kalbhor,0.0,30.5,63.4,548.0,-32.5,1.5,95,0.0,0.0,0.0,0.0,0.3,-0.81,0.0
2025-10-01,PANC_006,Uruli Kanchan,0.0,30.5,63.4,540.0,-40.5,1.2,45,0.0,0.0,0.0,0.0,0.4,-1.01,0.0
2025-10-01,PANC_007,Khed Shivapur,0.0,30.5,63.4,645.0,64.5,8.5,245,1.0,0.0,0.0,0.0,0.0,1.61,0.0
2025-10-01,PANC_008,Kondhwa Budruk,0.0,30.5,63.4,610.0,29.5,6.1,225,1.0,0.0,0.0,0.0,0.0,0.74,0.0
2025-10-01,PANC_009,Dhayari,0.0,30.5,63.4,620.0,39.5,7.0,260,1.0,0.0,0.0,0.0,0.0,0.99,0.0
2025-10-01,PANC_010,Nanded Gramin,0.0,30.5,63.4,565.0,-15.5,2.8,10,0.0,0.0,0.0,0.0,0.7,-0.39,0.0
2025-10-01,PANC_101,Sampatchak Gramin,0.0,30.5,63.4,53.0,1.2,0.8,10,0.0,0.0,0.0,0.0,0.9,0.03,0.0
2025-10-01,PANC_102,Bairiya,0.0,30.5,63.4,51.5,-0.3,0.5,90,0.0,0.0,0.0,0.0,0.0,-0.01,0.0
2025-10-01,PANC_103,Kanhauli,0.0,30.5,63.4,54.2,2.4,1.1,180,1.0,0.0,0.0,0.0,0.0,0.06,0.0
2025-10-01,PANC_104,Chipura,0.0,30.5,63.4,50.8,-1.0,0.4,45,0.0,0.0,0.0,0.0,0.9,-0.03,0.0
2025-10-01,PANC_105,Sonagopalpur,0.0,30.5,63.4,52.0,0.2,0.6,85,0.0,0.0,0.0,0.0,0.0,0.01,0.0
2025-10-01,PANC_106,Tarangpur,0.0,30.5,63.4,49.5,-2.3,0.3,5,0.0,0.0,0.0,0.0,0.6,-0.06,0.0
2025-10-02,PANC_001,Wagholi,0.0,34.1,52.4,590.0,9.5,4.2,90,0.0,0.0,0.0,0.0,0.0,0.24,0.0
2025-10-02,PANC_002,Hadapsar Rural,0.0,34.1,52.4,560.0,-20.5,2.1,0,0.0,0.0,0.0,0.0,0.1,-0.51,0.0
2025-10-02,PANC_003,Manjari Khurd,0.0,34.1,52.4,552.0,-28.5,1.8,85,0.0,0.0,0.0,0.0,0.0,-0.71,0.0
2025-10-02,PANC_004,Phursungi,0.0,34.1,52.4,575.0,-5.5,3.5,180,1.0,0.0,0.0,0.0,0.0,-0.14,0.0
2025-10-02,PANC_005,Loni Kalbhor,0.0,34.1,52.4,548.0,-32.5,1.5,95,0.0,0.0,0.0,0.0,0.0,-0.81,0.0
2025-10-02,PANC_006,Uruli Kanchan,0.0,34.1,52.4,540.0,-40.5,1.2,45,0.0,0.0,0.0,0.0,0.0,-1.01,0.0
2025-10-02,PANC_007,Khed Shivapur,0.0,34.1,52.4,645.0,64.5,8.5,245,1.0,0.0,0.0,0.0,1.4,1.61,0.0
2025-10-02,PANC_008,Kondhwa Budruk,0.0,34.1,52.4,610.0,29.5,6.1,225,1.0,0.0,0.0,0.0,0.0,0.74,0.0
2025-10-02,PANC_009,Dhayari,0.0,34.1,52.4,620.0,39.5,7.0,260,1.0,0.0,0.0,0.0,0.0,0.99,0.0
2025-10-02,PANC_010,Nanded Gramin,0.0,34.1,52.4,565.0,-15.5,2.8,10,0.0,0.0,0.0,0.0,0.7,-0.39,0.0
2025-10-02,PANC_101,Sampatchak Gramin,0.0,34.1,52.4,53.0,1.2,0.8,10,0.0,0.1,0.14,0.1,0.0,0.03,0.0
2025-10-02,PANC_102,Bairiya,0.0,34.1,52.4,51.5,-0.3,0.5,90,0.0,0.37,0.52,0.3,0.0,-0.01,0.0
2025-10-02,PANC_103,Kanhauli,0.0,34.1,52.4,54.2,2.4,1.1,180,1.0,0.1,0.14,0.1,0.1,0.06,0.0
2025-10-02,PANC_104,Chipura,0.0,34.1,52.4,50.8,-1.0,0.4,45,0.0,0.1,0.14,0.1,1.6,-0.03,1.1
2025-10-02,PANC_105,Sonagopalpur,0.0,34.1,52.4,52.0,0.2,0.6,85,0.0,0.37,0.52,0.3,0.6,0.01,0.3
2025-10-02,PANC_106,Tarangpur,0.0,34.1,52.4,49.5,-2.3,0.3,5,0.0,0.0,0.0,0.0,0.2,-0.06,0.0
2025-10-03,PANC_001,Wagholi,0.0,33.2,55.3,590.0,9.5,4.2,90,0.0,0.0,0.0,0.0,0.4,0.24,0.0
2025-10-03,PANC_002,Hadapsar Rural,0.0,33.2,55.3,560.0,-20.5,2.1,0,0.0,0.0,0.0,0.0,0.5,-0.51,0.0
2025-10-03,PANC_003,Manjari Khurd,0.0,33.2,55.3,552.0,-28.5,1.8,85,0.0,0.0,0.0,0.0,0.0,-0.71,0.0
2025-10-03,PANC_004,Phursungi,0.0,33.2,55.3,575.0,-5.5,3.5,180,1.0,0.0,0.0,0.0,0.0,-0.14,0.0
2025-10-03,PANC_005,Loni Kalbhor,0.0,33.2,55.3,548.0,-32.5,1.5,95,0.0,0.0,0.0,0.0,0.0,-0.81,0.0
2025-10-03,PANC_006,Uruli Kanchan,0.0,33.2,55.3,540.0,-40.5,1.2,45,0.0,0.0,0.0,0.0,0.5,-1.01,0.0
2025-10-03,PANC_007,Khed Shivapur,0.0,33.2,55.3,645.0,64.5,8.5,245,1.0,0.0,0.0,0.0,0.0,1.61,0.0
2025-10-03,PANC_008,Kondhwa Budruk,0.0,33.2,55.3,610.0,29.5,6.1,225,1.0,0.0,0.0,0.0,0.0,0.74,0.0
2025-10-03,PANC_009,Dhayari,0.0,33.2,55.3,620.0,39.5,7.0,260,1.0,0.0,0.0,0.0,0.8,0.99,0.0
2025-10-03,PANC_010,Nanded Gramin,0.0,33.2,55.3,565.0,-15.5,2.8,10,0.0,0.0,0.0,0.0,0.2,-0.39,0.0
2025-10-03,PANC_101,Sampatchak Gramin,0.0,33.2,55.3,53.0,1.2,0.8,10,0.0,0.0,0.0,0.0,1.0,0.03,0.0
2025-10-03,PANC_102,Bairiya,0.0,33.2,55.3,51.5,-0.3,0.5,90,0.0,0.0,0.0,0.0,0.6,-0.01,0.0
2025-10-03,PANC_103,Kanhauli,0.0,33.2,55.3,54.2,2.4,1.1,180,1.0,0.0,0.0,0.0,0.0,0.06,0.0
2025-10-03,PANC_104,Chipura,0.0,33.2,55.3,50.8,-1.0,0.4,45,0.0,0.0,0.0,0.0,0.0,-0.03,0.0
2025-10-03,PANC_105,Sonagopalpur,0.0,33.2,55.3,52.0,0.2,0.6,85,0.0,0.0,0.0,0.0,0.8,0.01,0.0
2025-10-03,PANC_106,Tarangpur,0.0,33.2,55.3,49.5,-2.3,0.3,5,0.0,0.0,0.0,0.0,0.0,-0.06,0.0
2025-10-04,PANC_001,Wagholi,0.0,34.3,48.0,590.0,9.5,4.2,90,0.0,0.0,0.0,0.0,0.1,0.24,0.0
2025-10-04,PANC_002,Hadapsar Rural,0.0,34.3,48.0,560.0,-20.5,2.1,0,0.0,0.47,0.66,0.6,0.0,-0.51,0.0
2025-10-04,PANC_003,Manjari Khurd,0.0,34.3,48.0,552.0,-28.5,1.8,85,0.0,0.47,0.66,0.4,0.2,-0.71,0.0
2025-10-04,PANC_004,Phursungi,0.0,34.3,48.0,575.0,-5.5,3.5,180,1.0,0.0,0.0,0.0,0.3,-0.14,1.4
2025-10-04,PANC_005,Loni Kalbhor,0.0,34.3,48.0,548.0,-32.5,1.5,95,0.0,0.47,0.66,0.5,1.4,-0.81,0.0
2025-10-04,PANC_006,Uruli Kanchan,0.0,34.3,48.0,540.0,-40.5,1.2,45,0.0,0.47,0.66,0.3,0.0,-1.01,0.0
2025-10-04,PANC_007,Khed Shivapur,0.0,34.3,48.0,645.0,64.5,8.5,245,1.0,0.0,0.0,0.0,0.0,1.61,0.0
2025-10-04,PANC_008,Kondhwa Budruk,0.0,34.3,48.0,610.0,29.5,6.1,225,1.0,0.47,0.66,0.5,0.4,0.74,0.0
2025-10-04,PANC_009,Dhayari,0.0,34.3,48.0,620.0,39.5,7.0,260,1.0,0.0,0.0,0.0,0.0,0.99,0.0
2025-10-04,PANC_010,Nanded Gramin,0.0,34.3,48.0,565.0,-15.5,2.8,10,0.0,0.0,0.0,0.0,0.0,-0.39,0.0
2025-10-04,PANC_101,Sampatchak Gramin,0.0,34.3,48.0,53.0,1.2,0.8,10,0.0,0.0,0.0,0.0,0.0,0.03,0.0
2025-10-04,PANC_102,Bairiya,0.0,34.3,48.0,51.5,-0.3,0.5,90,0.0,0.0,0.0,0.0,0.8,-0.01,0.0
2025-10-04,PANC_103,Kanhauli,0.0,34.3,48.0,54.2,2.4,1.1,180,1.0,0.0,0.0,0.0,0.0,0.06,0.0
2025-10-04,PANC_104,Chipura,0.0,34.3,48.0,50.8,-1.0,0.4,45,0.0,0.0,0.0,0.0,0.0,-0.03,0.0
2025-10-04,PANC_105,Sonagopalpur,0.0,34.3,48.0,52.0,0.2,0.6,85,0.0,0.0,0.0,0.0,0.7,0.01,0.0
2025-10-04,PANC_106,Tarangpur,0.0,34.3,48.0,49.5,-2.3,0.3,5,0.0,0.0,0.0,0.0,0.0,-0.06,0.0
2025-10-05,PANC_001,Wagholi,0.0,31.5,63.0,590.0,9.5,4.2,90,0.0,0.0,0.0,0.0,0.0,0.24,0.0
2025-10-05,PANC_002,Hadapsar Rural,0.0,31.5,63.0,560.0,-20.5,2.1,0,0.0,0.0,0.0,0.0,0.0,-0.51,0.0
2025-10-05,PANC_003,Manjari Khurd,0.0,31.5,63.0,552.0,-28.5,1.8,85,0.0,0.0,0.0,0.0,1.0,-0.71,0.0
2025-10-05,PANC_004,Phursungi,0.0,31.5,63.0,575.0,-5.5,3.5,180,1.0,0.0,0.0,0.0,0.1,-0.14,0.0
2025-10-05,PANC_005,Loni Kalbhor,0.0,31.5,63.0,548.0,-32.5,1.5,95,0.0,0.0,0.0,0.0,0.7,-0.81,0.0
2025-10-05,PANC_006,Uruli Kanchan,0.0,31.5,63.0,540.0,-40.5,1.2,45,0.0,0.0,0.0,0.0,0.0,-1.01,0.0
2025-10-05,PANC_007,Khed Shivapur,0.0,31.5,63.0,645.0,64.5,8.5,245,1.0,0.0,0.0,0.0,0.0,1.61,0.0
2025-10-05,PANC_008,Kondhwa Budruk,0.0,31.5,63.0,610.0,29.5,6.1,225,1.0,0.0,0.0,0.0,0.6,0.74,0.0
2025-10-05,PANC_009,Dhayari,0.0,31.5,63.0,620.0,39.5,7.0,260,1.0,0.0,0.0,0.0,0.5,0.99,0.0
2025-10-05,PANC_010,Nanded Gramin,0.0,31.5,63.0,565.0,-15.5,2.8,10,0.0,0.0,0.0,0.0,0.8,-0.39,0.0
2025-10-05,PANC_101,Sampatchak Gramin,0.0,31.5,63.0,53.0,1.2,0.8,10,0.0,0.0,0.0,0.0,0.0,0.03,0.0
2025-10-05,PANC_102,Bairiya,0.0,31.5,63.0,51.5,-0.3,0.5,90,0.0,0.0,0.0,0.0,0.0,-0.01,0.0
2025-10-05,PANC_103,Kanhauli,0.0,31.5,63.0,54.2,2.4,1.1,180,1.0,0.0,0.0,0.0,0.0,0.06,0.0
2025-10-05,PANC_104,Chipura,0.0,31.5,63.0,50.8,-1.0,0.4,45,0.0,0.0,0.0,0.0,0.7,-0.03,0.0
2025-10-05,PANC_105,Sonagopalpur,0.0,31.5,63.0,52.0,0.2,0.6,85,0.0,0.0,0.0,0.0,0.3,0.01,0.0
2025-10-05,PANC_106,Tarangpur,0.0,31.5,63.0,49.5,-2.3,0.3,5,0.0,0.0,0.0,0.0,0.0,-0.06,0.0
2025-10-06,PANC_001,Wagholi,0.0,31.4,42.8,590.0,9.5,4.2,90,0.0,0.0,0.0,0.0,0.1,0.24,0.0
2025-10-06,PANC_002,Hadapsar Rural,0.0,31.4,42.8,560.0,-20.5,2.1,0,0.0,0.0,0.0,0.0,0.5,-0.51,0.0
2025-10-06,PANC_003,Manjari Khurd,0.0,31.4,42.8,552.0,-28.5,1.8,85,0.0,0.0,0.0,0.0,0.0,-0.71,0.0
2025-10-06,PANC_004,Phursungi,0.0,31.4,42.8,575.0,-5.5,3.5,180,1.0,0.0,0.0,0.0,0.2,-0.14,0.0
2025-10-06,PANC_005,Loni Kalbhor,0.0,31.4,42.8,548.0,-32.5,1.5,95,0.0,0.0,0.0,0.0,1.1,-0.81,0.0
2025-10-06,PANC_006,Uruli Kanchan,0.0,31.4,42.8,540.0,-40.5,1.2,45,0.0,0.0,0.0,0.0,0.7,-1.01,0.0
2025-10-06,PANC_007,Khed Shivapur,0.0,31.4,42.8,645.0,64.5,8.5,245,1.0,0.0,0.0,0.0,1.0,1.61,0.0
2025-10-06,PANC_008,Kondhwa Budruk,0.0,31.4,42.8,610.0,29.5,6.1,225,1.0,0.0,0.0,0.0,0.9,0.74,0.0
2025-10-06,PANC_009,Dhayari,0.0,31.4,42.8,620.0,39.5,7.0,260,1.0,0.0,0.0,0.0,0.0,0.99,0.0
2025-10-06,PANC_010,Nanded Gramin,0.0,31.4,42.8,565.0,-15.5,2.8,10,0.0,0.0,0.0,0.0,0.5,-0.39,0.0
2025-10-06,PANC_101,Sampatchak Gramin,0.0,31.4,42.8,53.0,1.2,0.8,10,0.0,0.0,0.0,0.0,0.0,0.03,0.0
2025-10-06,PANC_102,Bairiya,0.0,31.4,42.8,51.5,-0.3,0.5,90,0.0,0.0,0.0,0.0,0.0,-0.01,0.0
2025-10-06,PANC_103,Kanhauli,0.0,31.4,42.8,54.2,2.4,1.1,180,1.0,0.0,0.0,0.0,1.1,0.06,0.0
2025-10-06,PANC_104,Chipura,0.0,31.4,42.8,50.8,-1.0,0.4,45,0.0,0.0,0.0,0.0,0.0,-0.03,0.0
2025-10-06,PANC_105,Sonagopalpur,0.0,31.4,42.8,52.0,0.2,0.6,85,0.0,0.0,0.0,0.0,0.0,0.01,0.0
2025-10-06,PANC_106,Tarangpur,0.0,31.4,42.8,49.5,-2.3,0.3,5,0.0,0.0,0.0,0.0,1.6,-0.06,0.0
2025-10-07,PANC_001,Wagholi,0.0,34.7,53.3,590.0,9.5,4.2,90,0.0,0.0,0.0,0.0,0.0,0.24,0.0
2025-10-07,PANC_002,Hadapsar Rural,0.0,34.7,53.3,560.0,-20.5,2.1,0,0.0,0.0,0.0,0.0,0.0,-0.51,0.0
2025-10-07,PANC_003,Manjari Khurd,0.0,34.7,53.3,552.0,-28.5,1.8,85,0.0,0.0,0.0,0.0,0.0,-0.71,0.0
2025-10-07,PANC_004,Phursungi,0.0,34.7,53.3,575.0,-5.5,3.5,180,1.0,0.0,0.0,0.0,0.0,-0.14,0.0
2025-10-07,PANC_005,Loni Kalbhor,0.0,34.7,53.3,548.0,-32.5,1.5,95,0.0,0.0,0.0,0.0,0.0,-0.81,0.0
2025-10-07,PANC_006,Uruli Kanchan,0.0,34.7,53.3,540.0,-40.5,1.2,45,0.0,0.0,0.0,0.0,0.0,-1.01,0.0
2025-10-07,PANC_007,Khed Shivapur,0.0,34.7,53.3,645.0,64.5,8.5,245,1.0,0.0,0.0,0.0,0.6,1.61,0.0
2025-10-07,PANC_008,Kondhwa Budruk,0.0,34.7,53.3,610.0,29.5,6.1,225,1.0,0.0,0.0,0.0,0.0,0.74,0.0
2025-10-07,PANC_009,Dhayari,0.0,34.7,53.3,620.0,39.5,7.0,260,1.0,0.0,0.0,0.0,0.3,0.99,0.0
2025-10-07,PANC_010,Nanded Gramin,0.0,34.7,53.3,565.0,-15.5,2.8,10,0.0,0.0,0.0,0.0,0.0,-0.39,0.0
2025-10-07,PANC_101,Sampatchak Gramin,0.0,34.7,53.3,53.0,1.2,0.8,10,0.0,0.0,0.0,0.0,0.0,0.03,0.0
2025-10-07,PANC_102,Bairiya,0.0,34.7,53.3,51.5,-0.3,0.5,90,0.0,0.0,0.0,0.0,0.0,-0.01,0.0
2025-10-07,PANC_103,Kanhauli,0.0,34.7,53.3,54.2,2.4,1.1,180,1.0,0.0,0.0,0.0,1.3,0.06,0.0
2025-10-07,PANC_104,Chipura,0.0,34.7,53.3,50.8,-1.0,0.4,45,0.0,0.0,0.0,0.0,0.0,-0.03,0.0
2025-10-07,PANC_105,Sonagopalpur,0.0,34.7,53.3,52.0,0.2,0.6,85,0.0,0.0,0.0,0.0,0.0,0.01,0.0
2025-10-07,PANC_106,Tarangpur,0.0,34.7,53.3,49.5,-2.3,0.3,5,0.0,0.0,0.0,0.0,0.0,-0.06,0.0
2025-10-08,PANC_001,Wagholi,0.0,33.1,58.3,590.0,9.5,4.2,90,0.0,0.0,0.0,0.0,0.4,0.24,0.0
2025-10-08,PANC_002,Hadapsar Rural,0.0,33.1,58.3,560.0,-20.5,2.1,0,0.0,0.0,0.0,0.0,0.0,-0.51,0.0
2025-10-08,PANC_003,Manjari Khurd,0.0,33.1,58.3,552.0,-28.5,1.8,85,0.0,0.0,0.0,0.0,1.3,-0.71,0.0
2025-10-08,PANC_004,Phursungi,0.0,33.1,58.3,575.0,-5.5,3.5,180,1.0,0.0,0.0,0.0,0.7,-0.14,0.0
2025-10-08,PANC_005,Loni Kalbhor,0.0,33.1,58.3,548.0,-32.5,1.5,95,0.0,0.0,0.0,0.0,0.0,-0.81,0.0
2025-10-08,PANC_006,Uruli Kanchan,0.0,33.1,58.3,540.0,-40.5,1.2,45,0.0,0.0,0.0,0.0,1.1,-1.01,0.0
2025-10-08,PANC_007,Khed Shivapur,0.0,33.1,58.3,645.0,64.5,8.5,245,1.0,0.0,0.0,0.0,0.0,1.61,0.0
2025-10-08,PANC_008,Kondhwa Budruk,0.0,33.1,58.3,610.0,29.5,6.1,225,1.0,0.0,0.0,0.0,0.0,0.74,0.0
2025-10-08,PANC_009,Dhayari,0.0,33.1,58.3,620.0,39.5,7.0,260,1.0,0.0,0.0,0.0,0.0,0.99,0.0
2025-10-08,PANC_010,Nanded Gramin,0.0,33.1,58.3,565.0,-15.5,2.8,10,0.0,0.0,0.0,0.0,0.0,-0.39,0.0
2025-10-08,PANC_101,Sampatchak Gramin,0.0,33.1,58.3,53.0,1.2,0.8,10,0.0,0.0,0.0,0.0,0.1,0.03,0.0
2025-10-08,PANC_102,Bairiya,0.0,33.1,58.3,51.5,-0.3,0.5,90,0.0,0.0,0.0,0.0,0.1,-0.01,0.0
2025-10-08,PANC_103,Kanhauli,0.0,33.1,58.3,54.2,2.4,1.1,180,1.0,0.0,0.0,0.0,0.1,0.06,0.0
2025-10-08,PANC_104,Chipura,0.0,33.1,58.3,50.8,-1.0,0.4,45,0.0,0.0,0.0,0.0,0.0,-0.03,0.0
2025-10-08,PANC_105,Sonagopalpur,0.0,33.1,58.3,52.0,0.2,0.6,85,0.0,0.0,0.0,0.0,0.6,0.01,0.0
2025-10-08,PANC_106,Tarangpur,0.0,33.1,58.3,49.5,-2.3,0.3,5,0.0,0.0,0.0,0.0,0.2,-0.06,0.0
2025-10-09,PANC_001,Wagholi,33.6,27.3,57.5,590.0,9.5,4.2,90,0.0,-0.37,0.58,33.6,24.1,0.24,32.5
2025-10-09,PANC_002,Hadapsar Rural,33.6,27.3,57.5,560.0,-20.5,2.1,0,0.0,0.6,0.51,34.0,23.2,-0.51,33.1
2025-10-09,PANC_003,Manjari Khurd,33.6,27.3,57.5,552.0,-28.5,1.8,85,0.0,-0.5,0.49,33.1,25.0,-0.71,34.0
2025-10-09,PANC_004,Phursungi,33.6,27.3,57.5,575.0,-5.5,3.5,180,1.0,-0.37,0.58,33.2,24.3,-0.14,33.7
2025-10-09,PANC_005,Loni Kalbhor,33.6,27.3,57.5,548.0,-32.5,1.5,95,0.0,0.0,0.37,33.7,24.5,-0.81,32.6
2025-10-09,PANC_006,Uruli Kanchan,33.6,27.3,57.5,540.0,-40.5,1.2,45,0.0,-0.17,0.6,33.2,24.1,-1.01,33.4
2025-10-09,PANC_007,Khed Shivapur,33.6,27.3,57.5,645.0,64.5,8.5,245,1.0,0.77,0.56,34.3,25.0,1.61,32.4
2025-10-09,PANC_008,Kondhwa Budruk,33.6,27.3,57.5,610.0,29.5,6.1,225,1.0,-0.13,0.26,33.5,26.1,0.74,34.9
2025-10-09,PANC_009,Dhayari,33.6,27.3,57.5,620.0,39.5,7.0,260,1.0,0.37,1.11,34.5,25.1,0.99,33.6
2025-10-09,PANC_010,Nanded Gramin,33.6,27.3,57.5,565.0,-15.5,2.8,10,0.0,0.03,1.02,33.6,26.5,-0.39,34.6
2025-10-09,PANC_101,Sampatchak Gramin,33.6,27.3,57.5,53.0,1.2,0.8,10,0.0,-0.67,0.12,32.9,25.6,0.03,33.1
2025-10-09,PANC_102,Bairiya,33.6,27.3,57.5,51.5,-0.3,0.5,90,0.0,0.33,0.6,33.7,24.8,-0.01,33.1
2025-10-09,PANC_103,Kanhauli,33.6,27.3,57.5,54.2,2.4,1.1,180,1.0,-0.2,0.57,33.2,24.0,0.06,32.8
2025-10-09,PANC_104,Chipura,33.6,27.3,57.5,50.8,-1.0,0.4,45,0.0,-0.57,0.09,33.0,24.5,-0.03,34.5
2025-10-09,PANC_105,Sonagopalpur,33.6,27.3,57.5,52.0,0.2,0.6,85,0.0,-0.13,0.74,33.3,24.1,0.01,32.9
2025-10-09,PANC_106,Tarangpur,33.6,27.3,57.5,49.5,-2.3,0.3,5,0.0,-0.6,0.14,33.0,25.2,-0.06,34.2
2025-10-10,PANC_001,Wagholi,5.8,35.4,60.5,590.0,9.5,4.2,90,0.0,0.2,0.57,6.3,4.0,0.24,5.2
2025-10-10,PANC_002,Hadapsar Rural,5.8,35.4,60.5,560.0,-20.5,2.1,0,0.0,0.2,0.7,6.2,5.6,-0.51,5.6
2025-10-10,PANC_003,Manjari Khurd,5.8,35.4,60.5,552.0,-28.5,1.8,85,0.0,-0.17,0.37,5.6,4.2,-0.71,6.8
2025-10-10,PANC_004,Phursungi,5.8,35.4,60.5,575.0,-5.5,3.5,180,1.0,0.2,0.57,5.9,5.4,-0.14,6.1
2025-10-10,PANC_005,Loni Kalbhor,5.8,35.4,60.5,548.0,-32.5,1.5,95,0.0,0.37,0.49,6.3,5.3,-0.81,5.6
2025-10-10,PANC_006,Uruli Kanchan,5.8,35.4,60.5,540.0,-40.5,1.2,45,0.0,0.37,0.49,6.0,3.2,-1.01,5.0
2025-10-10,PANC_007,Khed Shivapur,5.8,35.4,60.5,645.0,64.5,8.5,245,1.0,-0.1,0.59,5.7,3.9,1.61,5.5
2025-10-10,PANC_008,Kondhwa Budruk,5.8,35.4,60.5,610.0,29.5,6.1,225,1.0,-0.07,0.26,5.7,3.0,0.74,5.1
2025-10-10,PANC_009,Dhayari,5.8,35.4,60.5,620.0,39.5,7.0,260,1.0,-0.1,0.59,6.3,4.0,0.99,5.5
2025-10-10,PANC_010,Nanded Gramin,5.8,35.4,60.5,565.0,-15.5,2.8,10,0.0,-0.43,0.19,5.5,4.8,-0.39,6.5
2025-10-10,PANC_101,Sampatchak Gramin,5.8,35.4,60.5,53.0,1.2,0.8,10,0.0,-0.33,1.51,5.7,4.7,0.03,5.6
2025-10-10,PANC_102,Bairiya,5.8,35.4,60.5,51.5,-0.3,0.5,90,0.0,-0.13,0.33,5.7,4.2,-0.01,4.4
2025-10-10,PANC_103,Kanhauli,5.8,35.4,60.5,54.2,2.4,1.1,180,1.0,-0.7,0.51,5.1,5.1,0.06,7.6
2025-10-10,PANC_104,Chipura,5.8,35.4,60.5,50.8,-1.0,0.4,45,0.0,-1.0,0.57,4.8,3.0,-0.03,6.1
2025-10-10,PANC_105,Sonagopalpur,5.8,35.4,60.5,52.0,0.2,0.6,85,0.0,0.63,0.85,6.6,3.3,0.01,4.4
2025-10-10,PANC_106,Tarangpur,5.8,35.4,60.5,49.5,-2.3,0.3,5,0.0,0.07,1.32,5.7,4.2,-0.06,5.3
2025-10-11,PANC_001,Wagholi,0.0,33.7,55.7,590.0,9.5,4.2,90,0.0,0.43,0.61,0.8,0.4,0.24,0.0
2025-10-11,PANC_002,Hadapsar Rural,0.0,33.7,55.7,560.0,-20.5,2.1,0,0.0,1.07,0.79,1.3,0.6,-0.51,0.0
2025-10-11,PANC_003,Manjari Khurd,0.0,33.7,55.7,552.0,-28.5,1.8,85,0.0,0.63,0.9,0.5,1.0,-0.71,1.3
2025-10-11,PANC_004,Phursungi,0.0,33.7,55.7,575.0,-5.5,3.5,180,1.0,0.43,0.61,0.4,1.7,-0.14,1.9
2025-10-11,PANC_005,Loni Kalbhor,0.0,33.7,55.7,548.0,-32.5,1.5,95,0.0,1.07,0.79,1.3,0.2,-0.81,0.0
2025-10-11,PANC_006,Uruli Kanchan,0.0,33.7,55.7,540.0,-40.5,1.2,45,0.0,1.07,0.79,0.8,0.0,-1.01,0.0
2025-10-11,PANC_007,Khed Shivapur,0.0,33.7,55.7,645.0,64.5,8.5,245,1.0,0.0,0.0,0.0,0.0,1.61,0.0
2025-10-11,PANC_008,Kondhwa Budruk,0.0,33.7,55.7,610.0,29.5,6.1,225,1.0,0.63,0.9,0.6,0.0,0.74,0.0
2025-10-11,PANC_009,Dhayari,0.0,33.7,55.7,620.0,39.5,7.0,260,1.0,0.0,0.0,0.0,0.0,0.99,0.0
2025-10-11,PANC_010,Nanded Gramin,0.0,33.7,55.7,565.0,-15.5,2.8,10,0.0,0.0,0.0,0.0,0.0,-0.39,0.0
2025-10-11,PANC_101,Sampatchak Gramin,0.0,33.7,55.7,53.0,1.2,0.8,10,0.0,0.0,0.0,0.0,0.0,0.03,0.0
2025-10-11,PANC_102,Bairiya,0.0,33.7,55.7,51.5,-0.3,0.5,90,0.0,0.0,0.0,0.0,1.4,-0.01,0.0
2025-10-11,PANC_103,Kanhauli,0.0,33.7,55.7,54.2,2.4,1.1,180,1.0,0.0,0.0,0.0,0.7,0.06,0.0
2025-10-11,PANC_104,Chipura,0.0,33.7,55.7,50.8,-1.0,0.4,45,0.0,0.0,0.0,0.0,0.0,-0.03,0.0
2025-10-11,PANC_105,Sonagopalpur,0.0,33.7,55.7,52.0,0.2,0.6,85,0.0,0.0,0.0,0.0,0.5,0.01,0.0
2025-10-11,PANC_106,Tarangpur,0.0,33.7,55.7,49.5,-2.3,0.3,5,0.0,0.0,0.0,0.0,0.0,-0.06,0.0
2025-10-12,PANC_001,Wagholi,0.0,33.3,59.0,590.0,9.5,4.2,90,0.0,0.0,0.0,0.0,0.0,0.24,0.0
2025-10-12,PANC_002,Hadapsar Rural,0.0,33.3,59.0,560.0,-20.5,2.1,0,0.0,0.0,0.0,0.0,0.9,-0.51,0.0
2025-10-12,PANC_003,Manjari Khurd,0.0,33.3,59.0,552.0,-28.5,1.8,85,0.0,0.0,0.0,0.0,0.5,-0.71,0.0
2025-10-12,PANC_004,Phursungi,0.0,33.3,59.0,575.0,-5.5,3.5,180,1.0,0.0,0.0,0.0,1.3,-0.14,0.0
2025-10-12,PANC_005,Loni Kalbhor,0.0,33.3,59.0,548.0,-32.5,1.5,95,0.0,0.0,0.0,0.0,0.0,-0.81,0.0
2025-10-12,PANC_006,Uruli Kanchan,0.0,33.3,59.0,540.0,-40.5,1.2,45,0.0,0.0,0.0,0.0,1.2,-1.01,0.0
2025-10-12,PANC_007,Khed Shivapur,0.0,33.3,59.0,645.0,64.5,8.5,245,1.0,0.0,0.0,0.0,0.0,1.61,0.0
2025-10-12,PANC_008,Kondhwa Budruk,0.0,33.3,59.0,610.0,29.5,6.1,225,1.0,0.0,0.0,0.0,0.8,0.74,0.0
2025-10-12,PANC_009,Dhayari,0.0,33.3,59.0,620.0,39.5,7.0,260,1.0,0.0,0.0,0.0,0.0,0.99,0.0
2025-10-12,PANC_010,Nanded Gramin,0.0,33.3,59.0,565.0,-15.5,2.8,10,0.0,0.0,0.0,0.0,0.6,-0.39,0.0
2025-10-12,PANC_101,Sampatchak Gramin,0.0,33.3,59.0,53.0,1.2,0.8,10,0.0,0.0,0.0,0.0,5.1,0.03,6.8
2025-10-12,PANC_102,Bairiya,0.0,33.3,59.0,51.5,-0.3,0.5,90,0.0,2.27,3.21,3.5,0.0,-0.01,0.0
2025-10-12,PANC_103,Kanhauli,0.0,33.3,59.0,54.2,2.4,1.1,180,1.0,2.27,3.21,3.4,0.0,0.06,0.0
2025-10-12,PANC_104,Chipura,0.0,33.3,59.0,50.8,-1.0,0.4,45,0.0,2.27,3.21,2.2,0.2,-0.03,0.0
2025-10-12,PANC_105,Sonagopalpur,0.0,33.3,59.0,52.0,0.2,0.6,85,0.0,2.27,3.21,2.1,0.0,0.01,0.0
2025-10-12,PANC_106,Tarangpur,0.0,33.3,59.0,49.5,-2.3,0.3,5,0.0,2.27,3.21,2.8,0.3,-0.06,0.0
2025-10-13,PANC_001,Wagholi,0.0,32.2,55.3,590.0,9.5,4.2,90,0.0,0.0,0.0,0.0,0.0,0.24,0.0
2025-10-13,PANC_002,Hadapsar Rural,0.0,32.2,55.3,560.0,-20.5,2.1,0,0.0,0.0,0.0,0.0,0.1,-0.51,0.0
2025-10-13,PANC_003,Manjari Khurd,0.0,32.2,55.3,552.0,-28.5,1.8,85,0.0,0.0,0.0,0.0,0.4,-0.71,0.0
2025-10-13,PANC_004,Phursungi,0.0,32.2,55.3,575.0,-5.5,3.5,180,1.0,0.0,0.0,0.0,0.0,-0.14,0.0
2025-10-13,PANC_005,Loni Kalbhor,0.0,32.2,55.3,548.0,-32.5,1.5,95,0.0,0.0,0.0,0.0,0.0,-0.81,0.0
2025-10-13,PANC_006,Uruli Kanchan,0.0,32.2,55.3,540.0,-40.5,1.2,45,0.0,0.0,0.0,0.0,0.0,-1.01,0.0
2025-10-13,PANC_007,Khed Shivapur,0.0,32.2,55.3,645.0,64.5,8.5,245,1.0,0.0,0.0,0.0,0.8,1.61,0.0
2025-10-13,PANC_008,Kondhwa Budruk,0.0,32.2,55.3,610.0,29.5,6.1,225,1.0,0.0,0.0,0.0,0.3,0.74,0.0
2025-10-13,PANC_009,Dhayari,0.0,32.2,55.3,620.0,39.5,7.0,260,1.0,0.0,0.0,0.0,0.2,0.99,0.0
2025-10-13,PANC_010,Nanded Gramin,0.0,32.2,55.3,565.0,-15.5,2.8,10,0.0,0.0,0.0,0.0,0.0,-0.39,0.0
2025-10-13,PANC_101,Sampatchak Gramin,0.0,32.2,55.3,53.0,1.2,0.8,10,0.0,0.0,0.0,0.0,0.0,0.03,0.0
2025-10-13,PANC_102,Bairiya,0.0,32.2,55.3,51.5,-0.3,0.5,90,0.0,0.0,0.0,0.0,0.7,-0.01,0.0
2025-10-13,PANC_103,Kanhauli,0.0,32.2,55.3,54.2,2.4,1.1,180,1.0,0.0,0.0,0.0,0.0,0.06,0.0
2025-10-13,PANC_104,Chipura,0.0,32.2,55.3,50.8,-1.0,0.4,45,0.0,0.0,0.0,0.0,0.5,-0.03,0.0
2025-10-13,PANC_105,Sonagopalpur,0.0,32.2,55.3,52.0,0.2,0.6,85,0.0,0.0,0.0,0.0,1.4,0.01,0.0
2025-10-13,PANC_106,Tarangpur,0.0,32.2,55.3,49.5,-2.3,0.3,5,0.0,0.0,0.0,0.0,0.8,-0.06,0.0
2025-10-14,PANC_001,Wagholi,0.0,33.3,48.8,590.0,9.5,4.2,90,0.0,0.0,0.0,0.0,0.0,0.24,0.0
2025-10-14,PANC_002,Hadapsar Rural,0.0,33.3,48.8,560.0,-20.5,2.1,0,0.0,0.0,0.0,0.0,1.4,-0.51,0.0
2025-10-14,PANC_003,Manjari Khurd,0.0,33.3,48.8,552.0,-28.5,1.8,85,0.0,0.0,0.0,0.0,0.0,-0.71,0.0
2025-10-14,PANC_004,Phursungi,0.0,33.3,48.8,575.0,-5.5,3.5,180,1.0,0.0,0.0,0.0,0.9,-0.14,0.0
2025-10-14,PANC_005,Loni Kalbhor,0.0,33.3,48.8,548.0,-32.5,1.5,95,0.0,0.0,0.0,0.0,0.8,-0.81,0.0
2025-10-14,PANC_006,Uruli Kanchan,0.0,33.3,48.8,540.0,-40.5,1.2,45,0.0,0.0,0.0,0.0,0.0,-1.01,0.0
2025-10-14,PANC_007,Khed Shivapur,0.0,33.3,48.8,645.0,64.5,8.5,245,1.0,0.0,0.0,0.0,0.0,1.61,0.0
2025-10-14,PANC_008,Kondhwa Budruk,0.0,33.3,48.8,610.0,29.5,6.1,225,1.0,0.0,0.0,0.0,0.0,0.74,0.0
2025-10-14,PANC_009,Dhayari,0.0,33.3,48.8,620.0,39.5,7.0,260,1.0,0.0,0.0,0.0,0.0,0.99,0.0
2025-10-14,PANC_010,Nanded Gramin,0.0,33.3,48.8,565.0,-15.5,2.8,10,0.0,0.0,0.0,0.0,0.0,-0.39,0.0
2025-10-14,PANC_101,Sampatchak Gramin,0.0,33.3,48.8,53.0,1.2,0.8,10,0.0,0.0,0.0,0.0,0.7,0.03,0.0
2025-10-14,PANC_102,Bairiya,0.0,33.3,48.8,51.5,-0.3,0.5,90,0.0,0.0,0.0,0.0,0.0,-0.01,0.0
2025-10-14,PANC_103,Kanhauli,0.0,33.3,48.8,54.2,2.4,1.1,180,1.0,0.0,0.0,0.0,0.2,0.06,0.0
2025-10-14,PANC_104,Chipura,0.0,33.3,48.8,50.8,-1.0,0.4,45,0.0,0.0,0.0,0.0,0.2,-0.03,0.0
2025-10-14,PANC_105,Sonagopalpur,0.0,33.3,48.8,52.0,0.2,0.6,85,0.0,0.0,0.0,0.0,0.0,0.01,0.0
2025-10-14,PANC_106,Tarangpur,0.0,33.3,48.8,49.5,-2.3,0.3,5,0.0,0.0,0.0,0.0,0.0,-0.06,0.0
2025-10-15,PANC_001,Wagholi,0.0,35.0,51.1,590.0,9.5,4.2,90,0.0,0.0,0.0,0.0,0.0,0.24,0.0
2025-10-15,PANC_002,Hadapsar Rural,0.0,35.0,51.1,560.0,-20.5,2.1,0,0.0,0.0,0.0,0.0,1.4,-0.51,0.0
2025-10-15,PANC_003,Manjari Khurd,0.0,35.0,51.1,552.0,-28.5,1.8,85,0.0,0.0,0.0,0.0,0.4,-0.71,0.0
2025-10-15,PANC_004,Phursungi,0.0,35.0,51.1,575.0,-5.5,3.5,180,1.0,0.0,0.0,0.0,0.0,-0.14,0.0
2025-10-15,PANC_005,Loni Kalbhor,0.0,35.0,51.1,548.0,-32.5,1.5,95,0.0,0.0,0.0,0.0,0.0,-0.81,0.0
2025-10-15,PANC_006,Uruli Kanchan,0.0,35.0,51.1,540.0,-40.5,1.2,45,0.0,0.0,0.0,0.0,0.0,-1.01,0.0
2025-10-15,PANC_007,Khed Shivapur,0.0,35.0,51.1,645.0,64.5,8.5,245,1.0,0.0,0.0,0.0,0.5,1.61,0.0
2025-10-15,PANC_008,Kondhwa Budruk,0.0,35.0,51.1,610.0,29.5,6.1,225,1.0,0.0,0.0,0.0,0.0,0.74,0.0
2025-10-15,PANC_009,Dhayari,0.0,35.0,51.1,620.0,39.5,7.0,260,1.0,0.0,0.0,0.0,0.0,0.99,0.0
2025-10-15,PANC_010,Nanded Gramin,0.0,35.0,51.1,565.0,-15.5,2.8,10,0.0,0.0,0.0,0.0,0.0,-0.39,0.0
2025-10-15,PANC_101,Sampatchak Gramin,0.0,35.0,51.1,53.0,1.2,0.8,10,0.0,0.0,0.0,0.0,0.0,0.03,0.0
2025-10-15,PANC_102,Bairiya,0.0,35.0,51.1,51.5,-0.3,0.5,90,0.0,0.0,0.0,0.0,0.0,-0.01,0.0
2025-10-15,PANC_103,Kanhauli,0.0,35.0,51.1,54.2,2.4,1.1,180,1.0,0.0,0.0,0.0,0.0,0.06,0.0
2025-10-15,PANC_104,Chipura,0.0,35.0,51.1,50.8,-1.0,0.4,45,0.0,0.0,0.0,0.0,0.8,-0.03,0.0
2025-10-15,PANC_105,Sonagopalpur,0.0,35.0,51.1,52.0,0.2,0.6,85,0.0,0.0,0.0,0.0,0.2,0.01,0.0
2025-10-15,PANC_106,Tarangpur,0.0,35.0,51.1,49.5,-2.3,0.3,5,0.0,0.0,0.0,0.0,0.0,-0.06,0.0
2025-10-16,PANC_001,Wagholi,0.0,38.7,40.6,590.0,9.5,4.2,90,0.0,0.0,0.0,0.0,0.6,0.24,0.7
2025-10-16,PANC_002,Hadapsar Rural,0.0,38.7,40.6,560.0,-20.5,2.1,0,0.0,0.0,0.0,0.0,0.0,-0.51,0.0
2025-10-16,PANC_003,Manjari Khurd,0.0,38.7,40.6,552.0,-28.5,1.8,85,0.0,0.23,0.33,0.2,0.4,-0.71,0.0
2025-10-16,PANC_004,Phursungi,0.0,38.7,40.6,575.0,-5.5,3.5,180,1.0,0.0,0.0,0.0,2.5,-0.14,0.0
2025-10-16,PANC_005,Loni Kalbhor,0.0,38.7,40.6,548.0,-32.5,1.5,95,0.0,0.0,0.0,0.0,0.2,-0.81,0.0
2025-10-16,PANC_006,Uruli Kanchan,0.0,38.7,40.6,540.0,-40.5,1.2,45,0.0,0.0,0.0,0.0,0.8,-1.01,1.0
2025-10-16,PANC_007,Khed Shivapur,0.0,38.7,40.6,645.0,64.5,8.5,245,1.0,0.6,0.85,0.7,0.0,1.61,0.0
2025-10-16,PANC_008,Kondhwa Budruk,0.0,38.7,40.6,610.0,29.5,6.1,225,1.0,0.6,0.85,0.5,0.4,0.74,0.0
2025-10-16,PANC_009,Dhayari,0.0,38.7,40.6,620.0,39.5,7.0,260,1.0,0.0,0.0,0.0,2.0,0.99,1.8
2025-10-16,PANC_010,Nanded Gramin,0.0,38.7,40.6,565.0,-15.5,2.8,10,0.0,0.6,0.85,1.6,0.0,-0.39,0.0
2025-10-16,PANC_101,Sampatchak Gramin,0.0,38.7,40.6,53.0,1.2,0.8,10,0.0,0.0,0.0,0.0,0.0,0.03,0.0
2025-10-16,PANC_102,Bairiya,0.0,38.7,40.6,51.5,-0.3,0.5,90,0.0,0.0,0.0,0.0,0.0,-0.01,0.0
2025-10-16,PANC_103,Kanhauli,0.0,38.7,40.6,54.2,2.4,1.1,180,1.0,0.0,0.0,0.0,0.0,0.06,0.0
2025-10-16,PANC_104,Chipura,0.0,38.7,40.6,50.8,-1.0,0.4,45,0.0,0.0,0.0,0.0,0.0,-0.03,0.0
2025-10-16,PANC_105,Sonagopalpur,0.0,38.7,40.6,52.0,0.2,0.6,85,0.0,0.0,0.0,0.0,0.3,0.01,0.0
2025-10-16,PANC_106,Tarangpur,0.0,38.7,40.6,49.5,-2.3,0.3,5,0.0,0.0,0.0,0.0,0.0,-0.06,0.0
2025-10-17,PANC_001,Wagholi,0.0,31.5,50.9,590.0,9.5,4.2,90,0.0,2.53,3.58,4.5,0.0,0.24,0.0
2025-10-17,PANC_002,Hadapsar Rural,0.0,31.5,50.9,560.0,-20.5,2.1,0,0.0,2.53,3.58,3.0,0.0,-0.51,0.0
2025-10-17,PANC_003,Manjari Khurd,0.0,31.5,50.9,552.0,-28.5,1.8,85,0.0,0.0,0.0,0.0,3.7,-0.71,7.6
2025-10-17,PANC_004,Phursungi,0.0,31.5,50.9,575.0,-5.5,3.5,180,1.0,2.53,3.58,2.2,0.2,-0.14,0.0
2025-10-17,PANC_005,Loni Kalbhor,0.0,31.5,50.9,548.0,-32.5,1.5,95,0.0,2.53,3.58,3.3,0.1,-0.81,0.0
2025-10-17,PANC_006,Uruli Kanchan,0.0,31.5,50.9,540.0,-40.5,1.2,45,0.0,2.53,3.58,2.0,0.0,-1.01,0.0
2025-10-17,PANC_007,Khed Shivapur,0.0,31.5,50.9,645.0,64.5,8.5,245,1.0,0.0,0.0,0.0,0.0,1.61,0.0
2025-10-17,PANC_008,Kondhwa Budruk,0.0,31.5,50.9,610.0,29.5,6.1,225,1.0,0.0,0.0,0.0,2.5,0.74,0.0
2025-10-17,PANC_009,Dhayari,0.0,31.5,50.9,620.0,39.5,7.0,260,1.0,0.0,0.0,0.0,0.0,0.99,0.0
2025-10-17,PANC_010,Nanded Gramin,0.0,31.5,50.9,565.0,-15.5,2.8,10,0.0,0.0,0.0,0.0,0.4,-0.39,0.0
2025-10-17,PANC_101,Sampatchak Gramin,0.0,31.5,50.9,53.0,1.2,0.8,10,0.0,0.0,0.0,0.0,0.0,0.03,0.0
2025-10-17,PANC_102,Bairiya,0.0,31.5,50.9,51.5,-0.3,0.5,90,0.0,0.0,0.0,0.0,0.2,-0.01,0.0
2025-10-17,PANC_103,Kanhauli,0.0,31.5,50.9,54.2,2.4,1.1,180,1.0,0.0,0.0,0.0,0.0,0.06,0.0
2025-10-17,PANC_104,Chipura,0.0,31.5,50.9,50.8,-1.0,0.4,45,0.0,0.0,0.0,0.0,0.0,-0.03,0.0
2025-10-17,PANC_105,Sonagopalpur,0.0,31.5,50.9,52.0,0.2,0.6,85,0.0,0.0,0.0,0.0,1.5,0.01,0.0
2025-10-17,PANC_106,Tarangpur,0.0,31.5,50.9,49.5,-2.3,0.3,5,0.0,0.0,0.0,0.0,0.9,-0.06,0.0
2025-10-18,PANC_001,Wagholi,0.0,33.4,54.0,590.0,9.5,4.2,90,0.0,0.0,0.0,0.0,0.0,0.24,0.0
2025-10-18,PANC_002,Hadapsar Rural,0.0,33.4,54.0,560.0,-20.5,2.1,0,0.0,0.0,0.0,0.0,0.3,-0.51,0.0
2025-10-18,PANC_003,Manjari Khurd,0.0,33.4,54.0,552.0,-28.5,1.8,85,0.0,0.0,0.0,0.0,0.0,-0.71,0.0
2025-10-18,PANC_004,Phursungi,0.0,33.4,54.0,575.0,-5.5,3.5,180,1.0,0.0,0.0,0.0,0.0,-0.14,0.0
2025-10-18,PANC_005,Loni Kalbhor,0.0,33.4,54.0,548.0,-32.5,1.5,95,0.0,0.0,0.0,0.0,0.0,-0.81,0.0
2025-10-18,PANC_006,Uruli Kanchan,0.0,33.4,54.0,540.0,-40.5,1.2,45,0.0,0.0,0.0,0.0,0.6,-1.01,0.0
2025-10-18,PANC_007,Khed Shivapur,0.0,33.4,54.0,645.0,64.5,8.5,245,1.0,0.0,0.0,0.0,0.0,1.61,0.0
2025-10-18,PANC_008,Kondhwa Budruk,0.0,33.4,54.0,610.0,29.5,6.1,225,1.0,0.0,0.0,0.0,2.3,0.74,0.0
2025-10-18,PANC_009,Dhayari,0.0,33.4,54.0,620.0,39.5,7.0,260,1.0,0.0,0.0,0.0,0.0,0.99,0.0
2025-10-18,PANC_010,Nanded Gramin,0.0,33.4,54.0,565.0,-15.5,2.8,10,0.0,0.0,0.0,0.0,0.0,-0.39,0.0
2025-10-18,PANC_101,Sampatchak Gramin,0.0,33.4,54.0,53.0,1.2,0.8,10,0.0,0.0,0.0,0.0,0.9,0.03,1.8
2025-10-18,PANC_102,Bairiya,0.0,33.4,54.0,51.5,-0.3,0.5,90,0.0,0.87,0.74,1.2,0.2,-0.01,0.0
2025-10-18,PANC_103,Kanhauli,0.0,33.4,54.0,54.2,2.4,1.1,180,1.0,0.6,0.85,0.9,0.0,0.06,0.0
2025-10-18,PANC_104,Chipura,0.0,33.4,54.0,50.8,-1.0,0.4,45,0.0,0.6,0.85,0.6,1.1,-0.03,0.8
2025-10-18,PANC_105,Sonagopalpur,0.0,33.4,54.0,52.0,0.2,0.6,85,0.0,0.87,0.74,0.7,0.0,0.01,0.0
2025-10-18,PANC_106,Tarangpur,0.0,33.4,54.0,49.5,-2.3,0.3,5,0.0,0.6,0.85,0.7,0.0,-0.06,0.0
2025-10-19,PANC_001,Wagholi,0.0,27.6,48.7,590.0,9.5,4.2,90,0.0,0.0,0.0,0.0,0.0,0.24,0.0
2025-10-19,PANC_002,Hadapsar Rural,0.0,27.6,48.7,560.0,-20.5,2.1,0,0.0,1.0,1.41,1.3,0.0,-0.51,0.0
2025-10-19,PANC_003,Manjari Khurd,0.0,27.6,48.7,552.0,-28.5,1.8,85,0.0,1.0,1.41,0.8,0.0,-0.71,0.0
2025-10-19,PANC_004,Phursungi,0.0,27.6,48.7,575.0,-5.5,3.5,180,1.0,0.0,0.0,0.0,2.6,-0.14,3.0
2025-10-19,PANC_005,Loni Kalbhor,0.0,27.6,48.7,548.0,-32.5,1.5,95,0.0,1.0,1.41,1.2,0.8,-0.81,0.0
2025-10-19,PANC_006,Uruli Kanchan,0.0,27.6,48.7,540.0,-40.5,1.2,45,0.0,1.0,1.41,0.7,0.0,-1.01,0.0
2025-10-19,PANC_007,Khed Shivapur,0.0,27.6,48.7,645.0,64.5,8.5,245,1.0,0.0,0.0,0.0,0.9,1.61,0.0
2025-10-19,PANC_008,Kondhwa Budruk,0.0,27.6,48.7,610.0,29.5,6.1,225,1.0,1.0,1.41,1.0,0.0,0.74,0.0
2025-10-19,PANC_009,Dhayari,0.0,27.6,48.7,620.0,39.5,7.0,260,1.0,0.0,0.0,0.0,0.9,0.99,0.0
2025-10-19,PANC_010,Nanded Gramin,0.0,27.6,48.7,565.0,-15.5,2.8,10,0.0,0.0,0.0,0.0,0.0,-0.39,0.0
2025-10-19,PANC_101,Sampatchak Gramin,0.0,27.6,48.7,53.0,1.2,0.8,10,0.0,0.0,0.0,0.0,0.0,0.03,0.0
2025-10-19,PANC_102,Bairiya,0.0,27.6,48.7,51.5,-0.3,0.5,90,0.0,0.0,0.0,0.0,0.0,-0.01,0.0
2025-10-19,PANC_103,Kanhauli,0.0,27.6,48.7,54.2,2.4,1.1,180,1.0,0.0,0.0,0.0,0.8,0.06,0.0
2025-10-19,PANC_104,Chipura,0.0,27.6,48.7,50.8,-1.0,0.4,45,0.0,0.0,0.0,0.0,0.0,-0.03,0.0
2025-10-19,PANC_105,Sonagopalpur,0.0,27.6,48.7,52.0,0.2,0.6,85,0.0,0.0,0.0,0.0,0.0,0.01,0.0
2025-10-19,PANC_106,Tarangpur,0.0,27.6,48.7,49.5,-2.3,0.3,5,0.0,0.0,0.0,0.0,0.0,-0.06,0.0
2025-10-20,PANC_001,Wagholi,0.0,24.3,48.7,590.0,9.5,4.2,90,0.0,0.0,0.0,0.0,0.4,0.24,0.0
2025-10-20,PANC_002,Hadapsar Rural,0.0,24.3,48.7,560.0,-20.5,2.1,0,0.0,0.0,0.0,0.0,1.1,-0.51,0.0
2025-10-20,PANC_003,Manjari Khurd,0.0,24.3,48.7,552.0,-28.5,1.8,85,0.0,0.0,0.0,0.0,1.4,-0.71,0.0
2025-10-20,PANC_004,Phursungi,0.0,24.3,48.7,575.0,-5.5,3.5,180,1.0,0.0,0.0,0.0,1.7,-0.14,0.0
2025-10-20,PANC_005,Loni Kalbhor,0.0,24.3,48.7,548.0,-32.5,1.5,95,0.0,0.0,0.0,0.0,0.6,-0.81,0.0
2025-10-20,PANC_006,Uruli Kanchan,0.0,24.3,48.7,540.0,-40.5,1.2,45,0.0,0.0,0.0,0.0,0.0,-1.01,0.0
2025-10-20,PANC_007,Khed Shivapur,0.0,24.3,48.7,645.0,64.5,8.5,245,1.0,0.0,0.0,0.0,0.0,1.61,0.0
2025-10-20,PANC_008,Kondhwa Budruk,0.0,24.3,48.7,610.0,29.5,6.1,225,1.0,0.0,0.0,0.0,0.0,0.74,0.0
2025-10-20,PANC_009,Dhayari,0.0,24.3,48.7,620.0,39.5,7.0,260,1.0,0.0,0.0,0.0,0.0,0.99,0.0
2025-10-20,PANC_010,Nanded Gramin,0.0,24.3,48.7,565.0,-15.5,2.8,10,0.0,0.0,0.0,0.0,1.0,-0.39,0.0
2025-10-20,PANC_101,Sampatchak Gramin,0.0,24.3,48.7,53.0,1.2,0.8,10,0.0,0.0,0.0,0.0,0.0,0.03,0.0
2025-10-20,PANC_102,Bairiya,0.0,24.3,48.7,51.5,-0.3,0.5,90,0.0,0.0,0.0,0.0,0.8,-0.01,0.0
2025-10-20,PANC_103,Kanhauli,0.0,24.3,48.7,54.2,2.4,1.1,180,1.0,0.0,0.0,0.0,0.5,0.06,0.0
2025-10-20,PANC_104,Chipura,0.0,24.3,48.7,50.8,-1.0,0.4,45,0.0,0.0,0.0,0.0,0.0,-0.03,0.0
2025-10-20,PANC_105,Sonagopalpur,0.0,24.3,48.7,52.0,0.2,0.6,85,0.0,0.0,0.0,0.0,0.0,0.01,0.0
2025-10-20,PANC_106,Tarangpur,0.0,24.3,48.7,49.5,-2.3,0.3,5,0.0,0.0,0.0,0.0,0.0,-0.06,0.0
2025-10-21,PANC_001,Wagholi,14.1,35.1,50.8,590.0,9.5,4.2,90,0.0,1.2,0.86,15.4,10.7,0.24,14.4
2025-10-21,PANC_002,Hadapsar Rural,14.1,35.1,50.8,560.0,-20.5,2.1,0,0.0,0.17,1.08,14.3,10.3,-0.51,14.1
2025-10-21,PANC_003,Manjari Khurd,14.1,35.1,50.8,552.0,-28.5,1.8,85,0.0,-0.23,0.56,13.9,10.8,-0.71,15.7
2025-10-21,PANC_004,Phursungi,14.1,35.1,50.8,575.0,-5.5,3.5,180,1.0,1.2,0.86,15.0,9.9,-0.14,13.1
2025-10-21,PANC_005,Loni Kalbhor,14.1,35.1,50.8,548.0,-32.5,1.5,95,0.0,0.2,1.07,14.4,12.3,-0.81,16.1
2025-10-21,PANC_006,Uruli Kanchan,14.1,35.1,50.8,540.0,-40.5,1.2,45,0.0,0.87,1.33,15.3,9.0,-1.01,13.3
2025-10-21,PANC_007,Khed Shivapur,14.1,35.1,50.8,645.0,64.5,8.5,245,1.0,1.37,1.48,15.7,10.2,1.61,13.1
2025-10-21,PANC_008,Kondhwa Budruk,14.1,35.1,50.8,610.0,29.5,6.1,225,1.0,0.8,1.88,14.8,10.7,0.74,14.0
2025-10-21,PANC_009,Dhayari,14.1,35.1,50.8,620.0,39.5,7.0,260,1.0,-0.1,0.73,14.7,13.9,0.99,17.5
2025-10-21,PANC_010,Nanded Gramin,14.1,35.1,50.8,565.0,-15.5,2.8,10,0.0,0.77,1.9,17.2,12.1,-0.39,14.9
2025-10-21,PANC_101,Sampatchak Gramin,14.1,35.1,50.8,53.0,1.2,0.8,10,0.0,0.0,0.65,14.1,11.1,0.03,14.7
2025-10-21,PANC_102,Bairiya,14.1,35.1,50.8,51.5,-0.3,0.5,90,0.0,0.9,0.65,14.8,10.3,-0.01,14.9
2025-10-21,PANC_103,Kanhauli,14.1,35.1,50.8,54.2,2.4,1.1,180,1.0,0.8,0.75,14.7,9.3,0.06,13.3
2025-10-21,PANC_104,Chipura,14.1,35.1,50.8,50.8,-1.0,0.4,45,0.0,0.47,0.34,14.6,12.2,-0.03,14.4
2025-10-21,PANC_105,Sonagopalpur,14.1,35.1,50.8,52.0,0.2,0.6,85,0.0,0.03,0.6,14.0,10.7,0.01,14.1
2025-10-21,PANC_106,Tarangpur,14.1,35.1,50.8,49.5,-2.3,0.3,5,0.0,0.2,0.71,14.4,13.3,-0.06,15.9
2025-10-22,PANC_001,Wagholi,27.5,31.8,62.5,590.0,9.5,4.2,90,0.0,-0.23,0.83,26.8,19.6,0.24,26.3
2025-10-22,PANC_002,Hadapsar Rural,27.5,31.8,62.5,560.0,-20.5,2.1,0,0.0,-1.03,0.52,26.6,19.8,-0.51,27.7
2025-10-22,PANC_003,Manjari Khurd,27.5,31.8,62.5,552.0,-28.5,1.8,85,0.0,-0.43,0.58,27.1,19.8,-0.71,26.1
2025-10-22,PANC_004,Phursungi,27.5,31.8,62.5,575.0,-5.5,3.5,180,1.0,-0.23,0.83,27.3,20.5,-0.14,27.2
2025-10-22,PANC_005,Loni Kalbhor,27.5,31.8,62.5,548.0,-32.5,1.5,95,0.0,-0.5,0.67,26.8,22.6,-0.81,28.0
2025-10-22,PANC_006,Uruli Kanchan,27.5,31.8,62.5,540.0,-40.5,1.2,45,0.0,-0.4,0.78,27.3,20.4,-1.01,26.3
2025-10-22,PANC_007,Khed Shivapur,27.5,31.8,62.5,645.0,64.5,8.5,245,1.0,-0.27,1.14,27.4,21.5,1.61,28.4
2025-10-22,PANC_008,Kondhwa Budruk,27.5,31.8,62.5,610.0,29.5,6.1,225,1.0,0.4,0.67,27.9,20.3,0.74,26.1
2025-10-22,PANC_009,Dhayari,27.5,31.8,62.5,620.0,39.5,7.0,260,1.0,-0.4,0.96,26.8,21.5,0.99,28.8
2025-10-22,PANC_010,Nanded Gramin,27.5,31.8,62.5,565.0,-15.5,2.8,10,0.0,0.27,1.19,28.6,20.0,-0.39,26.8
2025-10-22,PANC_101,Sampatchak Gramin,27.5,31.8,62.5,53.0,1.2,0.8,10,0.0,-0.83,0.4,26.6,21.2,0.03,26.5
2025-10-22,PANC_102,Bairiya,27.5,31.8,62.5,51.5,-0.3,0.5,90,0.0,-0.6,1.26,26.6,18.3,-0.01,26.1
2025-10-22,PANC_103,Kanhauli,27.5,31.8,62.5,54.2,2.4,1.1,180,1.0,-0.13,0.9,27.0,20.9,0.06,26.9
2025-10-22,PANC_104,Chipura,27.5,31.8,62.5,50.8,-1.0,0.4,45,0.0,-0.97,0.37,26.5,19.1,-0.03,25.6
2025-10-22,PANC_105,Sonagopalpur,27.5,31.8,62.5,52.0,0.2,0.6,85,0.0,-1.17,0.54,26.5,20.0,0.01,27.0
2025-10-22,PANC_106,Tarangpur,27.5,31.8,62.5,49.5,-2.3,0.3,5,0.0,-1.0,0.33,26.5,21.0,-0.06,28.6
2025-10-23,PANC_001,Wagholi,22.5,30.9,39.8,590.0,9.5,4.2,90,0.0,-0.47,0.34,22.2,17.4,0.24,21.8
2025-10-23,PANC_002,Hadapsar Rural,22.5,30.9,39.8,560.0,-20.5,2.1,0,0.0,0.73,0.83,23.4,16.9,-0.51,21.9
2025-10-23,PANC_003,Manjari Khurd,22.5,30.9,39.8,552.0,-28.5,1.8,85,0.0,0.2,1.2,22.6,15.1,-0.71,22.5
2025-10-23,PANC_004,Phursungi,22.5,30.9,39.8,575.0,-5.5,3.5,180,1.0,-0.47,0.34,22.0,18.3,-0.14,24.4
2025-10-23,PANC_005,Loni Kalbhor,22.5,30.9,39.8,548.0,-32.5,1.5,95,0.0,0.43,1.07,23.1,17.0,-0.81,21.7
2025-10-23,PANC_006,Uruli Kanchan,22.5,30.9,39.8,540.0,-40.5,1.2,45,0.0,0.37,1.13,22.5,14.9,-1.01,21.3
2025-10-23,PANC_007,Khed Shivapur,22.5,30.9,39.8,645.0,64.5,8.5,245,1.0,0.6,0.22,23.1,17.2,1.61,22.1
2025-10-23,PANC_008,Kondhwa Budruk,22.5,30.9,39.8,610.0,29.5,6.1,225,1.0,0.7,1.02,23.2,17.4,0.74,22.8
2025-10-23,PANC_009,Dhayari,22.5,30.9,39.8,620.0,39.5,7.0,260,1.0,0.2,0.45,23.1,18.4,0.99,23.3
2025-10-23,PANC_010,Nanded Gramin,22.5,30.9,39.8,565.0,-15.5,2.8,10,0.0,0.23,0.49,23.2,16.8,-0.39,23.2
2025-10-23,PANC_101,Sampatchak Gramin,22.5,30.9,39.8,53.0,1.2,0.8,10,0.0,0.1,0.64,22.7,18.3,0.03,23.3
2025-10-23,PANC_102,Bairiya,22.5,30.9,39.8,51.5,-0.3,0.5,90,0.0,0.97,0.78,23.5,17.8,-0.01,23.5
2025-10-23,PANC_103,Kanhauli,22.5,30.9,39.8,54.2,2.4,1.1,180,1.0,0.17,0.49,22.8,18.1,0.06,22.2
2025-10-23,PANC_104,Chipura,22.5,30.9,39.8,50.8,-1.0,0.4,45,0.0,0.47,0.62,23.0,20.6,-0.03,24.5
2025-10-23,PANC_105,Sonagopalpur,22.5,30.9,39.8,52.0,0.2,0.6,85,0.0,0.83,0.94,23.1,17.8,0.01,22.1
2025-10-23,PANC_106,Tarangpur,22.5,30.9,39.8,49.5,-2.3,0.3,5,0.0,0.5,0.57,23.1,17.3,-0.06,22.6
2025-10-24,PANC_001,Wagholi,0.0,33.1,60.8,590.0,9.5,4.2,90,0.0,0.0,0.0,0.0,0.3,0.24,0.0
2025-10-24,PANC_002,Hadapsar Rural,0.0,33.1,60.8,560.0,-20.5,2.1,0,0.0,0.0,0.0,0.0,0.2,-0.51,0.0
2025-10-24,PANC_003,Manjari Khurd,0.0,33.1,60.8,552.0,-28.5,1.8,85,0.0,0.0,0.0,0.0,0.6,-0.71,0.0
2025-10-24,PANC_004,Phursungi,0.0,33.1,60.8,575.0,-5.5,3.5,180,1.0,0.0,0.0,0.0,0.0,-0.14,0.0
2025-10-24,PANC_005,Loni Kalbhor,0.0,33.1,60.8,548.0,-32.5,1.5,95,0.0,0.0,0.0,0.0,1.3,-0.81,0.0
2025-10-24,PANC_006,Uruli Kanchan,0.0,33.1,60.8,540.0,-40.5,1.2,45,0.0,0.0,0.0,0.0,2.0,-1.01,0.0
2025-10-24,PANC_007,Khed Shivapur,0.0,33.1,60.8,645.0,64.5,8.5,245,1.0,0.0,0.0,0.0,0.6,1.61,0.0
2025-10-24,PANC_008,Kondhwa Budruk,0.0,33.1,60.8,610.0,29.5,6.1,225,1.0,0.0,0.0,0.0,0.2,0.74,0.0
2025-10-24,PANC_009,Dhayari,0.0,33.1,60.8,620.0,39.5,7.0,260,1.0,0.0,0.0,0.0,0.5,0.99,0.0
2025-10-24,PANC_010,Nanded Gramin,0.0,33.1,60.8,565.0,-15.5,2.8,10,0.0,0.0,0.0,0.0,0.0,-0.39,0.0
2025-10-24,PANC_101,Sampatchak Gramin,0.0,33.1,60.8,53.0,1.2,0.8,10,0.0,1.57,2.22,1.9,0.1,0.03,0.0
2025-10-24,PANC_102,Bairiya,0.0,33.1,60.8,51.5,-0.3,0.5,90,0.0,0.0,0.0,0.0,0.0,-0.01,0.0
2025-10-24,PANC_103,Kanhauli,0.0,33.1,60.8,54.2,2.4,1.1,180,1.0,0.0,0.0,0.0,3.9,0.06,4.7
2025-10-24,PANC_104,Chipura,0.0,33.1,60.8,50.8,-1.0,0.4,45,0.0,0.0,0.0,0.0,0.0,-0.03,0.0
2025-10-24,PANC_105,Sonagopalpur,0.0,33.1,60.8,52.0,0.2,0.6,85,0.0,1.57,2.22,2.1,0.0,0.01,0.0
2025-10-24,PANC_106,Tarangpur,0.0,33.1,60.8,49.5,-2.3,0.3,5,0.0,1.57,2.22,1.2,0.0,-0.06,0.0
2025-10-25,PANC_001,Wagholi,0.0,34.6,49.2,590.0,9.5,4.2,90,0.0,0.0,0.0,0.0,0.0,0.24,0.0
2025-10-25,PANC_002,Hadapsar Rural,0.0,34.6,49.2,560.0,-20.5,2.1,0,0.0,0.0,0.0,0.0,0.0,-0.51,0.0
2025-10-25,PANC_003,Manjari Khurd,0.0,34.6,49.2,552.0,-28.5,1.8,85,0.0,0.0,0.0,0.0,1.1,-0.71,0.0
2025-10-25,PANC_004,Phursungi,0.0,34.6,49.2,575.0,-5.5,3.5,180,1.0,0.0,0.0,0.0,1.8,-0.14,0.0
2025-10-25,PANC_005,Loni Kalbhor,0.0,34.6,49.2,548.0,-32.5,1.5,95,0.0,0.0,0.0,0.0,0.0,-0.81,0.0
2025-10-25,PANC_006,Uruli Kanchan,0.0,34.6,49.2,540.0,-40.5,1.2,45,0.0,0.0,0.0,0.0,0.0,-1.01,0.0
2025-10-25,PANC_007,Khed Shivapur,0.0,34.6,49.2,645.0,64.5,8.5,245,1.0,0.0,0.0,0.0,1.0,1.61,0.0
2025-10-25,PANC_008,Kondhwa Budruk,0.0,34.6,49.2,610.0,29.5,6.1,225,1.0,0.0,0.0,0.0,0.7,0.74,0.0
2025-10-25,PANC_009,Dhayari,0.0,34.6,49.2,620.0,39.5,7.0,260,1.0,0.0,0.0,0.0,0.0,0.99,0.0
2025-10-25,PANC_010,Nanded Gramin,0.0,34.6,49.2,565.0,-15.5,2.8,10,0.0,0.0,0.0,0.0,0.0,-0.39,0.0
2025-10-25,PANC_101,Sampatchak Gramin,0.0,34.6,49.2,53.0,1.2,0.8,10,0.0,0.0,0.0,0.0,0.0,0.03,0.0
2025-10-25,PANC_102,Bairiya,0.0,34.6,49.2,51.5,-0.3,0.5,90,0.0,0.0,0.0,0.0,0.0,-0.01,0.0
2025-10-25,PANC_103,Kanhauli,0.0,34.6,49.2,54.2,2.4,1.1,180,1.0,0.0,0.0,0.0,0.3,0.06,0.0
2025-10-25,PANC_104,Chipura,0.0,34.6,49.2,50.8,-1.0,0.4,45,0.0,0.0,0.0,0.0,0.0,-0.03,0.0
2025-10-25,PANC_105,Sonagopalpur,0.0,34.6,49.2,52.0,0.2,0.6,85,0.0,0.0,0.0,0.0,0.0,0.01,0.0
2025-10-25,PANC_106,Tarangpur,0.0,34.6,49.2,49.5,-2.3,0.3,5,0.0,0.0,0.0,0.0,0.5,-0.06,0.0
2025-10-26,PANC_001,Wagholi,17.6,30.2,41.6,590.0,9.5,4.2,90,0.0,-1.07,1.25,17.2,14.2,0.24,17.8
2025-10-26,PANC_002,Hadapsar Rural,17.6,30.2,41.6,560.0,-20.5,2.1,0,0.0,0.1,0.99,17.5,11.1,-0.51,15.6
2025-10-26,PANC_003,Manjari Khurd,17.6,30.2,41.6,552.0,-28.5,1.8,85,0.0,-1.03,0.92,16.5,13.6,-0.71,18.3
2025-10-26,PANC_004,Phursungi,17.6,30.2,41.6,575.0,-5.5,3.5,180,1.0,-1.07,1.25,16.4,13.3,-0.14,16.3
2025-10-26,PANC_005,Loni Kalbhor,17.6,30.2,41.6,548.0,-32.5,1.5,95,0.0,-0.87,1.14,17.0,11.7,-0.81,15.7
2025-10-26,PANC_006,Uruli Kanchan,17.6,30.2,41.6,540.0,-40.5,1.2,45,0.0,-0.83,1.11,16.5,13.6,-1.01,17.0
2025-10-26,PANC_007,Khed Shivapur,17.6,30.2,41.6,645.0,64.5,8.5,245,1.0,-0.73,1.16,16.8,15.0,1.61,19.6
2025-10-26,PANC_008,Kondhwa Budruk,17.6,30.2,41.6,610.0,29.5,6.1,225,1.0,-1.67,0.29,15.9,13.0,0.74,18.5
2025-10-26,PANC_009,Dhayari,17.6,30.2,41.6,620.0,39.5,7.0,260,1.0,0.5,1.42,16.5,11.9,0.99,15.9
2025-10-26,PANC_010,Nanded Gramin,17.6,30.2,41.6,565.0,-15.5,2.8,10,0.0,0.4,1.55,16.2,12.9,-0.39,16.2
2025-10-26,PANC_101,Sampatchak Gramin,17.6,30.2,41.6,53.0,1.2,0.8,10,0.0,0.93,1.33,18.4,13.4,0.03,17.2
2025-10-26,PANC_102,Bairiya,17.6,30.2,41.6,51.5,-0.3,0.5,90,0.0,-0.37,0.45,17.2,14.8,-0.01,19.8
2025-10-26,PANC_103,Kanhauli,17.6,30.2,41.6,54.2,2.4,1.1,180,1.0,0.43,0.79,18.0,11.0,0.06,16.7
2025-10-26,PANC_104,Chipura,17.6,30.2,41.6,50.8,-1.0,0.4,45,0.0,1.1,1.1,18.8,11.1,-0.03,16.7
2025-10-26,PANC_105,Sonagopalpur,17.6,30.2,41.6,52.0,0.2,0.6,85,0.0,-0.73,0.24,16.9,13.1,0.01,19.1
2025-10-26,PANC_106,Tarangpur,17.6,30.2,41.6,49.5,-2.3,0.3,5,0.0,0.3,1.36,17.9,12.9,-0.06,17.8
2025-10-27,PANC_001,Wagholi,0.0,31.9,50.6,590.0,9.5,4.2,90,0.0,0.0,0.0,0.0,0.0,0.24,0.0
2025-10-27,PANC_002,Hadapsar Rural,0.0,31.9,50.6,560.0,-20.5,2.1,0,0.0,0.0,0.0,0.0,0.2,-0.51,0.0
2025-10-27,PANC_003,Manjari Khurd,0.0,31.9,50.6,552.0,-28.5,1.8,85,0.0,0.0,0.0,0.0,0.0,-0.71,0.0
2025-10-27,PANC_004,Phursungi,0.0,31.9,50.6,575.0,-5.5,3.5,180,1.0,0.0,0.0,0.0,0.0,-0.14,0.0
2025-10-27,PANC_005,Loni Kalbhor,0.0,31.9,50.6,548.0,-32.5,1.5,95,0.0,0.0,0.0,0.0,0.0,-0.81,0.0
2025-10-27,PANC_006,Uruli Kanchan,0.0,31.9,50.6,540.0,-40.5,1.2,45,0.0,0.0,0.0,0.0,0.0,-1.01,0.0
2025-10-27,PANC_007,Khed Shivapur,0.0,31.9,50.6,645.0,64.5,8.5,245,1.0,0.0,0.0,0.0,0.8,1.61,0.0
2025-10-27,PANC_008,Kondhwa Budruk,0.0,31.9,50.6,610.0,29.5,6.1,225,1.0,0.0,0.0,0.0,0.0,0.74,0.0
2025-10-27,PANC_009,Dhayari,0.0,31.9,50.6,620.0,39.5,7.0,260,1.0,0.0,0.0,0.0,0.0,0.99,0.0
2025-10-27,PANC_010,Nanded Gramin,0.0,31.9,50.6,565.0,-15.5,2.8,10,0.0,0.0,0.0,0.0,0.0,-0.39,0.0
2025-10-27,PANC_101,Sampatchak Gramin,0.0,31.9,50.6,53.0,1.2,0.8,10,0.0,0.0,0.0,0.0,0.3,0.03,0.0
2025-10-27,PANC_102,Bairiya,0.0,31.9,50.6,51.5,-0.3,0.5,90,0.0,2.73,3.87,1.4,0.0,-0.01,0.0
2025-10-27,PANC_103,Kanhauli,0.0,31.9,50.6,54.2,2.4,1.1,180,1.0,2.73,3.87,1.1,0.0,0.06,0.0
2025-10-27,PANC_104,Chipura,0.0,31.9,50.6,50.8,-1.0,0.4,45,0.0,0.0,0.0,0.0,1.1,-0.03,0.0
2025-10-27,PANC_105,Sonagopalpur,0.0,31.9,50.6,52.0,0.2,0.6,85,0.0,0.0,0.0,0.0,0.7,0.01,0.0
2025-10-27,PANC_106,Tarangpur,0.0,31.9,50.6,49.5,-2.3,0.3,5,0.0,0.0,0.0,0.0,5.7,-0.06,8.2
2025-10-28,PANC_001,Wagholi,0.0,34.5,59.0,590.0,9.5,4.2,90,0.0,0.0,0.0,0.0,0.3,0.24,0.0
2025-10-28,PANC_002,Hadapsar Rural,0.0,34.5,59.0,560.0,-20.5,2.1,0,0.0,0.0,0.0,0.0,0.0,-0.51,0.0
2025-10-28,PANC_003,Manjari Khurd,0.0,34.5,59.0,552.0,-28.5,1.8,85,0.0,0.0,0.0,0.0,0.0,-0.71,0.0
2025-10-28,PANC_004,Phursungi,0.0,34.5,59.0,575.0,-5.5,3.5,180,1.0,0.0,0.0,0.0,0.1,-0.14,0.0
2025-10-28,PANC_005,Loni Kalbhor,0.0,34.5,59.0,548.0,-32.5,1.5,95,0.0,0.0,0.0,0.0,0.1,-0.81,0.0
2025-10-28,PANC_006,Uruli Kanchan,0.0,34.5,59.0,540.0,-40.5,1.2,45,0.0,0.0,0.0,0.0,0.7,-1.01,0.0
2025-10-28,PANC_007,Khed Shivapur,0.0,34.5,59.0,645.0,64.5,8.5,245,1.0,0.1,0.14,0.1,0.8,1.61,0.0
2025-10-28,PANC_008,Kondhwa Budruk,0.0,34.5,59.0,610.0,29.5,6.1,225,1.0,0.1,0.14,0.1,0.0,0.74,0.0
2025-10-28,PANC_009,Dhayari,0.0,34.5,59.0,620.0,39.5,7.0,260,1.0,0.0,0.0,0.0,0.0,0.99,0.3
2025-10-28,PANC_010,Nanded Gramin,0.0,34.5,59.0,565.0,-15.5,2.8,10,0.0,0.1,0.14,0.3,0.0,-0.39,0.0
2025-10-28,PANC_101,Sampatchak Gramin,0.0,34.5,59.0,53.0,1.2,0.8,10,0.0,0.0,0.0,0.0,0.6,0.03,0.0
2025-10-28,PANC_102,Bairiya,0.0,34.5,59.0,51.5,-0.3,0.5,90,0.0,0.0,0.0,0.0,1.2,-0.01,0.0
2025-10-28,PANC_103,Kanhauli,0.0,34.5,59.0,54.2,2.4,1.1,180,1.0,0.0,0.0,0.0,0.0,0.06,0.0
2025-10-28,PANC_104,Chipura,0.0,34.5,59.0,50.8,-1.0,0.4,45,0.0,0.0,0.0,0.0,0.0,-0.03,0.0
2025-10-28,PANC_105,Sonagopalpur,0.0,34.5,59.0,52.0,0.2,0.6,85,0.0,0.0,0.0,0.0,1.2,0.01,0.0
2025-10-28,PANC_106,Tarangpur,0.0,34.5,59.0,49.5,-2.3,0.3,5,0.0,0.0,0.0,0.0,0.4,-0.06,0.0
2025-10-29,PANC_001,Wagholi,0.0,34.3,49.0,590.0,9.5,4.2,90,0.0,0.0,0.0,0.0,0.0,0.24,0.0
2025-10-29,PANC_002,Hadapsar Rural,0.0,34.3,49.0,560.0,-20.5,2.1,0,0.0,0.0,0.0,0.0,0.1,-0.51,0.0
2025-10-29,PANC_003,Manjari Khurd,0.0,34.3,49.0,552.0,-28.5,1.8,85,0.0,0.0,0.0,0.0,0.0,-0.71,0.0
2025-10-29,PANC_004,Phursungi,0.0,34.3,49.0,575.0,-5.5,3.5,180,1.0,0.0,0.0,0.0,0.0,-0.14,0.0
2025-10-29,PANC_005,Loni Kalbhor,0.0,34.3,49.0,548.0,-32.5,1.5,95,0.0,0.0,0.0,0.0,0.9,-0.81,0.0
2025-10-29,PANC_006,Uruli Kanchan,0.0,34.3,49.0,540.0,-40.5,1.2,45,0.0,0.0,0.0,0.0,0.0,-1.01,0.0
2025-10-29,PANC_007,Khed Shivapur,0.0,34.3,49.0,645.0,64.5,8.5,245,1.0,0.0,0.0,0.0,0.6,1.61,0.0
2025-10-29,PANC_008,Kondhwa Budruk,0.0,34.3,49.0,610.0,29.5,6.1,225,1.0,0.0,0.0,0.0,0.1,0.74,0.0
2025-10-29,PANC_009,Dhayari,0.0,34.3,49.0,620.0,39.5,7.0,260,1.0,0.0,0.0,0.0,0.0,0.99,0.0
2025-10-29,PANC_010,Nanded Gramin,0.0,34.3,49.0,565.0,-15.5,2.8,10,0.0,0.0,0.0,0.0,0.0,-0.39,0.0
2025-10-29,PANC_101,Sampatchak Gramin,0.0,34.3,49.0,53.0,1.2,0.8,10,0.0,0.0,0.0,0.0,0.0,0.03,0.0
2025-10-29,PANC_102,Bairiya,0.0,34.3,49.0,51.5,-0.3,0.5,90,0.0,0.0,0.0,0.0,0.0,-0.01,0.0
2025-10-29,PANC_103,Kanhauli,0.0,34.3,49.0,54.2,2.4,1.1,180,1.0,0.0,0.0,0.0,0.7,0.06,0.0
2025-10-29,PANC_104,Chipura,0.0,34.3,49.0,50.8,-1.0,0.4,45,0.0,0.0,0.0,0.0,0.0,-0.03,0.0
2025-10-29,PANC_105,Sonagopalpur,0.0,34.3,49.0,52.0,0.2,0.6,85,0.0,0.0,0.0,0.0,1.4,0.01,0.0
2025-10-29,PANC_106,Tarangpur,0.0,34.3,49.0,49.5,-2.3,0.3,5,0.0,0.0,0.0,0.0,0.2,-0.06,0.0
2025-10-30,PANC_001,Wagholi,12.3,35.9,60.0,590.0,9.5,4.2,90,0.0,0.17,1.27,12.2,8.5,0.24,10.7
2025-10-30,PANC_002,Hadapsar Rural,12.3,35.9,60.0,560.0,-20.5,2.1,0,0.0,-0.7,0.64,11.5,7.3,-0.51,11.2
2025-10-30,PANC_003,Manjari Khurd,12.3,35.9,60.0,552.0,-28.5,1.8,85,0.0,-1.43,0.24,10.9,7.6,-0.71,12.0
2025-10-30,PANC_004,Phursungi,12.3,35.9,60.0,575.0,-5.5,3.5,180,1.0,0.17,1.27,12.2,9.0,-0.14,10.7
2025-10-30,PANC_005,Loni Kalbhor,12.3,35.9,60.0,548.0,-32.5,1.5,95,0.0,-1.0,0.54,11.4,9.1,-0.81,14.2
2025-10-30,PANC_006,Uruli Kanchan,12.3,35.9,60.0,540.0,-40.5,1.2,45,0.0,-0.0,1.44,12.8,9.6,-1.01,12.9
2025-10-30,PANC_007,Khed Shivapur,12.3,35.9,60.0,645.0,64.5,8.5,245,1.0,-0.87,0.81,11.5,9.2,1.61,12.6
2025-10-30,PANC_008,Kondhwa Budruk,12.3,35.9,60.0,610.0,29.5,6.1,225,1.0,-1.03,0.49,11.2,8.7,0.74,12.1
2025-10-30,PANC_009,Dhayari,12.3,35.9,60.0,620.0,39.5,7.0,260,1.0,-0.63,0.99,10.6,9.2,0.99,11.9
2025-10-30,PANC_010,Nanded Gramin,12.3,35.9,60.0,565.0,-15.5,2.8,10,0.0,-0.1,0.29,11.9,7.2,-0.39,10.3
2025-10-30,PANC_101,Sampatchak Gramin,12.3,35.9,60.0,53.0,1.2,0.8,10,0.0,1.47,0.42,13.9,8.3,0.03,10.6
2025-10-30,PANC_102,Bairiya,12.3,35.9,60.0,51.5,-0.3,0.5,90,0.0,-0.6,0.9,11.3,10.8,-0.01,14.2
2025-10-30,PANC_103,Kanhauli,12.3,35.9,60.0,54.2,2.4,1.1,180,1.0,-0.1,1.14,11.8,12.1,0.06,13.9
2025-10-30,PANC_104,Chipura,12.3,35.9,60.0,50.8,-1.0,0.4,45,0.0,0.37,1.52,12.8,7.7,-0.03,11.7
2025-10-30,PANC_105,Sonagopalpur,12.3,35.9,60.0,52.0,0.2,0.6,85,0.0,-0.23,1.37,12.4,9.9,0.01,13.2
2025-10-30,PANC_106,Tarangpur,12.3,35.9,60.0,49.5,-2.3,0.3,5,0.0,0.6,1.63,12.6,9.9,-0.06,12.8
2025-10-31,PANC_001,Wagholi,0.0,39.2,43.5,590.0,9.5,4.2,90,0.0,0.0,0.0,0.0,0.0,0.24,0.0
2025-10-31,PANC_002,Hadapsar Rural,0.0,39.2,43.5,560.0,-20.5,2.1,0,0.0,0.0,0.0,0.0,0.3,-0.51,0.0
2025-10-31,PANC_003,Manjari Khurd,0.0,39.2,43.5,552.0,-28.5,1.8,85,0.0,0.0,0.0,0.0,0.3,-0.71,0.0
2025-10-31,PANC_004,Phursungi,0.0,39.2,43.5,575.0,-5.5,3.5,180,1.0,0.0,0.0,0.0,0.0,-0.14,0.0
2025-10-31,PANC_005,Loni Kalbhor,0.0,39.2,43.5,548.0,-32.5,1.5,95,0.0,0.0,0.0,0.0,0.0,-0.81,0.0
2025-10-31,PANC_006,Uruli Kanchan,0.0,39.2,43.5,540.0,-40.5,1.2,45,0.0,0.0,0.0,0.0,1.2,-1.01,0.0
2025-10-31,PANC_007,Khed Shivapur,0.0,39.2,43.5,645.0,64.5,8.5,245,1.0,0.0,0.0,0.0,0.4,1.61,0.0
2025-10-31,PANC_008,Kondhwa Budruk,0.0,39.2,43.5,610.0,29.5,6.1,225,1.0,0.0,0.0,0.0,0.0,0.74,0.0
2025-10-31,PANC_009,Dhayari,0.0,39.2,43.5,620.0,39.5,7.0,260,1.0,0.0,0.0,0.0,0.0,0.99,0.0
2025-10-31,PANC_010,Nanded Gramin,0.0,39.2,43.5,565.0,-15.5,2.8,10,0.0,0.0,0.0,0.0,0.0,-0.39,0.0
2025-10-31,PANC_101,Sampatchak Gramin,0.0,39.2,43.5,53.0,1.2,0.8,10,0.0,0.0,0.0,0.0,1.0,0.03,0.0
2025-10-31,PANC_102,Bairiya,0.0,39.2,43.5,51.5,-0.3,0.5,90,0.0,0.0,0.0,0.0,0.1,-0.01,0.0
2025-10-31,PANC_103,Kanhauli,0.0,39.2,43.5,54.2,2.4,1.1,180,1.0,0.0,0.0,0.0,0.0,0.06,0.0
2025-10-31,PANC_104,Chipura,0.0,39.2,43.5,50.8,-1.0,0.4,45,0.0,0.0,0.0,0.0,0.4,-0.03,0.0
2025-10-31,PANC_105,Sonagopalpur,0.0,39.2,43.5,52.0,0.2,0.6,85,0.0,0.0,0.0,0.0,0.0,0.01,0.0
2025-10-31,PANC_106,Tarangpur,0.0,39.2,43.5,49.5,-2.3,0.3,5,0.0,0.0,0.0,0.0,1.2,-0.06,0.0
2025-11-01,PANC_001,Wagholi,0.0,32.4,46.9,590.0,9.5,4.2,90,0.0,0.27,0.38,0.2,0.5,0.24,0.0
2025-11-01,PANC_002,Hadapsar Rural,0.0,32.4,46.9,560.0,-20.5,2.1,0,0.0,0.0,0.0,0.0,0.5,-0.51,0.8
2025-11-01,PANC_003,Manjari Khurd,0.0,32.4,46.9,552.0,-28.5,1.8,85,0.0,0.27,0.38,0.3,1.2,-0.71,0.0
2025-11-01,PANC_004,Phursungi,0.0,32.4,46.9,575.0,-5.5,3.5,180,1.0,0.27,0.38,0.4,0.0,-0.14,0.0
2025-11-01,PANC_005,Loni Kalbhor,0.0,32.4,46.9,548.0,-32.5,1.5,95,0.0,0.27,0.38,0.1,0.0,-0.81,0.0
2025-11-01,PANC_006,Uruli Kanchan,0.0,32.4,46.9,540.0,-40.5,1.2,45,0.0,0.0,0.0,0.0,0.0,-1.01,0.0
2025-11-01,PANC_007,Khed Shivapur,0.0,32.4,46.9,645.0,64.5,8.5,245,1.0,0.0,0.0,0.0,0.0,1.61,0.0
2025-11-01,PANC_008,Kondhwa Budruk,0.0,32.4,46.9,610.0,29.5,6.1,225,1.0,0.27,0.38,0.3,0.0,0.74,0.0
2025-11-01,PANC_009,Dhayari,0.0,32.4,46.9,620.0,39.5,7.0,260,1.0,0.0,0.0,0.0,0.0,0.99,0.0
2025-11-01,PANC_010,Nanded Gramin,0.0,32.4,46.9,565.0,-15.5,2.8,10,0.0,0.0,0.0,0.0,0.0,-0.39,0.0
2025-11-01,PANC_101,Sampatchak Gramin,0.0,32.4,46.9,53.0,1.2,0.8,10,0.0,0.0,0.0,0.0,0.0,0.03,0.0
2025-11-01,PANC_102,Bairiya,0.0,32.4,46.9,51.5,-0.3,0.5,90,0.0,0.0,0.0,0.0,0.8,-0.01,0.0
2025-11-01,PANC_103,Kanhauli,0.0,32.4,46.9,54.2,2.4,1.1,180,1.0,0.0,0.0,0.0,2.3,0.06,0.0
2025-11-01,PANC_104,Chipura,0.0,32.4,46.9,50.8,-1.0,0.4,45,0.0,0.0,0.0,0.0,0.2,-0.03,0.0
2025-11-01,PANC_105,Sonagopalpur,0.0,32.4,46.9,52.0,0.2,0.6,85,0.0,0.0,0.0,0.0,0.0,0.01,0.0
2025-11-01,PANC_106,Tarangpur,0.0,32.4,46.9,49.5,-2.3,0.3,5,0.0,0.0,0.0,0.0,0.0,-0.06,0.0
2025-11-02,PANC_001,Wagholi,0.0,32.3,57.4,590.0,9.5,4.2,90,0.0,0.0,0.0,0.0,0.5,0.24,0.0
2025-11-02,PANC_002,Hadapsar Rural,0.0,32.3,57.4,560.0,-20.5,2.1,0,0.0,0.0,0.0,0.0,0.0,-0.51,0.0
2025-11-02,PANC_003,Manjari Khurd,0.0,32.3,57.4,552.0,-28.5,1.8,85,0.0,0.0,0.0,0.0,1.0,-0.71,0.0
2025-11-02,PANC_004,Phursungi,0.0,32.3,57.4,575.0,-5.5,3.5,180,1.0,0.0,0.0,0.0,0.0,-0.14,0.0
2025-11-02,PANC_005,Loni Kalbhor,0.0,32.3,57.4,548.0,-32.5,1.5,95,0.0,0.0,0.0,0.0,0.0,-0.81,0.0
2025-11-02,PANC_006,Uruli Kanchan,0.0,32.3,57.4,540.0,-40.5,1.2,45,0.0,0.0,0.0,0.0,1.0,-1.01,0.0
2025-11-02,PANC_007,Khed Shivapur,0.0,32.3,57.4,645.0,64.5,8.5,245,1.0,0.0,0.0,0.0,0.5,1.61,0.0
2025-11-02,PANC_008,Kondhwa Budruk,0.0,32.3,57.4,610.0,29.5,6.1,225,1.0,0.0,0.0,0.0,2.0,0.74,0.0
2025-11-02,PANC_009,Dhayari,0.0,32.3,57.4,620.0,39.5,7.0,260,1.0,0.0,0.0,0.0,0.1,0.99,0.0
2025-11-02,PANC_010,Nanded Gramin,0.0,32.3,57.4,565.0,-15.5,2.8,10,0.0,0.0,0.0,0.0,1.4,-0.39,0.0
2025-11-02,PANC_101,Sampatchak Gramin,0.0,32.3,57.4,53.0,1.2,0.8,10,0.0,0.0,0.0,0.0,0.0,0.03,0.0
2025-11-02,PANC_102,Bairiya,0.0,32.3,57.4,51.5,-0.3,0.5,90,0.0,0.0,0.0,0.0,0.0,-0.01,0.0
2025-11-02,PANC_103,Kanhauli,0.0,32.3,57.4,54.2,2.4,1.1,180,1.0,0.0,0.0,0.0,0.7,0.06,0.0
2025-11-02,PANC_104,Chipura,0.0,32.3,57.4,50.8,-1.0,0.4,45,0.0,0.0,0.0,0.0,0.0,-0.03,0.0
2025-11-02,PANC_105,Sonagopalpur,0.0,32.3,57.4,52.0,0.2,0.6,85,0.0,0.0,0.0,0.0,0.0,0.01,0.0
2025-11-02,PANC_106,Tarangpur,0.0,32.3,57.4,49.5,-2.3,0.3,5,0.0,0.0,0.0,0.0,0.9,-0.06,0.0
2025-11-03,PANC_001,Wagholi,20.3,30.6,51.4,590.0,9.5,4.2,90,0.0,0.2,0.73,20.1,16.3,0.24,20.5
2025-11-03,PANC_002,Hadapsar Rural,20.3,30.6,51.4,560.0,-20.5,2.1,0,0.0,0.03,0.6,20.2,14.4,-0.51,20.8
2025-11-03,PANC_003,Manjari Khurd,20.3,30.6,51.4,552.0,-28.5,1.8,85,0.0,0.33,0.12,20.7,15.9,-0.71,19.5
2025-11-03,PANC_004,Phursungi,20.3,30.6,51.4,575.0,-5.5,3.5,180,1.0,0.2,0.73,20.5,16.0,-0.14,20.6
2025-11-03,PANC_005,Loni Kalbhor,20.3,30.6,51.4,548.0,-32.5,1.5,95,0.0,0.0,0.57,20.2,15.6,-0.81,21.2
2025-11-03,PANC_006,Uruli Kanchan,20.3,30.6,51.4,540.0,-40.5,1.2,45,0.0,0.13,0.7,20.6,15.4,-1.01,19.9
2025-11-03,PANC_007,Khed Shivapur,20.3,30.6,51.4,645.0,64.5,8.5,245,1.0,0.7,0.08,21.0,15.9,1.61,20.7
2025-11-03,PANC_008,Kondhwa Budruk,20.3,30.6,51.4,610.0,29.5,6.1,225,1.0,0.5,0.16,20.8,14.8,0.74,20.9
2025-11-03,PANC_009,Dhayari,20.3,30.6,51.4,620.0,39.5,7.0,260,1.0,0.6,0.16,21.1,15.7,0.99,21.0
2025-11-03,PANC_010,Nanded Gramin,20.3,30.6,51.4,565.0,-15.5,2.8,10,0.0,0.57,0.12,21.0,15.0,-0.39,21.1
2025-11-03,PANC_101,Sampatchak Gramin,20.3,30.6,51.4,53.0,1.2,0.8,10,0.0,-0.93,0.61,19.5,15.0,0.03,19.3
2025-11-03,PANC_102,Bairiya,20.3,30.6,51.4,51.5,-0.3,0.5,90,0.0,-1.73,1.11,18.9,14.3,-0.01,19.8
2025-11-03,PANC_103,Kanhauli,20.3,30.6,51.4,54.2,2.4,1.1,180,1.0,-2.03,0.95,18.7,14.8,0.06,19.8
2025-11-03,PANC_104,Chipura,20.3,30.6,51.4,50.8,-1.0,0.4,45,0.0,-1.1,0.54,19.3,14.4,-0.03,19.4
2025-11-03,PANC_105,Sonagopalpur,20.3,30.6,51.4,52.0,0.2,0.6,85,0.0,-0.8,0.22,19.5,14.0,0.01,18.5
2025-11-03,PANC_106,Tarangpur,20.3,30.6,51.4,49.5,-2.3,0.3,5,0.0,-0.67,0.24,19.6,14.1,-0.06,17.0
2025-11-04,PANC_001,Wagholi,0.0,32.3,52.6,590.0,9.5,4.2,90,0.0,0.0,0.0,0.0,1.2,0.24,0.0
2025-11-04,PANC_002,Hadapsar Rural,0.0,32.3,52.6,560.0,-20.5,2.1,0,0.0,0.0,0.0,0.0,0.0,-0.51,0.0
2025-11-04,PANC_003,Manjari Khurd,0.0,32.3,52.6,552.0,-28.5,1.8,85,0.0,0.0,0.0,0.0,0.2,-0.71,0.0
2025-11-04,PANC_004,Phursungi,0.0,32.3,52.6,575.0,-5.5,3.5,180,1.0,0.0,0.0,0.0,0.0,-0.14,0.0
2025-11-04,PANC_005,Loni Kalbhor,0.0,32.3,52.6,548.0,-32.5,1.5,95,0.0,0.0,0.0,0.0,0.0,-0.81,0.0
2025-11-04,PANC_006,Uruli Kanchan,0.0,32.3,52.6,540.0,-40.5,1.2,45,0.0,0.0,0.0,0.0,1.2,-1.01,0.0
2025-11-04,PANC_007,Khed Shivapur,0.0,32.3,52.6,645.0,64.5,8.5,245,1.0,0.0,0.0,0.0,0.0,1.61,0.0
2025-11-04,PANC_008,Kondhwa Budruk,0.0,32.3,52.6,610.0,29.5,6.1,225,1.0,0.0,0.0,0.0,0.0,0.74,0.0
2025-11-04,PANC_009,Dhayari,0.0,32.3,52.6,620.0,39.5,7.0,260,1.0,0.0,0.0,0.0,1.1,0.99,0.0
2025-11-04,PANC_010,Nanded Gramin,0.0,32.3,52.6,565.0,-15.5,2.8,10,0.0,0.0,0.0,0.0,0.0,-0.39,0.0
2025-11-04,PANC_101,Sampatchak Gramin,0.0,32.3,52.6,53.0,1.2,0.8,10,0.0,0.0,0.0,0.0,0.0,0.03,0.0
2025-11-04,PANC_102,Bairiya,0.0,32.3,52.6,51.5,-0.3,0.5,90,0.0,0.0,0.0,0.0,0.0,-0.01,0.0
2025-11-04,PANC_103,Kanhauli,0.0,32.3,52.6,54.2,2.4,1.1,180,1.0,0.0,0.0,0.0,1.4,0.06,0.0
2025-11-04,PANC_104,Chipura,0.0,32.3,52.6,50.8,-1.0,0.4,45,0.0,0.0,0.0,0.0,0.0,-0.03,0.0
2025-11-04,PANC_105,Sonagopalpur,0.0,32.3,52.6,52.0,0.2,0.6,85,0.0,0.0,0.0,0.0,0.0,0.01,0.0
2025-11-04,PANC_106,Tarangpur,0.0,32.3,52.6,49.5,-2.3,0.3,5,0.0,0.0,0.0,0.0,0.7,-0.06,0.0
2025-11-05,PANC_001,Wagholi,0.0,34.3,58.6,590.0,9.5,4.2,90,0.0,0.0,0.0,0.0,0.0,0.24,0.0
2025-11-05,PANC_002,Hadapsar Rural,0.0,34.3,58.6,560.0,-20.5,2.1,0,0.0,0.0,0.0,0.0,0.0,-0.51,0.0
2025-11-05,PANC_003,Manjari Khurd,0.0,34.3,58.6,552.0,-28.5,1.8,85,0.0,0.0,0.0,0.0,0.0,-0.71,0.0
2025-11-05,PANC_004,Phursungi,0.0,34.3,58.6,575.0,-5.5,3.5,180,1.0,0.0,0.0,0.0,0.0,-0.14,0.0
2025-11-05,PANC_005,Loni Kalbhor,0.0,34.3,58.6,548.0,-32.5,1.5,95,0.0,0.0,0.0,0.0,0.1,-0.81,0.0
2025-11-05,PANC_006,Uruli Kanchan,0.0,34.3,58.6,540.0,-40.5,1.2,45,0.0,0.0,0.0,0.0,0.0,-1.01,0.0
2025-11-05,PANC_007,Khed Shivapur,0.0,34.3,58.6,645.0,64.5,8.5,245,1.0,0.0,0.0,0.0,0.0,1.61,0.0
2025-11-05,PANC_008,Kondhwa Budruk,0.0,34.3,58.6,610.0,29.5,6.1,225,1.0,0.0,0.0,0.0,0.0,0.74,0.0
2025-11-05,PANC_009,Dhayari,0.0,34.3,58.6,620.0,39.5,7.0,260,1.0,0.0,0.0,0.0,0.0,0.99,0.0
2025-11-05,PANC_010,Nanded Gramin,0.0,34.3,58.6,565.0,-15.5,2.8,10,0.0,0.0,0.0,0.0,0.0,-0.39,0.0
2025-11-05,PANC_101,Sampatchak Gramin,0.0,34.3,58.6,53.0,1.2,0.8,10,0.0,0.5,0.71,0.6,0.0,0.03,0.0
2025-11-05,PANC_102,Bairiya,0.0,34.3,58.6,51.5,-0.3,0.5,90,0.0,0.0,0.0,0.0,1.6,-0.01,1.5
2025-11-05,PANC_103,Kanhauli,0.0,34.3,58.6,54.2,2.4,1.1,180,1.0,0.0,0.0,0.0,0.0,0.06,0.0
2025-11-05,PANC_104,Chipura,0.0,34.3,58.6,50.8,-1.0,0.4,45,0.0,0.5,0.71,0.6,0.0,-0.03,0.0
2025-11-05,PANC_105,Sonagopalpur,0.0,34.3,58.6,52.0,0.2,0.6,85,0.0,0.0,0.0,0.0,0.0,0.01,0.0
2025-11-05,PANC_106,Tarangpur,0.0,34.3,58.6,49.5,-2.3,0.3,5,0.0,0.5,0.71,0.5,0.5,-0.06,0.0
2025-11-06,PANC_001,Wagholi,0.0,38.4,57.1,590.0,9.5,4.2,90,0.0,0.0,0.0,0.0,0.1,0.24,0.0
2025-11-06,PANC_002,Hadapsar Rural,0.0,38.4,57.1,560.0,-20.5,2.1,0,0.0,0.0,0.0,0.0,0.0,-0.51,0.0
2025-11-06,PANC_003,Manjari Khurd,0.0,38.4,57.1,552.0,-28.5,1.8,85,0.0,0.0,0.0,0.0,0.0,-0.71,0.0
2025-11-06,PANC_004,Phursungi,0.0,38.4,57.1,575.0,-5.5,3.5,180,1.0,0.0,0.0,0.0,0.0,-0.14,0.0
2025-11-06,PANC_005,Loni Kalbhor,0.0,38.4,57.1,548.0,-32.5,1.5,95,0.0,0.0,0.0,0.0,0.2,-0.81,0.0
2025-11-06,PANC_006,Uruli Kanchan,0.0,38.4,57.1,540.0,-40.5,1.2,45,0.0,0.0,0.0,0.0,0.6,-1.01,0.0
2025-11-06,PANC_007,Khed Shivapur,0.0,38.4,57.1,645.0,64.5,8.5,245,1.0,0.0,0.0,0.0,0.0,1.61,0.0
2025-11-06,PANC_008,Kondhwa Budruk,0.0,38.4,57.1,610.0,29.5,6.1,225,1.0,0.0,0.0,0.0,0.0,0.74,0.0
2025-11-06,PANC_009,Dhayari,0.0,38.4,57.1,620.0,39.5,7.0,260,1.0,0.0,0.0,0.0,0.1,0.99,0.0
2025-11-06,PANC_010,Nanded Gramin,0.0,38.4,57.1,565.0,-15.5,2.8,10,0.0,0.0,0.0,0.0,0.0,-0.39,0.0
2025-11-06,PANC_101,Sampatchak Gramin,0.0,38.4,57.1,53.0,1.2,0.8,10,0.0,0.0,0.0,0.0,0.0,0.03,0.0
2025-11-06,PANC_102,Bairiya,0.0,38.4,57.1,51.5,-0.3,0.5,90,0.0,0.0,0.0,0.0,0.0,-0.01,0.0
2025-11-06,PANC_103,Kanhauli,0.0,38.4,57.1,54.2,2.4,1.1,180,1.0,0.0,0.0,0.0,0.0,0.06,0.0
2025-11-06,PANC_104,Chipura,0.0,38.4,57.1,50.8,-1.0,0.4,45,0.0,0.0,0.0,0.0,0.4,-0.03,0.0
2025-11-06,PANC_105,Sonagopalpur,0.0,38.4,57.1,52.0,0.2,0.6,85,0.0,0.0,0.0,0.0,0.0,0.01,0.0
2025-11-06,PANC_106,Tarangpur,0.0,38.4,57.1,49.5,-2.3,0.3,5,0.0,0.0,0.0,0.0,0.0,-0.06,0.0
2025-11-07,PANC_001,Wagholi,0.0,34.4,65.5,590.0,9.5,4.2,90,0.0,0.0,0.0,0.0,1.3,0.24,0.0
2025-11-07,PANC_002,Hadapsar Rural,0.0,34.4,65.5,560.0,-20.5,2.1,0,0.0,0.0,0.0,0.0,0.0,-0.51,0.0
2025-11-07,PANC_003,Manjari Khurd,0.0,34.4,65.5,552.0,-28.5,1.8,85,0.0,0.0,0.0,0.0,1.0,-0.71,0.0
2025-11-07,PANC_004,Phursungi,0.0,34.4,65.5,575.0,-5.5,3.5,180,1.0,0.0,0.0,0.0,0.0,-0.14,0.0
2025-11-07,PANC_005,Loni Kalbhor,0.0,34.4,65.5,548.0,-32.5,1.5,95,0.0,0.0,0.0,0.0,0.0,-0.81,0.0
2025-11-07,PANC_006,Uruli Kanchan,0.0,34.4,65.5,540.0,-40.5,1.2,45,0.0,0.0,0.0,0.0,0.0,-1.01,0.0
2025-11-07,PANC_007,Khed Shivapur,0.0,34.4,65.5,645.0,64.5,8.5,245,1.0,0.0,0.0,0.0,1.4,1.61,0.0
2025-11-07,PANC_008,Kondhwa Budruk,0.0,34.4,65.5,610.0,29.5,6.1,225,1.0,0.0,0.0,0.0,1.3,0.74,0.0
2025-11-07,PANC_009,Dhayari,0.0,34.4,65.5,620.0,39.5,7.0,260,1.0,0.0,0.0,0.0,0.0,0.99,0.0
2025-11-07,PANC_010,Nanded Gramin,0.0,34.4,65.5,565.0,-15.5,2.8,10,0.0,0.0,0.0,0.0,0.1,-0.39,0.0
2025-11-07,PANC_101,Sampatchak Gramin,0.0,34.4,65.5,53.0,1.2,0.8,10,0.0,0.0,0.0,0.0,0.0,0.03,0.0
2025-11-07,PANC_102,Bairiya,0.0,34.4,65.5,51.5,-0.3,0.5,90,0.0,0.0,0.0,0.0,0.5,-0.01,0.0
2025-11-07,PANC_103,Kanhauli,0.0,34.4,65.5,54.2,2.4,1.1,180,1.0,0.0,0.0,0.0,0.4,0.06,0.0
2025-11-07,PANC_104,Chipura,0.0,34.4,65.5,50.8,-1.0,0.4,45,0.0,0.0,0.0,0.0,0.6,-0.03,0.0
2025-11-07,PANC_105,Sonagopalpur,0.0,34.4,65.5,52.0,0.2,0.6,85,0.0,0.0,0.0,0.0,0.3,0.01,0.0
2025-11-07,PANC_106,Tarangpur,0.0,34.4,65.5,49.5,-2.3,0.3,5,0.0,0.0,0.0,0.0,2.3,-0.06,0.0
2025-11-08,PANC_001,Wagholi,0.0,29.9,54.0,590.0,9.5,4.2,90,0.0,0.0,0.0,0.0,0.0,0.24,0.0
2025-11-08,PANC_002,Hadapsar Rural,0.0,29.9,54.0,560.0,-20.5,2.1,0,0.0,0.0,0.0,0.0,1.3,-0.51,0.0
2025-11-08,PANC_003,Manjari Khurd,0.0,29.9,54.0,552.0,-28.5,1.8,85,0.0,0.0,0.0,0.0,0.0,-0.71,0.0
2025-11-08,PANC_004,Phursungi,0.0,29.9,54.0,575.0,-5.5,3.5,180,1.0,0.0,0.0,0.0,0.6,-0.14,0.0
2025-11-08,PANC_005,Loni Kalbhor,0.0,29.9,54.0,548.0,-32.5,1.5,95,0.0,0.0,0.0,0.0,0.0,-0.81,0.0
2025-11-08,PANC_006,Uruli Kanchan,0.0,29.9,54.0,540.0,-40.5,1.2,45,0.0,0.0,0.0,0.0,0.0,-1.01,0.0
2025-11-08,PANC_007,Khed Shivapur,0.0,29.9,54.0,645.0,64.5,8.5,245,1.0,0.0,0.0,0.0,0.8,1.61,0.0
2025-11-08,PANC_008,Kondhwa Budruk,0.0,29.9,54.0,610.0,29.5,6.1,225,1.0,0.0,0.0,0.0,0.0,0.74,0.0
2025-11-08,PANC_009,Dhayari,0.0,29.9,54.0,620.0,39.5,7.0,260,1.0,0.0,0.0,0.0,0.0,0.99,0.0
2025-11-08,PANC_010,Nanded Gramin,0.0,29.9,54.0,565.0,-15.5,2.8,10,0.0,0.0,0.0,0.0,0.0,-0.39,0.0
2025-11-08,PANC_101,Sampatchak Gramin,0.0,29.9,54.0,53.0,1.2,0.8,10,0.0,0.0,0.0,0.0,0.0,0.03,0.0
2025-11-08,PANC_102,Bairiya,0.0,29.9,54.0,51.5,-0.3,0.5,90,0.0,0.0,0.0,0.0,0.0,-0.01,0.0
2025-11-08,PANC_103,Kanhauli,0.0,29.9,54.0,54.2,2.4,1.1,180,1.0,0.0,0.0,0.0,0.6,0.06,0.0
2025-11-08,PANC_104,Chipura,0.0,29.9,54.0,50.8,-1.0,0.4,45,0.0,0.0,0.0,0.0,0.0,-0.03,0.0
2025-11-08,PANC_105,Sonagopalpur,0.0,29.9,54.0,52.0,0.2,0.6,85,0.0,0.0,0.0,0.0,0.6,0.01,0.0
2025-11-08,PANC_106,Tarangpur,0.0,29.9,54.0,49.5,-2.3,0.3,5,0.0,0.0,0.0,0.0,0.9,-0.06,0.0
2025-11-09,PANC_001,Wagholi,0.0,36.6,54.3,590.0,9.5,4.2,90,0.0,0.0,0.0,0.0,1.5,0.24,0.0
2025-11-09,PANC_002,Hadapsar Rural,0.0,36.6,54.3,560.0,-20.5,2.1,0,0.0,0.0,0.0,0.0,0.0,-0.51,0.0
2025-11-09,PANC_003,Manjari Khurd,0.0,36.6,54.3,552.0,-28.5,1.8,85,0.0,0.0,0.0,0.0,0.0,-0.71,0.0
2025-11-09,PANC_004,Phursungi,0.0,36.6,54.3,575.0,-5.5,3.5,180,1.0,0.0,0.0,0.0,0.0,-0.14,0.0
2025-11-09,PANC_005,Loni Kalbhor,0.0,36.6,54.3,548.0,-32.5,1.5,95,0.0,0.0,0.0,0.0,0.0,-0.81,0.0
2025-11-09,PANC_006,Uruli Kanchan,0.0,36.6,54.3,540.0,-40.5,1.2,45,0.0,0.0,0.0,0.0,0.0,-1.01,0.0
2025-11-09,PANC_007,Khed Shivapur,0.0,36.6,54.3,645.0,64.5,8.5,245,1.0,0.0,0.0,0.0,0.0,1.61,0.0
2025-11-09,PANC_008,Kondhwa Budruk,0.0,36.6,54.3,610.0,29.5,6.1,225,1.0,0.0,0.0,0.0,0.2,0.74,0.0
2025-11-09,PANC_009,Dhayari,0.0,36.6,54.3,620.0,39.5,7.0,260,1.0,0.0,0.0,0.0,1.5,0.99,0.0
2025-11-09,PANC_010,Nanded Gramin,0.0,36.6,54.3,565.0,-15.5,2.8,10,0.0,0.0,0.0,0.0,0.0,-0.39,0.0
2025-11-09,PANC_101,Sampatchak Gramin,0.0,36.6,54.3,53.0,1.2,0.8,10,0.0,0.0,0.0,0.0,0.4,0.03,0.0
2025-11-09,PANC_102,Bairiya,0.0,36.6,54.3,51.5,-0.3,0.5,90,0.0,0.0,0.0,0.0,0.0,-0.01,0.0
2025-11-09,PANC_103,Kanhauli,0.0,36.6,54.3,54.2,2.4,1.1,180,1.0,0.0,0.0,0.0,0.8,0.06,0.0
2025-11-09,PANC_104,Chipura,0.0,36.6,54.3,50.8,-1.0,0.4,45,0.0,0.0,0.0,0.0,0.0,-0.03,0.0
2025-11-09,PANC_105,Sonagopalpur,0.0,36.6,54.3,52.0,0.2,0.6,85,0.0,0.0,0.0,0.0,0.6,0.01,0.0
2025-11-09,PANC_106,Tarangpur,0.0,36.6,54.3,49.5,-2.3,0.3,5,0.0,0.0,0.0,0.0,0.0,-0.06,0.0
2025-11-10,PANC_001,Wagholi,0.0,32.6,70.0,590.0,9.5,4.2,90,0.0,0.0,0.0,0.0,0.5,0.24,0.0
2025-11-10,PANC_002,Hadapsar Rural,0.0,32.6,70.0,560.0,-20.5,2.1,0,0.0,0.0,0.0,0.0,0.0,-0.51,0.0
2025-11-10,PANC_003,Manjari Khurd,0.0,32.6,70.0,552.0,-28.5,1.8,85,0.0,0.0,0.0,0.0,0.0,-0.71,0.0
2025-11-10,PANC_004,Phursungi,0.0,32.6,70.0,575.0,-5.5,3.5,180,1.0,0.0,0.0,0.0,0.0,-0.14,0.0
2025-11-10,PANC_005,Loni Kalbhor,0.0,32.6,70.0,548.0,-32.5,1.5,95,0.0,0.0,0.0,0.0,0.0,-0.81,0.0
2025-11-10,PANC_006,Uruli Kanchan,0.0,32.6,70.0,540.0,-40.5,1.2,45,0.0,0.0,0.0,0.0,0.0,-1.01,0.0
2025-11-10,PANC_007,Khed Shivapur,0.0,32.6,70.0,645.0,64.5,8.5,245,1.0,0.37,0.52,0.4,0.7,1.61,0.0
2025-11-10,PANC_008,Kondhwa Budruk,0.0,32.6,70.0,610.0,29.5,6.1,225,1.0,0.37,0.52,0.3,0.0,0.74,0.0
2025-11-10,PANC_009,Dhayari,0.0,32.6,70.0,620.0,39.5,7.0,260,1.0,0.0,0.0,0.0,0.1,0.99,1.1
2025-11-10,PANC_010,Nanded Gramin,0.0,32.6,70.0,565.0,-15.5,2.8,10,0.0,0.37,0.52,1.0,0.0,-0.39,0.0
2025-11-10,PANC_101,Sampatchak Gramin,0.0,32.6,70.0,53.0,1.2,0.8,10,0.0,0.0,0.0,0.0,0.2,0.03,0.0
2025-11-10,PANC_102,Bairiya,0.0,32.6,70.0,51.5,-0.3,0.5,90,0.0,0.0,0.0,0.0,1.4,-0.01,0.0
2025-11-10,PANC_103,Kanhauli,0.0,32.6,70.0,54.2,2.4,1.1,180,1.0,0.0,0.0,0.0,1.2,0.06,0.0
2025-11-10,PANC_104,Chipura,0.0,32.6,70.0,50.8,-1.0,0.4,45,0.0,0.0,0.0,0.0,0.0,-0.03,0.0
2025-11-10,PANC_105,Sonagopalpur,0.0,32.6,70.0,52.0,0.2,0.6,85,0.0,0.0,0.0,0.0,0.0,0.01,0.0
2025-11-10,PANC_106,Tarangpur,0.0,32.6,70.0,49.5,-2.3,0.3,5,0.0,0.0,0.0,0.0,0.0,-0.06,0.0
2025-11-11,PANC_001,Wagholi,0.0,31.0,45.0,590.0,9.5,4.2,90,0.0,0.0,0.0,0.0,0.0,0.24,0.0
2025-11-11,PANC_002,Hadapsar Rural,0.0,31.0,45.0,560.0,-20.5,2.1,0,0.0,0.0,0.0,0.0,0.2,-0.51,0.0
2025-11-11,PANC_003,Manjari Khurd,0.0,31.0,45.0,552.0,-28.5,1.8,85,0.0,0.0,0.0,0.0,0.0,-0.71,0.0
2025-11-11,PANC_004,Phursungi,0.0,31.0,45.0,575.0,-5.5,3.5,180,1.0,0.0,0.0,0.0,0.3,-0.14,0.0
2025-11-11,PANC_005,Loni Kalbhor,0.0,31.0,45.0,548.0,-32.5,1.5,95,0.0,0.0,0.0,0.0,0.0,-0.81,0.0
2025-11-11,PANC_006,Uruli Kanchan,0.0,31.0,45.0,540.0,-40.5,1.2,45,0.0,0.0,0.0,0.0,0.0,-1.01,0.0
2025-11-11,PANC_007,Khed Shivapur,0.0,31.0,45.0,645.0,64.5,8.5,245,1.0,0.0,0.0,0.0,0.0,1.61,0.0
2025-11-11,PANC_008,Kondhwa Budruk,0.0,31.0,45.0,610.0,29.5,6.1,225,1.0,0.0,0.0,0.0,0.0,0.74,0.0
2025-11-11,PANC_009,Dhayari,0.0,31.0,45.0,620.0,39.5,7.0,260,1.0,0.0,0.0,0.0,0.0,0.99,0.0
2025-11-11,PANC_010,Nanded Gramin,0.0,31.0,45.0,565.0,-15.5,2.8,10,0.0,0.0,0.0,0.0,0.0,-0.39,0.0
2025-11-11,PANC_101,Sampatchak Gramin,0.0,31.0,45.0,53.0,1.2,0.8,10,0.0,0.0,0.0,0.0,0.0,0.03,0.0
2025-11-11,PANC_102,Bairiya,0.0,31.0,45.0,51.5,-0.3,0.5,90,0.0,0.0,0.0,0.0,0.0,-0.01,0.0
2025-11-11,PANC_103,Kanhauli,0.0,31.0,45.0,54.2,2.4,1.1,180,1.0,0.0,0.0,0.0,0.7,0.06,0.0
2025-11-11,PANC_104,Chipura,0.0,31.0,45.0,50.8,-1.0,0.4,45,0.0,0.0,0.0,0.0,0.2,-0.03,0.0
2025-11-11,PANC_105,Sonagopalpur,0.0,31.0,45.0,52.0,0.2,0.6,85,0.0,0.0,0.0,0.0,0.0,0.01,0.0
2025-11-11,PANC_106,Tarangpur,0.0,31.0,45.0,49.5,-2.3,0.3,5,0.0,0.0,0.0,0.0,0.7,-0.06,0.0
2025-11-12,PANC_001,Wagholi,0.0,34.4,53.0,590.0,9.5,4.2,90,0.0,0.0,0.0,0.0,1.6,0.24,0.0
2025-11-12,PANC_002,Hadapsar Rural,0.0,34.4,53.0,560.0,-20.5,2.1,0,0.0,0.0,0.0,0.0,0.0,-0.51,0.0
2025-11-12,PANC_003,Manjari Khurd,0.0,34.4,53.0,552.0,-28.5,1.8,85,0.0,0.0,0.0,0.0,0.0,-0.71,0.0
2025-11-12,PANC_004,Phursungi,0.0,34.4,53.0,575.0,-5.5,3.5,180,1.0,0.0,0.0,0.0,0.0,-0.14,0.0
2025-11-12,PANC_005,Loni Kalbhor,0.0,34.4,53.0,548.0,-32.5,1.5,95,0.0,0.0,0.0,0.0,1.6,-0.81,0.0
2025-11-12,PANC_006,Uruli Kanchan,0.0,34.4,53.0,540.0,-40.5,1.2,45,0.0,0.0,0.0,0.0,0.0,-1.01,0.0
2025-11-12,PANC_007,Khed Shivapur,0.0,34.4,53.0,645.0,64.5,8.5,245,1.0,0.0,0.0,0.0,0.0,1.61,0.0
2025-11-12,PANC_008,Kondhwa Budruk,0.0,34.4,53.0,610.0,29.5,6.1,225,1.0,0.0,0.0,0.0,0.1,0.74,0.0
2025-11-12,PANC_009,Dhayari,0.0,34.4,53.0,620.0,39.5,7.0,260,1.0,0.0,0.0,0.0,0.0,0.99,0.0
2025-11-12,PANC_010,Nanded Gramin,0.0,34.4,53.0,565.0,-15.5,2.8,10,0.0,0.0,0.0,0.0,0.1,-0.39,0.0
2025-11-12,PANC_101,Sampatchak Gramin,0.0,34.4,53.0,53.0,1.2,0.8,10,0.0,0.07,0.09,0.1,1.9,0.03,0.0
2025-11-12,PANC_102,Bairiya,0.0,34.4,53.0,51.5,-0.3,0.5,90,0.0,1.57,1.51,1.0,0.4,-0.01,0.2
2025-11-12,PANC_103,Kanhauli,0.0,34.4,53.0,54.2,2.4,1.1,180,1.0,1.2,1.7,0.5,0.2,0.06,0.0
2025-11-12,PANC_104,Chipura,0.0,34.4,53.0,50.8,-1.0,0.4,45,0.0,0.07,0.09,0.1,0.3,-0.03,1.1
2025-11-12,PANC_105,Sonagopalpur,0.0,34.4,53.0,52.0,0.2,0.6,85,0.0,0.37,0.52,0.3,1.4,0.01,0.0
2025-11-12,PANC_106,Tarangpur,0.0,34.4,53.0,49.5,-2.3,0.3,5,0.0,0.07,0.09,0.1,4.3,-0.06,3.6
2025-11-13,PANC_001,Wagholi,0.0,35.6,52.8,590.0,9.5,4.2,90,0.0,0.0,0.0,0.0,0.3,0.24,0.0
2025-11-13,PANC_002,Hadapsar Rural,0.0,35.6,52.8,560.0,-20.5,2.1,0,0.0,0.0,0.0,0.0,0.0,-0.51,0.0
2025-11-13,PANC_003,Manjari Khurd,0.0,35.6,52.8,552.0,-28.5,1.8,85,0.0,0.0,0.0,0.0,0.0,-0.71,0.0
2025-11-13,PANC_004,Phursungi,0.0,35.6,52.8,575.0,-5.5,3.5,180,1.0,0.0,0.0,0.0,1.0,-0.14,0.0
2025-11-13,PANC_005,Loni Kalbhor,0.0,35.6,52.8,548.0,-32.5,1.5,95,0.0,0.0,0.0,0.0,0.0,-0.81,0.0
2025-11-13,PANC_006,Uruli Kanchan,0.0,35.6,52.8,540.0,-40.5,1.2,45,0.0,0.0,0.0,0.0,1.6,-1.01,0.0
2025-11-13,PANC_007,Khed Shivapur,0.0,35.6,52.8,645.0,64.5,8.5,245,1.0,0.0,0.0,0.0,0.0,1.61,0.0
2025-11-13,PANC_008,Kondhwa Budruk,0.0,35.6,52.8,610.0,29.5,6.1,225,1.0,0.0,0.0,0.0,0.0,0.74,0.0
2025-11-13,PANC_009,Dhayari,0.0,35.6,52.8,620.0,39.5,7.0,260,1.0,0.0,0.0,0.0,0.0,0.99,0.0
2025-11-13,PANC_010,Nanded Gramin,0.0,35.6,52.8,565.0,-15.5,2.8,10,0.0,0.0,0.0,0.0,0.9,-0.39,0.0
2025-11-13,PANC_101,Sampatchak Gramin,0.0,35.6,52.8,53.0,1.2,0.8,10,0.0,0.0,0.0,0.0,0.3,0.03,0.0
2025-11-13,PANC_102,Bairiya,0.0,35.6,52.8,51.5,-0.3,0.5,90,0.0,0.0,0.0,0.0,0.2,-0.01,0.0
2025-11-13,PANC_103,Kanhauli,0.0,35.6,52.8,54.2,2.4,1.1,180,1.0,0.0,0.0,0.0,0.0,0.06,0.0
2025-11-13,PANC_104,Chipura,0.0,35.6,52.8,50.8,-1.0,0.4,45,0.0,0.0,0.0,0.0,0.0,-0.03,0.0
2025-11-13,PANC_105,Sonagopalpur,0.0,35.6,52.8,52.0,0.2,0.6,85,0.0,0.0,0.0,0.0,0.3,0.01,0.0
2025-11-13,PANC_106,Tarangpur,0.0,35.6,52.8,49.5,-2.3,0.3,5,0.0,0.0,0.0,0.0,0.0,-0.06,0.0
2025-11-14,PANC_001,Wagholi,0.0,31.4,63.4,590.0,9.5,4.2,90,0.0,0.0,0.0,0.0,0.5,0.24,0.0
2025-11-14,PANC_002,Hadapsar Rural,0.0,31.4,63.4,560.0,-20.5,2.1,0,0.0,0.0,0.0,0.0,0.0,-0.51,0.0
2025-11-14,PANC_003,Manjari Khurd,0.0,31.4,63.4,552.0,-28.5,1.8,85,0.0,0.0,0.0,0.0,0.5,-0.71,0.0
2025-11-14,PANC_004,Phursungi,0.0,31.4,63.4,575.0,-5.5,3.5,180,1.0,0.0,0.0,0.0,0.7,-0.14,0.0
2025-11-14,PANC_005,Loni Kalbhor,0.0,31.4,63.4,548.0,-32.5,1.5,95,0.0,0.0,0.0,0.0,1.1,-0.81,0.0
2025-11-14,PANC_006,Uruli Kanchan,0.0,31.4,63.4,540.0,-40.5,1.2,45,0.0,0.0,0.0,0.0,0.9,-1.01,0.0
2025-11-14,PANC_007,Khed Shivapur,0.0,31.4,63.4,645.0,64.5,8.5,245,1.0,0.0,0.0,0.0,0.0,1.61,0.0
2025-11-14,PANC_008,Kondhwa Budruk,0.0,31.4,63.4,610.0,29.5,6.1,225,1.0,0.0,0.0,0.0,1.0,0.74,0.0
2025-11-14,PANC_009,Dhayari,0.0,31.4,63.4,620.0,39.5,7.0,260,1.0,0.0,0.0,0.0,1.1,0.99,0.0
2025-11-14,PANC_010,Nanded Gramin,0.0,31.4,63.4,565.0,-15.5,2.8,10,0.0,0.0,0.0,0.0,0.0,-0.39,0.0
2025-11-14,PANC_101,Sampatchak Gramin,0.0,31.4,63.4,53.0,1.2,0.8,10,0.0,0.03,0.05,0.0,0.0,0.03,0.0
2025-11-14,PANC_102,Bairiya,0.0,31.4,63.4,51.5,-0.3,0.5,90,0.0,0.0,0.0,0.0,0.0,-0.01,0.0
2025-11-14,PANC_103,Kanhauli,0.0,31.4,63.4,54.2,2.4,1.1,180,1.0,0.0,0.0,0.0,1.3,0.06,0.1
2025-11-14,PANC_104,Chipura,0.0,31.4,63.4,50.8,-1.0,0.4,45,0.0,0.0,0.0,0.0,0.0,-0.03,0.0
2025-11-14,PANC_105,Sonagopalpur,0.0,31.4,63.4,52.0,0.2,0.6,85,0.0,0.03,0.05,0.0,0.4,0.01,0.0
2025-11-14,PANC_106,Tarangpur,0.0,31.4,63.4,49.5,-2.3,0.3,5,0.0,0.03,0.05,0.0,0.0,-0.06,0.0
2025-11-15,PANC_001,Wagholi,0.0,29.7,56.1,590.0,9.5,4.2,90,0.0,0.0,0.0,0.0,0.6,0.24,0.0
2025-11-15,PANC_002,Hadapsar Rural,0.0,29.7,56.1,560.0,-20.5,2.1,0,0.0,0.0,0.0,0.0,0.0,-0.51,0.0
2025-11-15,PANC_003,Manjari Khurd,0.0,29.7,56.1,552.0,-28.5,1.8,85,0.0,0.0,0.0,0.0,0.0,-0.71,0.0
2025-11-15,PANC_004,Phursungi,0.0,29.7,56.1,575.0,-5.5,3.5,180,1.0,0.0,0.0,0.0,0.0,-0.14,0.0
2025-11-15,PANC_005,Loni Kalbhor,0.0,29.7,56.1,548.0,-32.5,1.5,95,0.0,0.0,0.0,0.0,0.0,-0.81,0.0
2025-11-15,PANC_006,Uruli Kanchan,0.0,29.7,56.1,540.0,-40.5,1.2,45,0.0,0.0,0.0,0.0,1.1,-1.01,0.0
2025-11-15,PANC_007,Khed Shivapur,0.0,29.7,56.1,645.0,64.5,8.5,245,1.0,0.0,0.0,0.0,0.0,1.61,0.0
2025-11-15,PANC_008,Kondhwa Budruk,0.0,29.7,56.1,610.0,29.5,6.1,225,1.0,0.0,0.0,0.0,0.0,0.74,0.0
2025-11-15,PANC_009,Dhayari,0.0,29.7,56.1,620.0,39.5,7.0,260,1.0,0.0,0.0,0.0,0.5,0.99,0.0
2025-11-15,PANC_010,Nanded Gramin,0.0,29.7,56.1,565.0,-15.5,2.8,10,0.0,0.0,0.0,0.0,0.2,-0.39,0.0
2025-11-15,PANC_101,Sampatchak Gramin,0.0,29.7,56.1,53.0,1.2,0.8,10,0.0,0.0,0.0,0.0,1.0,0.03,0.0
2025-11-15,PANC_102,Bairiya,0.0,29.7,56.1,51.5,-0.3,0.5,90,0.0,0.0,0.0,0.0,0.0,-0.01,0.0
2025-11-15,PANC_103,Kanhauli,0.0,29.7,56.1,54.2,2.4,1.1,180,1.0,0.0,0.0,0.0,0.0,0.06,0.0
2025-11-15,PANC_104,Chipura,0.0,29.7,56.1,50.8,-1.0,0.4,45,0.0,0.0,0.0,0.0,0.5,-0.03,0.0
2025-11-15,PANC_105,Sonagopalpur,0.0,29.7,56.1,52.0,0.2,0.6,85,0.0,0.0,0.0,0.0,0.1,0.01,0.0
2025-11-15,PANC_106,Tarangpur,0.0,29.7,56.1,49.5,-2.3,0.3,5,0.0,0.0,0.0,0.0,0.0,-0.06,0.0
2025-11-16,PANC_001,Wagholi,0.0,34.5,58.3,590.0,9.5,4.2,90,0.0,0.0,0.0,0.0,0.0,0.24,0.0
2025-11-16,PANC_002,Hadapsar Rural,0.0,34.5,58.3,560.0,-20.5,2.1,0,0.0,0.0,0.0,0.0,0.9,-0.51,0.0
2025-11-16,PANC_003,Manjari Khurd,0.0,34.5,58.3,552.0,-28.5,1.8,85,0.0,0.0,0.0,0.0,0.0,-0.71,0.0
2025-11-16,PANC_004,Phursungi,0.0,34.5,58.3,575.0,-5.5,3.5,180,1.0,0.0,0.0,0.0,0.0,-0.14,0.0
2025-11-16,PANC_005,Loni Kalbhor,0.0,34.5,58.3,548.0,-32.5,1.5,95,0.0,0.0,0.0,0.0,0.8,-0.81,0.0
2025-11-16,PANC_006,Uruli Kanchan,0.0,34.5,58.3,540.0,-40.5,1.2,45,0.0,0.0,0.0,0.0,0.0,-1.01,0.0
2025-11-16,PANC_007,Khed Shivapur,0.0,34.5,58.3,645.0,64.5,8.5,245,1.0,0.0,0.0,0.0,0.3,1.61,0.0
2025-11-16,PANC_008,Kondhwa Budruk,0.0,34.5,58.3,610.0,29.5,6.1,225,1.0,0.0,0.0,0.0,0.0,0.74,0.0
2025-11-16,PANC_009,Dhayari,0.0,34.5,58.3,620.0,39.5,7.0,260,1.0,0.0,0.0,0.0,0.0,0.99,0.0
2025-11-16,PANC_010,Nanded Gramin,0.0,34.5,58.3,565.0,-15.5,2.8,10,0.0,0.0,0.0,0.0,0.0,-0.39,0.0
2025-11-16,PANC_101,Sampatchak Gramin,0.0,34.5,58.3,53.0,1.2,0.8,10,0.0,0.0,0.0,0.0,0.5,0.03,0.0
2025-11-16,PANC_102,Bairiya,0.0,34.5,58.3,51.5,-0.3,0.5,90,0.0,0.0,0.0,0.0,0.2,-0.01,0.0
2025-11-16,PANC_103,Kanhauli,0.0,34.5,58.3,54.2,2.4,1.1,180,1.0,0.0,0.0,0.0,0.1,0.06,0.0
2025-11-16,PANC_104,Chipura,0.0,34.5,58.3,50.8,-1.0,0.4,45,0.0,0.0,0.0,0.0,2.0,-0.03,0.0
2025-11-16,PANC_105,Sonagopalpur,0.0,34.5,58.3,52.0,0.2,0.6,85,0.0,0.0,0.0,0.0,1.4,0.01,0.0
2025-11-16,PANC_106,Tarangpur,0.0,34.5,58.3,49.5,-2.3,0.3,5,0.0,0.0,0.0,0.0,0.0,-0.06,0.0
2025-11-17,PANC_001,Wagholi,0.0,31.7,56.3,590.0,9.5,4.2,90,0.0,0.0,0.0,0.0,0.0,0.24,0.0
2025-11-17,PANC_002,Hadapsar Rural,0.0,31.7,56.3,560.0,-20.5,2.1,0,0.0,0.0,0.0,0.0,0.0,-0.51,0.0
2025-11-17,PANC_003,Manjari Khurd,0.0,31.7,56.3,552.0,-28.5,1.8,85,0.0,0.0,0.0,0.0,0.0,-0.71,0.0
2025-11-17,PANC_004,Phursungi,0.0,31.7,56.3,575.0,-5.5,3.5,180,1.0,0.0,0.0,0.0,0.1,-0.14,0.0
2025-11-17,PANC_005,Loni Kalbhor,0.0,31.7,56.3,548.0,-32.5,1.5,95,0.0,0.0,0.0,0.0,0.5,-0.81,0.0
2025-11-17,PANC_006,Uruli Kanchan,0.0,31.7,56.3,540.0,-40.5,1.2,45,0.0,0.0,0.0,0.0,0.0,-1.01,0.0
2025-11-17,PANC_007,Khed Shivapur,0.0,31.7,56.3,645.0,64.5,8.5,245,1.0,0.0,0.0,0.0,1.4,1.61,0.0
2025-11-17,PANC_008,Kondhwa Budruk,0.0,31.7,56.3,610.0,29.5,6.1,225,1.0,0.0,0.0,0.0,0.2,0.74,0.0
2025-11-17,PANC_009,Dhayari,0.0,31.7,56.3,620.0,39.5,7.0,260,1.0,0.0,0.0,0.0,0.6,0.99,0.0
2025-11-17,PANC_010,Nanded Gramin,0.0,31.7,56.3,565.0,-15.5,2.8,10,0.0,0.0,0.0,0.0,0.0,-0.39,0.0
2025-11-17,PANC_101,Sampatchak Gramin,0.0,31.7,56.3,53.0,1.2,0.8,10,0.0,0.0,0.0,0.0,1.0,0.03,0.0
2025-11-17,PANC_102,Bairiya,0.0,31.7,56.3,51.5,-0.3,0.5,90,0.0,0.0,0.0,0.0,0.0,-0.01,0.0
2025-11-17,PANC_103,Kanhauli,0.0,31.7,56.3,54.2,2.4,1.1,180,1.0,0.0,0.0,0.0,0.2,0.06,0.0
2025-11-17,PANC_104,Chipura,0.0,31.7,56.3,50.8,-1.0,0.4,45,0.0,0.0,0.0,0.0,0.0,-0.03,0.0
2025-11-17,PANC_105,Sonagopalpur,0.0,31.7,56.3,52.0,0.2,0.6,85,0.0,0.0,0.0,0.0,0.0,0.01,0.0
2025-11-17,PANC_106,Tarangpur,0.0,31.7,56.3,49.5,-2.3,0.3,5,0.0,0.0,0.0,0.0,0.6,-0.06,0.0
2025-11-18,PANC_001,Wagholi,13.9,30.4,49.9,590.0,9.5,4.2,90,0.0,-1.03,0.77,13.2,12.5,0.24,14.6
2025-11-18,PANC_002,Hadapsar Rural,13.9,30.4,49.9,560.0,-20.5,2.1,0,0.0,-0.3,0.24,13.7,9.9,-0.51,13.2
2025-11-18,PANC_003,Manjari Khurd,13.9,30.4,49.9,552.0,-28.5,1.8,85,0.0,-0.0,0.57,13.8,10.5,-0.71,13.6
2025-11-18,PANC_004,Phursungi,13.9,30.4,49.9,575.0,-5.5,3.5,180,1.0,-1.03,0.77,13.0,11.5,-0.14,13.9
2025-11-18,PANC_005,Loni Kalbhor,13.9,30.4,49.9,548.0,-32.5,1.5,95,0.0,-0.33,0.29,13.6,8.7,-0.81,11.8
2025-11-18,PANC_006,Uruli Kanchan,13.9,30.4,49.9,540.0,-40.5,1.2,45,0.0,-0.8,0.93,12.7,8.6,-1.01,12.2
2025-11-18,PANC_007,Khed Shivapur,13.9,30.4,49.9,645.0,64.5,8.5,245,1.0,0.53,0.82,14.5,11.6,1.61,14.6
2025-11-18,PANC_008,Kondhwa Budruk,13.9,30.4,49.9,610.0,29.5,6.1,225,1.0,0.2,0.83,14.0,10.0,0.74,13.3
2025-11-18,PANC_009,Dhayari,13.9,30.4,49.9,620.0,39.5,7.0,260,1.0,0.33,0.66,14.7,11.5,0.99,15.2
2025-11-18,PANC_010,Nanded Gramin,13.9,30.4,49.9,565.0,-15.5,2.8,10,0.0,0.47,0.79,15.1,10.4,-0.39,14.8
2025-11-18,PANC_101,Sampatchak Gramin,13.9,30.4,49.9,53.0,1.2,0.8,10,0.0,0.37,1.03,14.5,9.6,0.03,14.6
2025-11-18,PANC_102,Bairiya,13.9,30.4,49.9,51.5,-0.3,0.5,90,0.0,1.23,0.83,14.9,12.0,-0.01,15.7
2025-11-18,PANC_103,Kanhauli,13.9,30.4,49.9,54.2,2.4,1.1,180,1.0,0.83,1.23,14.4,11.1,0.06,13.8
2025-11-18,PANC_104,Chipura,13.9,30.4,49.9,50.8,-1.0,0.4,45,0.0,0.63,0.98,14.7,10.7,-0.03,14.5
2025-11-18,PANC_105,Sonagopalpur,13.9,30.4,49.9,52.0,0.2,0.6,85,0.0,0.4,0.36,14.2,11.1,0.01,13.3
2025-11-18,PANC_106,Tarangpur,13.9,30.4,49.9,49.5,-2.3,0.3,5,0.0,0.8,0.78,14.7,11.7,-0.06,16.3
2025-11-19,PANC_001,Wagholi,0.0,38.1,52.4,590.0,9.5,4.2,90,0.0,0.0,0.0,0.0,0.2,0.24,0.0
2025-11-19,PANC_002,Hadapsar Rural,0.0,38.1,52.4,560.0,-20.5,2.1,0,0.0,0.17,0.24,0.1,0.0,-0.51,0.0
2025-11-19,PANC_003,Manjari Khurd,0.0,38.1,52.4,552.0,-28.5,1.8,85,0.0,0.0,0.0,0.0,0.0,-0.71,0.0
2025-11-19,PANC_004,Phursungi,0.0,38.1,52.4,575.0,-5.5,3.5,180,1.0,0.0,0.0,0.0,1.2,-0.14,0.0
2025-11-19,PANC_005,Loni Kalbhor,0.0,38.1,52.4,548.0,-32.5,1.5,95,0.0,0.0,0.0,0.0,0.0,-0.81,0.0
2025-11-19,PANC_006,Uruli Kanchan,0.0,38.1,52.4,540.0,-40.5,1.2,45,0.0,0.0,0.0,0.0,1.0,-1.01,0.0
2025-11-19,PANC_007,Khed Shivapur,0.0,38.1,52.4,645.0,64.5,8.5,245,1.0,0.17,0.24,0.2,0.3,1.61,0.0
2025-11-19,PANC_008,Kondhwa Budruk,0.0,38.1,52.4,610.0,29.5,6.1,225,1.0,0.0,0.0,0.0,0.0,0.74,0.5
2025-11-19,PANC_009,Dhayari,0.0,38.1,52.4,620.0,39.5,7.0,260,1.0,0.17,0.24,0.0,0.5,0.99,0.0
2025-11-19,PANC_010,Nanded Gramin,0.0,38.1,52.4,565.0,-15.5,2.8,10,0.0,0.17,0.24,0.0,0.0,-0.39,0.0
2025-11-19,PANC_101,Sampatchak Gramin,0.0,38.1,52.4,53.0,1.2,0.8,10,0.0,0.0,0.0,0.0,0.0,0.03,0.0
2025-11-19,PANC_102,Bairiya,0.0,38.1,52.4,51.5,-0.3,0.5,90,0.0,0.0,0.0,0.0,0.2,-0.01,0.0
2025-11-19,PANC_103,Kanhauli,0.0,38.1,52.4,54.2,2.4,1.1,180,1.0,0.0,0.0,0.0,0.4,0.06,0.0
2025-11-19,PANC_104,Chipura,0.0,38.1,52.4,50.8,-1.0,0.4,45,0.0,0.0,0.0,0.0,0.6,-0.03,0.0
2025-11-19,PANC_105,Sonagopalpur,0.0,38.1,52.4,52.0,0.2,0.6,85,0.0,0.0,0.0,0.0,0.9,0.01,0.0
2025-11-19,PANC_106,Tarangpur,0.0,38.1,52.4,49.5,-2.3,0.3,5,0.0,0.0,0.0,0.0,0.3,-0.06,0.0
2025-11-20,PANC_001,Wagholi,0.0,33.2,42.8,590.0,9.5,4.2,90,0.0,0.0,0.0,0.0,0.0,0.24,0.0
2025-11-20,PANC_002,Hadapsar Rural,0.0,33.2,42.8,560.0,-20.5,2.1,0,0.0,0.0,0.0,0.0,1.2,-0.51,0.0
2025-11-20,PANC_003,Manjari Khurd,0.0,33.2,42.8,552.0,-28.5,1.8,85,0.0,0.0,0.0,0.0,0.0,-0.71,0.0
2025-11-20,PANC_004,Phursungi,0.0,33.2,42.8,575.0,-5.5,3.5,180,1.0,0.0,0.0,0.0,1.2,-0.14,0.0
2025-11-20,PANC_005,Loni Kalbhor,0.0,33.2,42.8,548.0,-32.5,1.5,95,0.0,0.0,0.0,0.0,0.4,-0.81,0.0
2025-11-20,PANC_006,Uruli Kanchan,0.0,33.2,42.8,540.0,-40.5,1.2,45,0.0,0.0,0.0,0.0,0.0,-1.01,0.0
2025-11-20,PANC_007,Khed Shivapur,0.0,33.2,42.8,645.0,64.5,8.5,245,1.0,0.0,0.0,0.0,1.6,1.61,0.0
2025-11-20,PANC_008,Kondhwa Budruk,0.0,33.2,42.8,610.0,29.5,6.1,225,1.0,0.0,0.0,0.0,0.0,0.74,0.0
2025-11-20,PANC_009,Dhayari,0.0,33.2,42.8,620.0,39.5,7.0,260,1.0,0.0,0.0,0.0,1.0,0.99,0.0
2025-11-20,PANC_010,Nanded Gramin,0.0,33.2,42.8,565.0,-15.5,2.8,10,0.0,0.0,0.0,0.0,0.1,-0.39,0.0
2025-11-20,PANC_101,Sampatchak Gramin,0.0,33.2,42.8,53.0,1.2,0.8,10,0.0,0.0,0.0,0.0,0.3,0.03,0.0
2025-11-20,PANC_102,Bairiya,0.0,33.2,42.8,51.5,-0.3,0.5,90,0.0,0.0,0.0,0.0,0.7,-0.01,0.0
2025-11-20,PANC_103,Kanhauli,0.0,33.2,42.8,54.2,2.4,1.1,180,1.0,0.0,0.0,0.0,0.7,0.06,0.0
2025-11-20,PANC_104,Chipura,0.0,33.2,42.8,50.8,-1.0,0.4,45,0.0,0.0,0.0,0.0,0.0,-0.03,0.0
2025-11-20,PANC_105,Sonagopalpur,0.0,33.2,42.8,52.0,0.2,0.6,85,0.0,0.0,0.0,0.0,0.4,0.01,0.0
2025-11-20,PANC_106,Tarangpur,0.0,33.2,42.8,49.5,-2.3,0.3,5,0.0,0.0,0.0,0.0,0.4,-0.06,0.0
2025-11-21,PANC_001,Wagholi,0.0,34.3,61.7,590.0,9.5,4.2,90,0.0,0.0,0.0,0.0,0.0,0.24,0.0
2025-11-21,PANC_002,Hadapsar Rural,0.0,34.3,61.7,560.0,-20.5,2.1,0,0.0,0.0,0.0,0.0,0.0,-0.51,0.0
2025-11-21,PANC_003,Manjari Khurd,0.0,34.3,61.7,552.0,-28.5,1.8,85,0.0,0.0,0.0,0.0,0.0,-0.71,0.0
2025-11-21,PANC_004,Phursungi,0.0,34.3,61.7,575.0,-5.5,3.5,180,1.0,0.0,0.0,0.0,0.8,-0.14,0.0
2025-11-21,PANC_005,Loni Kalbhor,0.0,34.3,61.7,548.0,-32.5,1.5,95,0.0,0.0,0.0,0.0,0.0,-0.81,0.0
2025-11-21,PANC_006,Uruli Kanchan,0.0,34.3,61.7,540.0,-40.5,1.2,45,0.0,0.0,0.0,0.0,0.4,-1.01,0.0
2025-11-21,PANC_007,Khed Shivapur,0.0,34.3,61.7,645.0,64.5,8.5,245,1.0,0.0,0.0,0.0,0.0,1.61,0.0
2025-11-21,PANC_008,Kondhwa Budruk,0.0,34.3,61.7,610.0,29.5,6.1,225,1.0,0.0,0.0,0.0,0.0,0.74,0.0
2025-11-21,PANC_009,Dhayari,0.0,34.3,61.7,620.0,39.5,7.0,260,1.0,0.0,0.0,0.0,0.2,0.99,0.0
2025-11-21,PANC_010,Nanded Gramin,0.0,34.3,61.7,565.0,-15.5,2.8,10,0.0,0.0,0.0,0.0,0.0,-0.39,0.0
2025-11-21,PANC_101,Sampatchak Gramin,0.0,34.3,61.7,53.0,1.2,0.8,10,0.0,0.0,0.0,0.0,0.0,0.03,0.0
2025-11-21,PANC_102,Bairiya,0.0,34.3,61.7,51.5,-0.3,0.5,90,0.0,0.0,0.0,0.0,0.0,-0.01,0.0
2025-11-21,PANC_103,Kanhauli,0.0,34.3,61.7,54.2,2.4,1.1,180,1.0,0.0,0.0,0.0,0.4,0.06,0.0
2025-11-21,PANC_104,Chipura,0.0,34.3,61.7,50.8,-1.0,0.4,45,0.0,0.0,0.0,0.0,0.0,-0.03,0.0
2025-11-21,PANC_105,Sonagopalpur,0.0,34.3,61.7,52.0,0.2,0.6,85,0.0,0.0,0.0,0.0,0.0,0.01,0.0
2025-11-21,PANC_106,Tarangpur,0.0,34.3,61.7,49.5,-2.3,0.3,5,0.0,0.0,0.0,0.0,0.2,-0.06,0.0
2025-11-22,PANC_001,Wagholi,0.0,33.5,49.4,590.0,9.5,4.2,90,0.0,0.0,0.0,0.0,0.0,0.24,0.0
2025-11-22,PANC_002,Hadapsar Rural,0.0,33.5,49.4,560.0,-20.5,2.1,0,0.0,0.0,0.0,0.0,0.0,-0.51,0.0
2025-11-22,PANC_003,Manjari Khurd,0.0,33.5,49.4,552.0,-28.5,1.8,85,0.0,0.0,0.0,0.0,0.0,-0.71,0.0
2025-11-22,PANC_004,Phursungi,0.0,33.5,49.4,575.0,-5.5,3.5,180,1.0,0.0,0.0,0.0,0.5,-0.14,0.0
2025-11-22,PANC_005,Loni Kalbhor,0.0,33.5,49.4,548.0,-32.5,1.5,95,0.0,0.0,0.0,0.0,0.8,-0.81,0.0
2025-11-22,PANC_006,Uruli Kanchan,0.0,33.5,49.4,540.0,-40.5,1.2,45,0.0,0.0,0.0,0.0,0.0,-1.01,0.0
2025-11-22,PANC_007,Khed Shivapur,0.0,33.5,49.4,645.0,64.5,8.5,245,1.0,0.0,0.0,0.0,0.0,1.61,0.0
2025-11-22,PANC_008,Kondhwa Budruk,0.0,33.5,49.4,610.0,29.5,6.1,225,1.0,0.0,0.0,0.0,1.0,0.74,0.0
2025-11-22,PANC_009,Dhayari,0.0,33.5,49.4,620.0,39.5,7.0,260,1.0,0.0,0.0,0.0,0.0,0.99,0.0
2025-11-22,PANC_010,Nanded Gramin,0.0,33.5,49.4,565.0,-15.5,2.8,10,0.0,0.0,0.0,0.0,1.4,-0.39,0.0
2025-11-22,PANC_101,Sampatchak Gramin,0.0,33.5,49.4,53.0,1.2,0.8,10,0.0,1.87,2.64,2.3,0.0,0.03,0.0
2025-11-22,PANC_102,Bairiya,0.0,33.5,49.4,51.5,-0.3,0.5,90,0.0,0.0,0.0,0.0,0.2,-0.01,0.0
2025-11-22,PANC_103,Kanhauli,0.0,33.5,49.4,54.2,2.4,1.1,180,1.0,0.0,0.0,0.0,5.7,0.06,5.6
2025-11-22,PANC_104,Chipura,0.0,33.5,49.4,50.8,-1.0,0.4,45,0.0,0.0,0.0,0.0,0.0,-0.03,0.0
2025-11-22,PANC_105,Sonagopalpur,0.0,33.5,49.4,52.0,0.2,0.6,85,0.0,1.87,2.64,2.5,0.0,0.01,0.0
2025-11-22,PANC_106,Tarangpur,0.0,33.5,49.4,49.5,-2.3,0.3,5,0.0,1.87,2.64,1.5,0.2,-0.06,0.0
2025-11-23,PANC_001,Wagholi,0.0,31.9,60.0,590.0,9.5,4.2,90,0.0,0.0,0.0,0.0,0.8,0.24,0.0
2025-11-23,PANC_002,Hadapsar Rural,0.0,31.9,60.0,560.0,-20.5,2.1,0,0.0,0.0,0.0,0.0,0.0,-0.51,0.0
2025-11-23,PANC_003,Manjari Khurd,0.0,31.9,60.0,552.0,-28.5,1.8,85,0.0,0.0,0.0,0.0,0.1,-0.71,0.0
2025-11-23,PANC_004,Phursungi,0.0,31.9,60.0,575.0,-5.5,3.5,180,1.0,0.0,0.0,0.0,0.4,-0.14,0.0
2025-11-23,PANC_005,Loni Kalbhor,0.0,31.9,60.0,548.0,-32.5,1.5,95,0.0,0.0,0.0,0.0,0.0,-0.81,0.0
2025-11-23,PANC_006,Uruli Kanchan,0.0,31.9,60.0,540.0,-40.5,1.2,45,0.0,0.0,0.0,0.0,0.0,-1.01,0.0
2025-11-23,PANC_007,Khed Shivapur,0.0,31.9,60.0,645.0,64.5,8.5,245,1.0,0.0,0.0,0.0,0.8,1.61,0.0
2025-11-23,PANC_008,Kondhwa Budruk,0.0,31.9,60.0,610.0,29.5,6.1,225,1.0,0.0,0.0,0.0,0.0,0.74,0.0
2025-11-23,PANC_009,Dhayari,0.0,31.9,60.0,620.0,39.5,7.0,260,1.0,0.0,0.0,0.0,0.0,0.99,0.0
2025-11-23,PANC_010,Nanded Gramin,0.0,31.9,60.0,565.0,-15.5,2.8,10,0.0,0.0,0.0,0.0,0.0,-0.39,0.0
2025-11-23,PANC_101,Sampatchak Gramin,0.0,31.9,60.0,53.0,1.2,0.8,10,0.0,0.0,0.0,0.0,1.0,0.03,0.0
2025-11-23,PANC_102,Bairiya,0.0,31.9,60.0,51.5,-0.3,0.5,90,0.0,0.0,0.0,0.0,0.5,-0.01,0.0
2025-11-23,PANC_103,Kanhauli,0.0,31.9,60.0,54.2,2.4,1.1,180,1.0,0.0,0.0,0.0,0.1,0.06,0.0
2025-11-23,PANC_104,Chipura,0.0,31.9,60.0,50.8,-1.0,0.4,45,0.0,0.0,0.0,0.0,0.0,-0.03,0.0
2025-11-23,PANC_105,Sonagopalpur,0.0,31.9,60.0,52.0,0.2,0.6,85,0.0,0.0,0.0,0.0,0.0,0.01,0.0
2025-11-23,PANC_106,Tarangpur,0.0,31.9,60.0,49.5,-2.3,0.3,5,0.0,0.0,0.0,0.0,0.0,-0.06,0.0
2025-11-24,PANC_001,Wagholi,0.0,26.9,51.9,590.0,9.5,4.2,90,0.0,0.0,0.0,0.0,0.0,0.24,0.0
2025-11-24,PANC_002,Hadapsar Rural,0.0,26.9,51.9,560.0,-20.5,2.1,0,0.0,0.0,0.0,0.0,0.0,-0.51,0.0
2025-11-24,PANC_003,Manjari Khurd,0.0,26.9,51.9,552.0,-28.5,1.8,85,0.0,0.0,0.0,0.0,0.9,-0.71,0.0
2025-11-24,PANC_004,Phursungi,0.0,26.9,51.9,575.0,-5.5,3.5,180,1.0,0.0,0.0,0.0,0.0,-0.14,0.0
2025-11-24,PANC_005,Loni Kalbhor,0.0,26.9,51.9,548.0,-32.5,1.5,95,0.0,0.0,0.0,0.0,0.0,-0.81,0.0
2025-11-24,PANC_006,Uruli Kanchan,0.0,26.9,51.9,540.0,-40.5,1.2,45,0.0,0.0,0.0,0.0,0.0,-1.01,0.0
2025-11-24,PANC_007,Khed Shivapur,0.0,26.9,51.9,645.0,64.5,8.5,245,1.0,0.0,0.0,0.0,0.0,1.61,0.0
2025-11-24,PANC_008,Kondhwa Budruk,0.0,26.9,51.9,610.0,29.5,6.1,225,1.0,0.0,0.0,0.0,1.2,0.74,0.0
2025-11-24,PANC_009,Dhayari,0.0,26.9,51.9,620.0,39.5,7.0,260,1.0,0.0,0.0,0.0,0.0,0.99,0.0
2025-11-24,PANC_010,Nanded Gramin,0.0,26.9,51.9,565.0,-15.5,2.8,10,0.0,0.0,0.0,0.0,0.0,-0.39,0.0
2025-11-24,PANC_101,Sampatchak Gramin,0.0,26.9,51.9,53.0,1.2,0.8,10,0.0,0.0,0.0,0.0,0.0,0.03,0.0
2025-11-24,PANC_102,Bairiya,0.0,26.9,51.9,51.5,-0.3,0.5,90,0.0,0.0,0.0,0.0,0.0,-0.01,0.0
2025-11-24,PANC_103,Kanhauli,0.0,26.9,51.9,54.2,2.4,1.1,180,1.0,0.0,0.0,0.0,0.0,0.06,0.0
2025-11-24,PANC_104,Chipura,0.0,26.9,51.9,50.8,-1.0,0.4,45,0.0,0.0,0.0,0.0,0.0,-0.03,0.0
2025-11-24,PANC_105,Sonagopalpur,0.0,26.9,51.9,52.0,0.2,0.6,85,0.0,0.0,0.0,0.0,1.0,0.01,0.0
2025-11-24,PANC_106,Tarangpur,0.0,26.9,51.9,49.5,-2.3,0.3,5,0.0,0.0,0.0,0.0,0.5,-0.06,0.0
2025-11-25,PANC_001,Wagholi,0.0,28.6,54.7,590.0,9.5,4.2,90,0.0,0.0,0.0,0.0,0.1,0.24,0.0
2025-11-25,PANC_002,Hadapsar Rural,0.0,28.6,54.7,560.0,-20.5,2.1,0,0.0,0.0,0.0,0.0,1.2,-0.51,0.0
2025-11-25,PANC_003,Manjari Khurd,0.0,28.6,54.7,552.0,-28.5,1.8,85,0.0,0.0,0.0,0.0,0.0,-0.71,0.0
2025-11-25,PANC_004,Phursungi,0.0,28.6,54.7,575.0,-5.5,3.5,180,1.0,0.0,0.0,0.0,0.3,-0.14,0.0
2025-11-25,PANC_005,Loni Kalbhor,0.0,28.6,54.7,548.0,-32.5,1.5,95,0.0,0.0,0.0,0.0,0.0,-0.81,0.0
2025-11-25,PANC_006,Uruli Kanchan,0.0,28.6,54.7,540.0,-40.5,1.2,45,0.0,0.0,0.0,0.0,0.0,-1.01,0.0
2025-11-25,PANC_007,Khed Shivapur,0.0,28.6,54.7,645.0,64.5,8.5,245,1.0,0.0,0.0,0.0,0.0,1.61,0.0
2025-11-25,PANC_008,Kondhwa Budruk,0.0,28.6,54.7,610.0,29.5,6.1,225,1.0,0.0,0.0,0.0,0.0,0.74,0.0
2025-11-25,PANC_009,Dhayari,0.0,28.6,54.7,620.0,39.5,7.0,260,1.0,0.0,0.0,0.0,2.2,0.99,0.0
2025-11-25,PANC_010,Nanded Gramin,0.0,28.6,54.7,565.0,-15.5,2.8,10,0.0,0.0,0.0,0.0,0.7,-0.39,0.0
2025-11-25,PANC_101,Sampatchak Gramin,0.0,28.6,54.7,53.0,1.2,0.8,10,0.0,0.0,0.0,0.0,0.9,0.03,0.0
2025-11-25,PANC_102,Bairiya,0.0,28.6,54.7,51.5,-0.3,0.5,90,0.0,0.0,0.0,0.0,0.4,-0.01,0.0
2025-11-25,PANC_103,Kanhauli,0.0,28.6,54.7,54.2,2.4,1.1,180,1.0,0.0,0.0,0.0,0.0,0.06,0.0
2025-11-25,PANC_104,Chipura,0.0,28.6,54.7,50.8,-1.0,0.4,45,0.0,0.0,0.0,0.0,0.3,-0.03,0.0
2025-11-25,PANC_105,Sonagopalpur,0.0,28.6,54.7,52.0,0.2,0.6,85,0.0,0.0,0.0,0.0,0.9,0.01,0.0
2025-11-25,PANC_106,Tarangpur,0.0,28.6,54.7,49.5,-2.3,0.3,5,0.0,0.0,0.0,0.0,0.0,-0.06,0.0
2025-11-26,PANC_001,Wagholi,33.2,30.1,69.8,590.0,9.5,4.2,90,0.0,-1.23,0.61,32.3,24.3,0.24,32.8
2025-11-26,PANC_002,Hadapsar Rural,33.2,30.1,69.8,560.0,-20.5,2.1,0,0.0,0.2,0.85,33.6,23.9,-0.51,32.0
2025-11-26,PANC_003,Manjari Khurd,33.2,30.1,69.8,552.0,-28.5,1.8,85,0.0,-0.07,1.09,33.0,24.9,-0.71,32.7
2025-11-26,PANC_004,Phursungi,33.2,30.1,69.8,575.0,-5.5,3.5,180,1.0,-1.23,0.61,32.0,26.8,-0.14,34.6
2025-11-26,PANC_005,Loni Kalbhor,33.2,30.1,69.8,548.0,-32.5,1.5,95,0.0,-0.1,1.1,33.3,23.1,-0.81,31.2
2025-11-26,PANC_006,Uruli Kanchan,33.2,30.1,69.8,540.0,-40.5,1.2,45,0.0,-0.37,1.39,32.3,24.4,-1.01,30.9
2025-11-26,PANC_007,Khed Shivapur,33.2,30.1,69.8,645.0,64.5,8.5,245,1.0,0.27,0.49,33.4,23.5,1.61,33.6
2025-11-26,PANC_008,Kondhwa Budruk,33.2,30.1,69.8,610.0,29.5,6.1,225,1.0,0.13,1.06,33.3,25.3,0.74,32.9
2025-11-26,PANC_009,Dhayari,33.2,30.1,69.8,620.0,39.5,7.0,260,1.0,0.33,0.49,34.0,24.4,0.99,33.4
2025-11-26,PANC_010,Nanded Gramin,33.2,30.1,69.8,565.0,-15.5,2.8,10,0.0,0.1,0.29,33.4,26.7,-0.39,34.1
2025-11-26,PANC_101,Sampatchak Gramin,33.2,30.1,69.8,53.0,1.2,0.8,10,0.0,-0.3,1.73,33.1,24.6,0.03,32.7
2025-11-26,PANC_102,Bairiya,33.2,30.1,69.8,51.5,-0.3,0.5,90,0.0,-0.13,0.9,32.8,22.9,-0.01,31.3
2025-11-26,PANC_103,Kanhauli,33.2,30.1,69.8,54.2,2.4,1.1,180,1.0,-0.17,0.93,32.7,27.0,0.06,35.3
2025-11-26,PANC_104,Chipura,33.2,30.1,69.8,50.8,-1.0,0.4,45,0.0,-1.17,0.57,32.0,24.9,-0.03,32.2
2025-11-26,PANC_105,Sonagopalpur,33.2,30.1,69.8,52.0,0.2,0.6,85,0.0,0.2,1.36,33.7,24.6,0.01,32.1
2025-11-26,PANC_106,Tarangpur,33.2,30.1,69.8,49.5,-2.3,0.3,5,0.0,-0.1,1.66,32.9,24.9,-0.06,34.3
2025-11-27,PANC_001,Wagholi,13.4,35.2,38.9,590.0,9.5,4.2,90,0.0,-0.6,0.28,12.6,10.2,0.24,13.8
2025-11-27,PANC_002,Hadapsar Rural,13.4,35.2,38.9,560.0,-20.5,2.1,0,0.0,-0.83,0.12,12.5,9.6,-0.51,13.0
2025-11-27,PANC_003,Manjari Khurd,13.4,35.2,38.9,552.0,-28.5,1.8,85,0.0,-0.27,0.5,13.1,9.6,-0.71,12.4
2025-11-27,PANC_004,Phursungi,13.4,35.2,38.9,575.0,-5.5,3.5,180,1.0,-0.6,0.28,12.8,9.0,-0.14,12.6
2025-11-27,PANC_005,Loni Kalbhor,13.4,35.2,38.9,548.0,-32.5,1.5,95,0.0,-0.73,0.25,12.6,10.9,-0.81,13.0
2025-11-27,PANC_006,Uruli Kanchan,13.4,35.2,38.9,540.0,-40.5,1.2,45,0.0,-0.73,0.25,12.8,7.1,-1.01,9.6
2025-11-27,PANC_007,Khed Shivapur,13.4,35.2,38.9,645.0,64.5,8.5,245,1.0,-0.3,0.71,13.2,10.2,1.61,13.0
2025-11-27,PANC_008,Kondhwa Budruk,13.4,35.2,38.9,610.0,29.5,6.1,225,1.0,-0.17,0.63,13.2,10.7,0.74,12.7
2025-11-27,PANC_009,Dhayari,13.4,35.2,38.9,620.0,39.5,7.0,260,1.0,-0.67,0.21,12.5,11.4,0.99,14.1
2025-11-27,PANC_010,Nanded Gramin,13.4,35.2,38.9,565.0,-15.5,2.8,10,0.0,-0.13,0.6,14.0,8.2,-0.39,12.5
2025-11-27,PANC_101,Sampatchak Gramin,13.4,35.2,38.9,53.0,1.2,0.8,10,0.0,0.67,0.85,14.3,10.3,0.03,13.2
2025-11-27,PANC_102,Bairiya,13.4,35.2,38.9,51.5,-0.3,0.5,90,0.0,0.4,0.45,13.7,11.9,-0.01,14.9
2025-11-27,PANC_103,Kanhauli,13.4,35.2,38.9,54.2,2.4,1.1,180,1.0,-0.07,0.42,13.2,11.5,0.06,14.4
2025-11-27,PANC_104,Chipura,13.4,35.2,38.9,50.8,-1.0,0.4,45,0.0,0.27,0.88,13.8,9.8,-0.03,14.3
2025-11-27,PANC_105,Sonagopalpur,13.4,35.2,38.9,52.0,0.2,0.6,85,0.0,0.57,0.54,14.0,9.1,0.01,12.9
2025-11-27,PANC_106,Tarangpur,13.4,35.2,38.9,49.5,-2.3,0.3,5,0.0,0.77,0.71,14.1,11.2,-0.06,13.9
2025-11-28,PANC_001,Wagholi,17.1,34.6,67.6,590.0,9.5,4.2,90,0.0,-1.1,0.29,16.1,12.8,0.24,17.1
2025-11-28,PANC_002,Hadapsar Rural,17.1,34.6,67.6,560.0,-20.5,2.1,0,0.0,0.23,0.98,17.1,13.5,-0.51,16.3
2025-11-28,PANC_003,Manjari Khurd,17.1,34.6,67.6,552.0,-28.5,1.8,85,0.0,-0.17,0.46,16.9,10.9,-0.71,16.1
2025-11-28,PANC_004,Phursungi,17.1,34.6,67.6,575.0,-5.5,3.5,180,1.0,-1.1,0.29,16.1,12.0,-0.14,17.4
2025-11-28,PANC_005,Loni Kalbhor,17.1,34.6,67.6,548.0,-32.5,1.5,95,0.0,-0.5,0.57,16.6,10.4,-0.81,15.6
2025-11-28,PANC_006,Uruli Kanchan,17.1,34.6,67.6,540.0,-40.5,1.2,45,0.0,-0.73,0.76,16.1,12.8,-1.01,16.7
2025-11-28,PANC_007,Khed Shivapur,17.1,34.6,67.6,645.0,64.5,8.5,245,1.0,0.5,0.94,17.7,13.5,1.61,17.8
2025-11-28,PANC_008,Kondhwa Budruk,17.1,34.6,67.6,610.0,29.5,6.1,225,1.0,0.13,0.7,17.2,15.1,0.74,18.5
2025-11-28,PANC_009,Dhayari,17.1,34.6,67.6,620.0,39.5,7.0,260,1.0,0.43,0.92,16.5,13.7,0.99,18.0
2025-11-28,PANC_010,Nanded Gramin,17.1,34.6,67.6,565.0,-15.5,2.8,10,0.0,1.0,0.29,18.0,11.9,-0.39,16.3
2025-11-28,PANC_101,Sampatchak Gramin,17.1,34.6,67.6,53.0,1.2,0.8,10,0.0,-0.03,1.08,16.8,13.7,0.03,18.3
2025-11-28,PANC_102,Bairiya,17.1,34.6,67.6,51.5,-0.3,0.5,90,0.0,0.4,0.59,17.7,12.7,-0.01,16.8
2025-11-28,PANC_103,Kanhauli,17.1,34.6,67.6,54.2,2.4,1.1,180,1.0,0.93,0.52,18.2,10.6,0.06,15.9
2025-11-28,PANC_104,Chipura,17.1,34.6,67.6,50.8,-1.0,0.4,45,0.0,0.77,0.76,17.7,14.8,-0.03,16.9
2025-11-28,PANC_105,Sonagopalpur,17.1,34.6,67.6,52.0,0.2,0.6,85,0.0,-0.07,0.98,16.9,14.3,0.01,18.5
2025-11-28,PANC_106,Tarangpur,17.1,34.6,67.6,49.5,-2.3,0.3,5,0.0,-0.1,0.99,17.2,13.1,-0.06,17.3
2025-11-29,PANC_001,Wagholi,0.0,34.8,52.2,590.0,9.5,4.2,90,0.0,0.0,0.0,0.0,0.4,0.24,0.0
2025-11-29,PANC_002,Hadapsar Rural,0.0,34.8,52.2,560.0,-20.5,2.1,0,0.0,0.0,0.0,0.0,0.3,-0.51,0.0
2025-11-29,PANC_003,Manjari Khurd,0.0,34.8,52.2,552.0,-28.5,1.8,85,0.0,0.0,0.0,0.0,0.2,-0.71,0.0
2025-11-29,PANC_004,Phursungi,0.0,34.8,52.2,575.0,-5.5,3.5,180,1.0,0.0,0.0,0.0,0.0,-0.14,0.0
2025-11-29,PANC_005,Loni Kalbhor,0.0,34.8,52.2,548.0,-32.5,1.5,95,0.0,0.0,0.0,0.0,0.3,-0.81,0.0
2025-11-29,PANC_006,Uruli Kanchan,0.0,34.8,52.2,540.0,-40.5,1.2,45,0.0,0.0,0.0,0.0,0.9,-1.01,0.0
2025-11-29,PANC_007,Khed Shivapur,0.0,34.8,52.2,645.0,64.5,8.5,245,1.0,0.0,0.0,0.0,0.0,1.61,0.0
2025-11-29,PANC_008,Kondhwa Budruk,0.0,34.8,52.2,610.0,29.5,6.1,225,1.0,0.0,0.0,0.0,1.0,0.74,0.0
2025-11-29,PANC_009,Dhayari,0.0,34.8,52.2,620.0,39.5,7.0,260,1.0,0.0,0.0,0.0,0.0,0.99,0.0
2025-11-29,PANC_010,Nanded Gramin,0.0,34.8,52.2,565.0,-15.5,2.8,10,0.0,0.0,0.0,0.0,1.8,-0.39,0.0
2025-11-29,PANC_101,Sampatchak Gramin,0.0,34.8,52.2,53.0,1.2,0.8,10,0.0,0.0,0.0,0.0,0.0,0.03,0.0
2025-11-29,PANC_102,Bairiya,0.0,34.8,52.2,51.5,-0.3,0.5,90,0.0,0.0,0.0,0.0,0.9,-0.01,0.0
2025-11-29,PANC_103,Kanhauli,0.0,34.8,52.2,54.2,2.4,1.1,180,1.0,0.0,0.0,0.0,0.2,0.06,0.0
2025-11-29,PANC_104,Chipura,0.0,34.8,52.2,50.8,-1.0,0.4,45,0.0,0.0,0.0,0.0,0.0,-0.03,0.0
2025-11-29,PANC_105,Sonagopalpur,0.0,34.8,52.2,52.0,0.2,0.6,85,0.0,0.0,0.0,0.0,0.0,0.01,0.0
2025-11-29,PANC_106,Tarangpur,0.0,34.8,52.2,49.5,-2.3,0.3,5,0.0,0.0,0.0,0.0,0.0,-0.06,0.0
2025-11-30,PANC_001,Wagholi,0.0,35.1,55.6,590.0,9.5,4.2,90,0.0,0.0,0.0,0.0,0.4,0.24,0.0
2025-11-30,PANC_002,Hadapsar Rural,0.0,35.1,55.6,560.0,-20.5,2.1,0,0.0,0.0,0.0,0.0,0.0,-0.51,0.0
2025-11-30,PANC_003,Manjari Khurd,0.0,35.1,55.6,552.0,-28.5,1.8,85,0.0,0.0,0.0,0.0,0.0,-0.71,0.0
2025-11-30,PANC_004,Phursungi,0.0,35.1,55.6,575.0,-5.5,3.5,180,1.0,0.0,0.0,0.0,0.7,-0.14,0.0
2025-11-30,PANC_005,Loni Kalbhor,0.0,35.1,55.6,548.0,-32.5,1.5,95,0.0,0.0,0.0,0.0,0.1,-0.81,0.0
2025-11-30,PANC_006,Uruli Kanchan,0.0,35.1,55.6,540.0,-40.5,1.2,45,0.0,0.0,0.0,0.0,0.9,-1.01,0.0
2025-11-30,PANC_007,Khed Shivapur,0.0,35.1,55.6,645.0,64.5,8.5,245,1.0,0.0,0.0,0.0,0.0,1.61,0.0
2025-11-30,PANC_008,Kondhwa Budruk,0.0,35.1,55.6,610.0,29.5,6.1,225,1.0,0.0,0.0,0.0,0.0,0.74,0.0
2025-11-30,PANC_009,Dhayari,0.0,35.1,55.6,620.0,39.5,7.0,260,1.0,0.0,0.0,0.0,1.8,0.99,0.0
2025-11-30,PANC_010,Nanded Gramin,0.0,35.1,55.6,565.0,-15.5,2.8,10,0.0,0.0,0.0,0.0,0.0,-0.39,0.0
2025-11-30,PANC_101,Sampatchak Gramin,0.0,35.1,55.6,53.0,1.2,0.8,10,0.0,0.0,0.0,0.0,0.0,0.03,0.0
2025-11-30,PANC_102,Bairiya,0.0,35.1,55.6,51.5,-0.3,0.5,90,0.0,0.0,0.0,0.0,0.2,-0.01,0.0
2025-11-30,PANC_103,Kanhauli,0.0,35.1,55.6,54.2,2.4,1.1,180,1.0,0.0,0.0,0.0,0.8,0.06,0.0
2025-11-30,PANC_104,Chipura,0.0,35.1,55.6,50.8,-1.0,0.4,45,0.0,0.0,0.0,0.0,0.5,-0.03,0.0
2025-11-30,PANC_105,Sonagopalpur,0.0,35.1,55.6,52.0,0.2,0.6,85,0.0,0.0,0.0,0.0,1.8,0.01,0.0
2025-11-30,PANC_106,Tarangpur,0.0,35.1,55.6,49.5,-2.3,0.3,5,0.0,0.0,0.0,0.0,0.0,-0.06,0.0
2025-12-01,PANC_001,Wagholi,0.0,30.4,49.8,590.0,9.5,4.2,90,0.0,0.0,0.0,0.0,0.0,0.24,0.0
2025-12-01,PANC_002,Hadapsar Rural,0.0,30.4,49.8,560.0,-20.5,2.1,0,0.0,0.0,0.0,0.0,0.0,-0.51,0.0
2025-12-01,PANC_003,Manjari Khurd,0.0,30.4,49.8,552.0,-28.5,1.8,85,0.0,0.0,0.0,0.0,0.0,-0.71,0.0
2025-12-01,PANC_004,Phursungi,0.0,30.4,49.8,575.0,-5.5,3.5,180,1.0,0.0,0.0,0.0,1.0,-0.14,0.0
2025-12-01,PANC_005,Loni Kalbhor,0.0,30.4,49.8,548.0,-32.5,1.5,95,0.0,0.0,0.0,0.0,0.0,-0.81,0.0
2025-12-01,PANC_006,Uruli Kanchan,0.0,30.4,49.8,540.0,-40.5,1.2,45,0.0,0.0,0.0,0.0,0.1,-1.01,0.0
2025-12-01,PANC_007,Khed Shivapur,0.0,30.4,49.8,645.0,64.5,8.5,245,1.0,0.0,0.0,0.0,0.4,1.61,0.0
2025-12-01,PANC_008,Kondhwa Budruk,0.0,30.4,49.8,610.0,29.5,6.1,225,1.0,0.0,0.0,0.0,0.9,0.74,0.0
2025-12-01,PANC_009,Dhayari,0.0,30.4,49.8,620.0,39.5,7.0,260,1.0,0.0,0.0,0.0,0.0,0.99,0.0
2025-12-01,PANC_010,Nanded Gramin,0.0,30.4,49.8,565.0,-15.5,2.8,10,0.0,0.0,0.0,0.0,0.5,-0.39,0.0
2025-12-01,PANC_101,Sampatchak Gramin,0.0,30.4,49.8,53.0,1.2,0.8,10,0.0,0.0,0.0,0.0,0.0,0.03,0.0
2025-12-01,PANC_102,Bairiya,0.0,30.4,49.8,51.5,-0.3,0.5,90,0.0,0.0,0.0,0.0,0.1,-0.01,0.0
2025-12-01,PANC_103,Kanhauli,0.0,30.4,49.8,54.2,2.4,1.1,180,1.0,0.0,0.0,0.0,0.8,0.06,0.0
2025-12-01,PANC_104,Chipura,0.0,30.4,49.8,50.8,-1.0,0.4,45,0.0,0.0,0.0,0.0,0.0,-0.03,0.0
2025-12-01,PANC_105,Sonagopalpur,0.0,30.4,49.8,52.0,0.2,0.6,85,0.0,0.0,0.0,0.0,0.0,0.01,0.0
2025-12-01,PANC_106,Tarangpur,0.0,30.4,49.8,49.5,-2.3,0.3,5,0.0,0.0,0.0,0.0,0.0,-0.06,0.0
2025-12-02,PANC_001,Wagholi,0.0,31.4,53.5,590.0,9.5,4.2,90,0.0,0.0,0.0,0.0,1.0,0.24,0.0
2025-12-02,PANC_002,Hadapsar Rural,0.0,31.4,53.5,560.0,-20.5,2.1,0,0.0,0.0,0.0,0.0,0.4,-0.51,0.0
2025-12-02,PANC_003,Manjari Khurd,0.0,31.4,53.5,552.0,-28.5,1.8,85,0.0,0.0,0.0,0.0,0.0,-0.71,0.0
2025-12-02,PANC_004,Phursungi,0.0,31.4,53.5,575.0,-5.5,3.5,180,1.0,0.0,0.0,0.0,0.0,-0.14,0.0
2025-12-02,PANC_005,Loni Kalbhor,0.0,31.4,53.5,548.0,-32.5,1.5,95,0.0,0.0,0.0,0.0,0.0,-0.81,0.0
2025-12-02,PANC_006,Uruli Kanchan,0.0,31.4,53.5,540.0,-40.5,1.2,45,0.0,0.0,0.0,0.0,1.2,-1.01,0.0
2025-12-02,PANC_007,Khed Shivapur,0.0,31.4,53.5,645.0,64.5,8.5,245,1.0,0.0,0.0,0.0,0.3,1.61,0.0
2025-12-02,PANC_008,Kondhwa Budruk,0.0,31.4,53.5,610.0,29.5,6.1,225,1.0,0.0,0.0,0.0,0.0,0.74,0.0
2025-12-02,PANC_009,Dhayari,0.0,31.4,53.5,620.0,39.5,7.0,260,1.0,0.0,0.0,0.0,0.5,0.99,0.0
2025-12-02,PANC_010,Nanded Gramin,0.0,31.4,53.5,565.0,-15.5,2.8,10,0.0,0.0,0.0,0.0,0.7,-0.39,0.0
2025-12-02,PANC_101,Sampatchak Gramin,0.0,31.4,53.5,53.0,1.2,0.8,10,0.0,3.8,2.35,3.2,0.0,0.03,0.0
2025-12-02,PANC_102,Bairiya,0.0,31.4,53.5,51.5,-0.3,0.5,90,0.0,0.0,0.0,0.0,3.0,-0.01,3.3
2025-12-02,PANC_103,Kanhauli,0.0,31.4,53.5,54.2,2.4,1.1,180,1.0,2.3,3.25,2.5,0.0,0.06,1.2
2025-12-02,PANC_104,Chipura,0.0,31.4,53.5,50.8,-1.0,0.4,45,0.0,3.4,2.82,3.2,0.0,-0.03,0.0
2025-12-02,PANC_105,Sonagopalpur,0.0,31.4,53.5,52.0,0.2,0.6,85,0.0,0.4,0.57,0.5,4.2,0.01,6.9
2025-12-02,PANC_106,Tarangpur,0.0,31.4,53.5,49.5,-2.3,0.3,5,0.0,1.5,1.36,1.4,0.1,-0.06,0.0
2025-12-03,PANC_001,Wagholi,0.0,37.6,43.4,590.0,9.5,4.2,90,0.0,0.0,0.0,0.0,0.5,0.24,0.0
2025-12-03,PANC_002,Hadapsar Rural,0.0,37.6,43.4,560.0,-20.5,2.1,0,0.0,0.0,0.0,0.0,0.1,-0.51,0.0
2025-12-03,PANC_003,Manjari Khurd,0.0,37.6,43.4,552.0,-28.5,1.8,85,0.0,0.0,0.0,0.0,0.0,-0.71,0.0
2025-12-03,PANC_004,Phursungi,0.0,37.6,43.4,575.0,-5.5,3.5,180,1.0,0.0,0.0,0.0,1.0,-0.14,0.0
2025-12-03,PANC_005,Loni Kalbhor,0.0,37.6,43.4,548.0,-32.5,1.5,95,0.0,0.0,0.0,0.0,0.0,-0.81,0.0
2025-12-03,PANC_006,Uruli Kanchan,0.0,37.6,43.4,540.0,-40.5,1.2,45,0.0,0.0,0.0,0.0,0.0,-1.01,0.0
2025-12-03,PANC_007,Khed Shivapur,0.0,37.6,43.4,645.0,64.5,8.5,245,1.0,0.0,0.0,0.0,4.0,1.61,6.2
2025-12-03,PANC_008,Kondhwa Budruk,0.0,37.6,43.4,610.0,29.5,6.1,225,1.0,0.0,0.0,0.0,0.0,0.74,0.0
2025-12-03,PANC_009,Dhayari,0.0,37.6,43.4,620.0,39.5,7.0,260,1.0,2.07,2.92,0.3,0.1,0.99,0.0
2025-12-03,PANC_010,Nanded Gramin,0.0,37.6,43.4,565.0,-15.5,2.8,10,0.0,2.07,2.92,0.2,0.0,-0.39,0.0
2025-12-03,PANC_101,Sampatchak Gramin,0.0,37.6,43.4,53.0,1.2,0.8,10,0.0,0.0,0.0,0.0,0.0,0.03,0.0
2025-12-03,PANC_102,Bairiya,0.0,37.6,43.4,51.5,-0.3,0.5,90,0.0,0.0,0.0,0.0,0.0,-0.01,0.0
2025-12-03,PANC_103,Kanhauli,0.0,37.6,43.4,54.2,2.4,1.1,180,1.0,0.0,0.0,0.0,0.0,0.06,0.0
2025-12-03,PANC_104,Chipura,0.0,37.6,43.4,50.8,-1.0,0.4,45,0.0,0.0,0.0,0.0,0.0,-0.03,0.0
2025-12-03,PANC_105,Sonagopalpur,0.0,37.6,43.4,52.0,0.2,0.6,85,0.0,0.0,0.0,0.0,0.2,0.01,0.0
2025-12-03,PANC_106,Tarangpur,0.0,37.6,43.4,49.5,-2.3,0.3,5,0.0,0.0,0.0,0.0,0.4,-0.06,0.0
2025-12-04,PANC_001,Wagholi,0.0,32.1,64.7,590.0,9.5,4.2,90,0.0,0.0,0.0,0.0,0.8,0.24,0.0
2025-12-04,PANC_002,Hadapsar Rural,0.0,32.1,64.7,560.0,-20.5,2.1,0,0.0,0.0,0.0,0.0,0.6,-0.51,0.0
2025-12-04,PANC_003,Manjari Khurd,0.0,32.1,64.7,552.0,-28.5,1.8,85,0.0,0.0,0.0,0.0,0.0,-0.71,0.0
2025-12-04,PANC_004,Phursungi,0.0,32.1,64.7,575.0,-5.5,3.5,180,1.0,0.0,0.0,0.0,0.0,-0.14,0.0
2025-12-04,PANC_005,Loni Kalbhor,0.0,32.1,64.7,548.0,-32.5,1.5,95,0.0,0.0,0.0,0.0,0.0,-0.81,0.0
2025-12-04,PANC_006,Uruli Kanchan,0.0,32.1,64.7,540.0,-40.5,1.2,45,0.0,0.0,0.0,0.0,0.0,-1.01,0.0
2025-12-04,PANC_007,Khed Shivapur,0.0,32.1,64.7,645.0,64.5,8.5,245,1.0,0.0,0.0,0.0,0.0,1.61,0.0
2025-12-04,PANC_008,Kondhwa Budruk,0.0,32.1,64.7,610.0,29.5,6.1,225,1.0,0.0,0.0,0.0,1.0,0.74,0.0
2025-12-04,PANC_009,Dhayari,0.0,32.1,64.7,620.0,39.5,7.0,260,1.0,0.0,0.0,0.0,0.0,0.99,0.0
2025-12-04,PANC_010,Nanded Gramin,0.0,32.1,64.7,565.0,-15.5,2.8,10,0.0,0.0,0.0,0.0,0.0,-0.39,0.0
2025-12-04,PANC_101,Sampatchak Gramin,0.0,32.1,64.7,53.0,1.2,0.8,10,0.0,0.0,0.0,0.0,0.0,0.03,0.0
2025-12-04,PANC_102,Bairiya,0.0,32.1,64.7,51.5,-0.3,0.5,90,0.0,0.0,0.0,0.0,0.0,-0.01,0.0
2025-12-04,PANC_103,Kanhauli,0.0,32.1,64.7,54.2,2.4,1.1,180,1.0,0.0,0.0,0.0,0.0,0.06,0.0
2025-12-04,PANC_104,Chipura,0.0,32.1,64.7,50.8,-1.0,0.4,45,0.0,0.0,0.0,0.0,1.5,-0.03,0.0
2025-12-04,PANC_105,Sonagopalpur,0.0,32.1,64.7,52.0,0.2,0.6,85,0.0,0.0,0.0,0.0,0.0,0.01,0.0
2025-12-04,PANC_106,Tarangpur,0.0,32.1,64.7,49.5,-2.3,0.3,5,0.0,0.0,0.0,0.0,0.7,-0.06,0.0
2025-12-05,PANC_001,Wagholi,0.0,36.5,42.6,590.0,9.5,4.2,90,0.0,0.97,1.37,0.5,0.8,0.24,0.0
2025-12-05,PANC_002,Hadapsar Rural,0.0,36.5,42.6,560.0,-20.5,2.1,0,0.0,0.0,0.0,0.0,0.2,-0.51,0.0
2025-12-05,PANC_003,Manjari Khurd,0.0,36.5,42.6,552.0,-28.5,1.8,85,0.0,0.0,0.0,0.0,0.0,-0.71,0.0
2025-12-05,PANC_004,Phursungi,0.0,36.5,42.6,575.0,-5.5,3.5,180,1.0,0.97,1.37,0.7,1.4,-0.14,0.0
2025-12-05,PANC_005,Loni Kalbhor,0.0,36.5,42.6,548.0,-32.5,1.5,95,0.0,0.0,0.0,0.0,2.5,-0.81,2.9
2025-12-05,PANC_006,Uruli Kanchan,0.0,36.5,42.6,540.0,-40.5,1.2,45,0.0,0.97,1.37,1.5,0.0,-1.01,0.0
2025-12-05,PANC_007,Khed Shivapur,0.0,36.5,42.6,645.0,64.5,8.5,245,1.0,0.0,0.0,0.0,0.5,1.61,0.0
2025-12-05,PANC_008,Kondhwa Budruk,0.0,36.5,42.6,610.0,29.5,6.1,225,1.0,0.0,0.0,0.0,0.1,0.74,0.0
2025-12-05,PANC_009,Dhayari,0.0,36.5,42.6,620.0,39.5,7.0,260,1.0,0.0,0.0,0.0,0.0,0.99,0.0
2025-12-05,PANC_010,Nanded Gramin,0.0,36.5,42.6,565.0,-15.5,2.8,10,0.0,0.0,0.0,0.0,0.7,-0.39,0.0
2025-12-05,PANC_101,Sampatchak Gramin,0.0,36.5,42.6,53.0,1.2,0.8,10,0.0,0.0,0.0,0.0,0.0,0.03,0.0
2025-12-05,PANC_102,Bairiya,0.0,36.5,42.6,51.5,-0.3,0.5,90,0.0,0.0,0.0,0.0,1.1,-0.01,0.0
2025-12-05,PANC_103,Kanhauli,0.0,36.5,42.6,54.2,2.4,1.1,180,1.0,0.0,0.0,0.0,0.0,0.06,0.0
2025-12-05,PANC_104,Chipura,0.0,36.5,42.6,50.8,-1.0,0.4,45,0.0,0.0,0.0,0.0,1.2,-0.03,0.0
2025-12-05,PANC_105,Sonagopalpur,0.0,36.5,42.6,52.0,0.2,0.6,85,0.0,0.0,0.0,0.0,0.3,0.01,0.0
2025-12-05,PANC_106,Tarangpur,0.0,36.5,42.6,49.5,-2.3,0.3,5,0.0,0.0,0.0,0.0,0.8,-0.06,0.0
2025-12-06,PANC_001,Wagholi,0.0,31.5,43.3,590.0,9.5,4.2,90,0.0,0.0,0.0,0.0,0.0,0.24,0.0
2025-12-06,PANC_002,Hadapsar Rural,0.0,31.5,43.3,560.0,-20.5,2.1,0,0.0,0.1,0.14,0.1,0.1,-0.51,0.0
2025-12-06,PANC_003,Manjari Khurd,0.0,31.5,43.3,552.0,-28.5,1.8,85,0.0,0.1,0.14,0.1,0.0,-0.71,0.0
2025-12-06,PANC_004,Phursungi,0.0,31.5,43.3,575.0,-5.5,3.5,180,1.0,0.0,0.0,0.0,0.1,-0.14,0.3
2025-12-06,PANC_005,Loni Kalbhor,0.0,31.5,43.3,548.0,-32.5,1.5,95,0.0,0.1,0.14,0.1,1.6,-0.81,0.0
2025-12-06,PANC_006,Uruli Kanchan,0.0,31.5,43.3,540.0,-40.5,1.2,45,0.0,0.1,0.14,0.1,0.0,-1.01,0.0
2025-12-06,PANC_007,Khed Shivapur,0.0,31.5,43.3,645.0,64.5,8.5,245,1.0,0.0,0.0,0.0,0.0,1.61,0.0
2025-12-06,PANC_008,Kondhwa Budruk,0.0,31.5,43.3,610.0,29.5,6.1,225,1.0,0.1,0.14,0.1,0.0,0.74,0.0
2025-12-06,PANC_009,Dhayari,0.0,31.5,43.3,620.0,39.5,7.0,260,1.0,0.0,0.0,0.0,0.1,0.99,0.0
2025-12-06,PANC_010,Nanded Gramin,0.0,31.5,43.3,565.0,-15.5,2.8,10,0.0,0.0,0.0,0.0,0.4,-0.39,0.0
2025-12-06,PANC_101,Sampatchak Gramin,0.0,31.5,43.3,53.0,1.2,0.8,10,0.0,0.0,0.0,0.0,0.2,0.03,0.0
2025-12-06,PANC_102,Bairiya,0.0,31.5,43.3,51.5,-0.3,0.5,90,0.0,0.0,0.0,0.0,0.2,-0.01,0.0
2025-12-06,PANC_103,Kanhauli,0.0,31.5,43.3,54.2,2.4,1.1,180,1.0,0.0,0.0,0.0,0.0,0.06,0.0
2025-12-06,PANC_104,Chipura,0.0,31.5,43.3,50.8,-1.0,0.4,45,0.0,0.0,0.0,0.0,0.1,-0.03,0.0
2025-12-06,PANC_105,Sonagopalpur,0.0,31.5,43.3,52.0,0.2,0.6,85,0.0,0.0,0.0,0.0,0.0,0.01,0.0
2025-12-06,PANC_106,Tarangpur,0.0,31.5,43.3,49.5,-2.3,0.3,5,0.0,0.0,0.0,0.0,0.0,-0.06,0.0
2025-12-07,PANC_001,Wagholi,0.0,40.9,47.7,590.0,9.5,4.2,90,0.0,0.0,0.0,0.0,1.0,0.24,0.0
2025-12-07,PANC_002,Hadapsar Rural,0.0,40.9,47.7,560.0,-20.5,2.1,0,0.0,0.0,0.0,0.0,0.0,-0.51,0.0
2025-12-07,PANC_003,Manjari Khurd,0.0,40.9,47.7,552.0,-28.5,1.8,85,0.0,0.0,0.0,0.0,0.0,-0.71,0.0
2025-12-07,PANC_004,Phursungi,0.0,40.9,47.7,575.0,-5.5,3.5,180,1.0,0.0,0.0,0.0,0.7,-0.14,0.0
2025-12-07,PANC_005,Loni Kalbhor,0.0,40.9,47.7,548.0,-32.5,1.5,95,0.0,0.0,0.0,0.0,0.2,-0.81,0.0
2025-12-07,PANC_006,Uruli Kanchan,0.0,40.9,47.7,540.0,-40.5,1.2,45,0.0,0.0,0.0,0.0,0.9,-1.01,0.0
2025-12-07,PANC_007,Khed Shivapur,0.0,40.9,47.7,645.0,64.5,8.5,245,1.0,0.0,0.0,0.0,0.0,1.61,0.0
2025-12-07,PANC_008,Kondhwa Budruk,0.0,40.9,47.7,610.0,29.5,6.1,225,1.0,0.0,0.0,0.0,1.0,0.74,0.0
2025-12-07,PANC_009,Dhayari,0.0,40.9,47.7,620.0,39.5,7.0,260,1.0,0.0,0.0,0.0,0.0,0.99,0.0
2025-12-07,PANC_010,Nanded Gramin,0.0,40.9,47.7,565.0,-15.5,2.8,10,0.0,0.0,0.0,0.0,0.0,-0.39,0.0
2025-12-07,PANC_101,Sampatchak Gramin,0.0,40.9,47.7,53.0,1.2,0.8,10,0.0,0.0,0.0,0.0,1.0,0.03,0.0
2025-12-07,PANC_102,Bairiya,0.0,40.9,47.7,51.5,-0.3,0.5,90,0.0,0.53,0.75,0.3,0.0,-0.01,0.0
2025-12-07,PANC_103,Kanhauli,0.0,40.9,47.7,54.2,2.4,1.1,180,1.0,0.53,0.75,0.2,0.7,0.06,0.0
2025-12-07,PANC_104,Chipura,0.0,40.9,47.7,50.8,-1.0,0.4,45,0.0,0.0,0.0,0.0,0.1,-0.03,0.0
2025-12-07,PANC_105,Sonagopalpur,0.0,40.9,47.7,52.0,0.2,0.6,85,0.0,0.0,0.0,0.0,0.0,0.01,0.0
2025-12-07,PANC_106,Tarangpur,0.0,40.9,47.7,49.5,-2.3,0.3,5,0.0,0.0,0.0,0.0,0.1,-0.06,1.6
2025-12-08,PANC_001,Wagholi,0.0,32.9,59.5,590.0,9.5,4.2,90,0.0,0.0,0.0,0.0,0.2,0.24,0.0
2025-12-08,PANC_002,Hadapsar Rural,0.0,32.9,59.5,560.0,-20.5,2.1,0,0.0,0.0,0.0,0.0,0.0,-0.51,0.0
2025-12-08,PANC_003,Manjari Khurd,0.0,32.9,59.5,552.0,-28.5,1.8,85,0.0,0.0,0.0,0.0,0.2,-0.71,0.0
2025-12-08,PANC_004,Phursungi,0.0,32.9,59.5,575.0,-5.5,3.5,180,1.0,0.0,0.0,0.0,1.7,-0.14,0.0
2025-12-08,PANC_005,Loni Kalbhor,0.0,32.9,59.5,548.0,-32.5,1.5,95,0.0,0.0,0.0,0.0,0.0,-0.81,0.0
2025-12-08,PANC_006,Uruli Kanchan,0.0,32.9,59.5,540.0,-40.5,1.2,45,0.0,0.0,0.0,0.0,0.9,-1.01,0.0
2025-12-08,PANC_007,Khed Shivapur,0.0,32.9,59.5,645.0,64.5,8.5,245,1.0,0.0,0.0,0.0,0.4,1.61,1.2
2025-12-08,PANC_008,Kondhwa Budruk,0.0,32.9,59.5,610.0,29.5,6.1,225,1.0,0.0,0.0,0.0,0.0,0.74,0.0
2025-12-08,PANC_009,Dhayari,0.0,32.9,59.5,620.0,39.5,7.0,260,1.0,0.4,0.57,0.1,0.7,0.99,0.0
2025-12-08,PANC_010,Nanded Gramin,0.0,32.9,59.5,565.0,-15.5,2.8,10,0.0,0.4,0.57,0.0,0.0,-0.39,0.0
2025-12-08,PANC_101,Sampatchak Gramin,0.0,32.9,59.5,53.0,1.2,0.8,10,0.0,0.0,0.0,0.0,0.2,0.03,0.0
2025-12-08,PANC_102,Bairiya,0.0,32.9,59.5,51.5,-0.3,0.5,90,0.0,0.0,0.0,0.0,0.2,-0.01,0.0
2025-12-08,PANC_103,Kanhauli,0.0,32.9,59.5,54.2,2.4,1.1,180,1.0,0.0,0.0,0.0,0.0,0.06,0.0
2025-12-08,PANC_104,Chipura,0.0,32.9,59.5,50.8,-1.0,0.4,45,0.0,0.0,0.0,0.0,0.7,-0.03,0.0
2025-12-08,PANC_105,Sonagopalpur,0.0,32.9,59.5,52.0,0.2,0.6,85,0.0,0.0,0.0,0.0,0.0,0.01,0.0
2025-12-08,PANC_106,Tarangpur,0.0,32.9,59.5,49.5,-2.3,0.3,5,0.0,0.0,0.0,0.0,0.0,-0.06,0.0
2025-12-09,PANC_001,Wagholi,0.0,30.3,38.6,590.0,9.5,4.2,90,0.0,0.0,0.0,0.0,0.0,0.24,0.0
2025-12-09,PANC_002,Hadapsar Rural,0.0,30.3,38.6,560.0,-20.5,2.1,0,0.0,0.0,0.0,0.0,0.0,-0.51,0.0
2025-12-09,PANC_003,Manjari Khurd,0.0,30.3,38.6,552.0,-28.5,1.8,85,0.0,0.0,0.0,0.0,0.0,-0.71,0.0
2025-12-09,PANC_004,Phursungi,0.0,30.3,38.6,575.0,-5.5,3.5,180,1.0,0.0,0.0,0.0,0.8,-0.14,0.0
2025-12-09,PANC_005,Loni Kalbhor,0.0,30.3,38.6,548.0,-32.5,1.5,95,0.0,0.0,0.0,0.0,0.6,-0.81,0.0
2025-12-09,PANC_006,Uruli Kanchan,0.0,30.3,38.6,540.0,-40.5,1.2,45,0.0,0.0,0.0,0.0,0.1,-1.01,0.0
2025-12-09,PANC_007,Khed Shivapur,0.0,30.3,38.6,645.0,64.5,8.5,245,1.0,0.0,0.0,0.0,0.5,1.61,0.0
2025-12-09,PANC_008,Kondhwa Budruk,0.0,30.3,38.6,610.0,29.5,6.1,225,1.0,0.0,0.0,0.0,0.0,0.74,0.0
2025-12-09,PANC_009,Dhayari,0.0,30.3,38.6,620.0,39.5,7.0,260,1.0,0.0,0.0,0.0,0.0,0.99,0.0
2025-12-09,PANC_010,Nanded Gramin,0.0,30.3,38.6,565.0,-15.5,2.8,10,0.0,0.0,0.0,0.0,0.2,-0.39,0.0
2025-12-09,PANC_101,Sampatchak Gramin,0.0,30.3,38.6,53.0,1.2,0.8,10,0.0,0.0,0.0,0.0,0.0,0.03,0.0
2025-12-09,PANC_102,Bairiya,0.0,30.3,38.6,51.5,-0.3,0.5,90,0.0,0.0,0.0,0.0,0.1,-0.01,0.0
2025-12-09,PANC_103,Kanhauli,0.0,30.3,38.6,54.2,2.4,1.1,180,1.0,0.0,0.0,0.0,0.0,0.06,0.0
2025-12-09,PANC_104,Chipura,0.0,30.3,38.6,50.8,-1.0,0.4,45,0.0,0.0,0.0,0.0,0.0,-0.03,0.0
2025-12-09,PANC_105,Sonagopalpur,0.0,30.3,38.6,52.0,0.2,0.6,85,0.0,0.0,0.0,0.0,0.6,0.01,0.0
2025-12-09,PANC_106,Tarangpur,0.0,30.3,38.6,49.5,-2.3,0.3,5,0.0,0.0,0.0,0.0,0.8,-0.06,0.0
2025-12-10,PANC_001,Wagholi,0.0,31.1,61.5,590.0,9.5,4.2,90,0.0,0.0,0.0,0.0,0.5,0.24,0.0
2025-12-10,PANC_002,Hadapsar Rural,0.0,31.1,61.5,560.0,-20.5,2.1,0,0.0,0.0,0.0,0.0,0.0,-0.51,0.0
2025-12-10,PANC_003,Manjari Khurd,0.0,31.1,61.5,552.0,-28.5,1.8,85,0.0,0.0,0.0,0.0,0.7,-0.71,0.0
2025-12-10,PANC_004,Phursungi,0.0,31.1,61.5,575.0,-5.5,3.5,180,1.0,0.0,0.0,0.0,0.0,-0.14,0.0
2025-12-10,PANC_005,Loni Kalbhor,0.0,31.1,61.5,548.0,-32.5,1.5,95,0.0,0.0,0.0,0.0,0.0,-0.81,0.0
2025-12-10,PANC_006,Uruli Kanchan,0.0,31.1,61.5,540.0,-40.5,1.2,45,0.0,0.0,0.0,0.0,0.0,-1.01,0.0
2025-12-10,PANC_007,Khed Shivapur,0.0,31.1,61.5,645.0,64.5,8.5,245,1.0,1.0,1.41,0.8,0.0,1.61,0.0
2025-12-10,PANC_008,Kondhwa Budruk,0.0,31.1,61.5,610.0,29.5,6.1,225,1.0,0.0,0.0,0.0,1.4,0.74,0.0
2025-12-10,PANC_009,Dhayari,0.0,31.1,61.5,620.0,39.5,7.0,260,1.0,1.0,1.41,2.6,1.3,0.99,0.0
2025-12-10,PANC_010,Nanded Gramin,0.0,31.1,61.5,565.0,-15.5,2.8,10,0.0,0.0,0.0,0.0,2.3,-0.39,3.0
2025-12-10,PANC_101,Sampatchak Gramin,0.0,31.1,61.5,53.0,1.2,0.8,10,0.0,0.0,0.0,0.0,2.3,0.03,1.3
2025-12-10,PANC_102,Bairiya,0.0,31.1,61.5,51.5,-0.3,0.5,90,0.0,0.43,0.61,0.7,0.0,-0.01,0.0
2025-12-10,PANC_103,Kanhauli,0.0,31.1,61.5,54.2,2.4,1.1,180,1.0,0.43,0.61,0.7,0.0,0.06,0.0
2025-12-10,PANC_104,Chipura,0.0,31.1,61.5,50.8,-1.0,0.4,45,0.0,0.43,0.61,0.4,0.0,-0.03,0.0
2025-12-10,PANC_105,Sonagopalpur,0.0,31.1,61.5,52.0,0.2,0.6,85,0.0,0.43,0.61,0.4,0.0,0.01,0.0
2025-12-10,PANC_106,Tarangpur,0.0,31.1,61.5,49.5,-2.3,0.3,5,0.0,0.43,0.61,0.5,0.0,-0.06,0.0
2025-12-11,PANC_001,Wagholi,0.0,36.4,69.1,590.0,9.5,4.2,90,0.0,0.0,0.0,0.0,0.0,0.24,0.0
2025-12-11,PANC_002,Hadapsar Rural,0.0,36.4,69.1,560.0,-20.5,2.1,0,0.0,0.0,0.0,0.0,0.3,-0.51,0.0
2025-12-11,PANC_003,Manjari Khurd,0.0,36.4,69.1,552.0,-28.5,1.8,85,0.0,0.0,0.0,0.0,0.4,-0.71,0.0
2025-12-11,PANC_004,Phursungi,0.0,36.4,69.1,575.0,-5.5,3.5,180,1.0,0.0,0.0,0.0,0.1,-0.14,0.0
2025-12-11,PANC_005,Loni Kalbhor,0.0,36.4,69.1,548.0,-32.5,1.5,95,0.0,0.0,0.0,0.0,0.9,-0.81,0.0
2025-12-11,PANC_006,Uruli Kanchan,0.0,36.4,69.1,540.0,-40.5,1.2,45,0.0,0.0,0.0,0.0,0.0,-1.01,0.0
2025-12-11,PANC_007,Khed Shivapur,0.0,36.4,69.1,645.0,64.5,8.5,245,1.0,0.0,0.0,0.0,0.3,1.61,0.0
2025-12-11,PANC_008,Kondhwa Budruk,0.0,36.4,69.1,610.0,29.5,6.1,225,1.0,0.0,0.0,0.0,0.0,0.74,0.0
2025-12-11,PANC_009,Dhayari,0.0,36.4,69.1,620.0,39.5,7.0,260,1.0,0.0,0.0,0.0,0.0,0.99,0.0
2025-12-11,PANC_010,Nanded Gramin,0.0,36.4,69.1,565.0,-15.5,2.8,10,0.0,0.0,0.0,0.0,0.6,-0.39,0.0
2025-12-11,PANC_101,Sampatchak Gramin,0.0,36.4,69.1,53.0,1.2,0.8,10,0.0,0.0,0.0,0.0,0.0,0.03,0.0
2025-12-11,PANC_102,Bairiya,0.0,36.4,69.1,51.5,-0.3,0.5,90,0.0,0.0,0.0,0.0,0.0,-0.01,0.0
2025-12-11,PANC_103,Kanhauli,0.0,36.4,69.1,54.2,2.4,1.1,180,1.0,0.0,0.0,0.0,0.0,0.06,0.0
2025-12-11,PANC_104,Chipura,0.0,36.4,69.1,50.8,-1.0,0.4,45,0.0,0.0,0.0,0.0,0.7,-0.03,0.0
2025-12-11,PANC_105,Sonagopalpur,0.0,36.4,69.1,52.0,0.2,0.6,85,0.0,0.0,0.0,0.0,0.0,0.01,0.0
2025-12-11,PANC_106,Tarangpur,0.0,36.4,69.1,49.5,-2.3,0.3,5,0.0,0.0,0.0,0.0,0.8,-0.06,0.0
2025-12-12,PANC_001,Wagholi,0.0,34.4,56.0,590.0,9.5,4.2,90,0.0,0.0,0.0,0.0,0.2,0.24,0.0
2025-12-12,PANC_002,Hadapsar Rural,0.0,34.4,56.0,560.0,-20.5,2.1,0,0.0,0.0,0.0,0.0,0.0,-0.51,0.0
2025-12-12,PANC_003,Manjari Khurd,0.0,34.4,56.0,552.0,-28.5,1.8,85,0.0,0.0,0.0,0.0,0.0,-0.71,0.0
2025-12-12,PANC_004,Phursungi,0.0,34.4,56.0,575.0,-5.5,3.5,180,1.0,0.0,0.0,0.0,0.4,-0.14,0.0
2025-12-12,PANC_005,Loni Kalbhor,0.0,34.4,56.0,548.0,-32.5,1.5,95,0.0,0.0,0.0,0.0,0.3,-0.81,0.0
2025-12-12,PANC_006,Uruli Kanchan,0.0,34.4,56.0,540.0,-40.5,1.2,45,0.0,0.0,0.0,0.0,0.0,-1.01,0.0
2025-12-12,PANC_007,Khed Shivapur,0.0,34.4,56.0,645.0,64.5,8.5,245,1.0,0.0,0.0,0.0,0.4,1.61,0.0
2025-12-12,PANC_008,Kondhwa Budruk,0.0,34.4,56.0,610.0,29.5,6.1,225,1.0,0.0,0.0,0.0,0.0,0.74,0.0
2025-12-12,PANC_009,Dhayari,0.0,34.4,56.0,620.0,39.5,7.0,260,1.0,0.0,0.0,0.0,0.0,0.99,0.0
2025-12-12,PANC_010,Nanded Gramin,0.0,34.4,56.0,565.0,-15.5,2.8,10,0.0,0.0,0.0,0.0,0.0,-0.39,0.0
2025-12-12,PANC_101,Sampatchak Gramin,0.0,34.4,56.0,53.0,1.2,0.8,10,0.0,0.0,0.0,0.0,1.3,0.03,0.0
2025-12-12,PANC_102,Bairiya,0.0,34.4,56.0,51.5,-0.3,0.5,90,0.0,0.0,0.0,0.0,0.0,-0.01,0.0
2025-12-12,PANC_103,Kanhauli,0.0,34.4,56.0,54.2,2.4,1.1,180,1.0,0.0,0.0,0.0,0.0,0.06,0.0
2025-12-12,PANC_104,Chipura,0.0,34.4,56.0,50.8,-1.0,0.4,45,0.0,0.0,0.0,0.0,0.7,-0.03,0.0
2025-12-12,PANC_105,Sonagopalpur,0.0,34.4,56.0,52.0,0.2,0.6,85,0.0,0.0,0.0,0.0,0.0,0.01,0.0
2025-12-12,PANC_106,Tarangpur,0.0,34.4,56.0,49.5,-2.3,0.3,5,0.0,0.0,0.0,0.0,0.2,-0.06,0.0
2025-12-13,PANC_001,Wagholi,0.0,32.5,54.8,590.0,9.5,4.2,90,0.0,0.0,0.0,0.0,0.0,0.24,0.0
2025-12-13,PANC_002,Hadapsar Rural,0.0,32.5,54.8,560.0,-20.5,2.1,0,0.0,0.0,0.0,0.0,0.0,-0.51,0.0
2025-12-13,PANC_003,Manjari Khurd,0.0,32.5,54.8,552.0,-28.5,1.8,85,0.0,0.0,0.0,0.0,0.0,-0.71,0.0
2025-12-13,PANC_004,Phursungi,0.0,32.5,54.8,575.0,-5.5,3.5,180,1.0,0.0,0.0,0.0,0.4,-0.14,0.0
2025-12-13,PANC_005,Loni Kalbhor,0.0,32.5,54.8,548.0,-32.5,1.5,95,0.0,0.0,0.0,0.0,0.0,-0.81,0.0
2025-12-13,PANC_006,Uruli Kanchan,0.0,32.5,54.8,540.0,-40.5,1.2,45,0.0,0.0,0.0,0.0,0.1,-1.01,0.0
2025-12-13,PANC_007,Khed Shivapur,0.0,32.5,54.8,645.0,64.5,8.5,245,1.0,0.0,0.0,0.0,0.0,1.61,0.0
2025-12-13,PANC_008,Kondhwa Budruk,0.0,32.5,54.8,610.0,29.5,6.1,225,1.0,0.0,0.0,0.0,1.8,0.74,0.0
2025-12-13,PANC_009,Dhayari,0.0,32.5,54.8,620.0,39.5,7.0,260,1.0,0.0,0.0,0.0,0.0,0.99,0.0
2025-12-13,PANC_010,Nanded Gramin,0.0,32.5,54.8,565.0,-15.5,2.8,10,0.0,0.0,0.0,0.0,0.0,-0.39,0.0
2025-12-13,PANC_101,Sampatchak Gramin,0.0,32.5,54.8,53.0,1.2,0.8,10,0.0,0.0,0.0,0.0,0.0,0.03,0.0
2025-12-13,PANC_102,Bairiya,0.0,32.5,54.8,51.5,-0.3,0.5,90,0.0,0.0,0.0,0.0,1.5,-0.01,0.0
2025-12-13,PANC_103,Kanhauli,0.0,32.5,54.8,54.2,2.4,1.1,180,1.0,0.0,0.0,0.0,0.0,0.06,0.0
2025-12-13,PANC_104,Chipura,0.0,32.5,54.8,50.8,-1.0,0.4,45,0.0,0.0,0.0,0.0,1.6,-0.03,0.0
2025-12-13,PANC_105,Sonagopalpur,0.0,32.5,54.8,52.0,0.2,0.6,85,0.0,0.0,0.0,0.0,0.6,0.01,0.0
2025-12-13,PANC_106,Tarangpur,0.0,32.5,54.8,49.5,-2.3,0.3,5,0.0,0.0,0.0,0.0,0.3,-0.06,0.0
2025-12-14,PANC_001,Wagholi,0.0,30.0,48.8,590.0,9.5,4.2,90,0.0,0.0,0.0,0.0,0.0,0.24,0.0
2025-12-14,PANC_002,Hadapsar Rural,0.0,30.0,48.8,560.0,-20.5,2.1,0,0.0,0.0,0.0,0.0,0.0,-0.51,0.0
2025-12-14,PANC_003,Manjari Khurd,0.0,30.0,48.8,552.0,-28.5,1.8,85,0.0,0.0,0.0,0.0,0.0,-0.71,0.0
2025-12-14,PANC_004,Phursungi,0.0,30.0,48.8,575.0,-5.5,3.5,180,1.0,0.0,0.0,0.0,0.0,-0.14,0.0
2025-12-14,PANC_005,Loni Kalbhor,0.0,30.0,48.8,548.0,-32.5,1.5,95,0.0,0.0,0.0,0.0,0.2,-0.81,0.0
2025-12-14,PANC_006,Uruli Kanchan,0.0,30.0,48.8,540.0,-40.5,1.2,45,0.0,0.0,0.0,0.0,0.8,-1.01,0.0
2025-12-14,PANC_007,Khed Shivapur,0.0,30.0,48.8,645.0,64.5,8.5,245,1.0,0.0,0.0,0.0,0.0,1.61,0.0
2025-12-14,PANC_008,Kondhwa Budruk,0.0,30.0,48.8,610.0,29.5,6.1,225,1.0,0.0,0.0,0.0,0.0,0.74,0.0
2025-12-14,PANC_009,Dhayari,0.0,30.0,48.8,620.0,39.5,7.0,260,1.0,0.0,0.0,0.0,0.0,0.99,0.0
2025-12-14,PANC_010,Nanded Gramin,0.0,30.0,48.8,565.0,-15.5,2.8,10,0.0,0.0,0.0,0.0,0.4,-0.39,0.0
2025-12-14,PANC_101,Sampatchak Gramin,0.0,30.0,48.8,53.0,1.2,0.8,10,0.0,0.0,0.0,0.0,1.1,0.03,0.0
2025-12-14,PANC_102,Bairiya,0.0,30.0,48.8,51.5,-0.3,0.5,90,0.0,0.0,0.0,0.0,1.0,-0.01,0.0
2025-12-14,PANC_103,Kanhauli,0.0,30.0,48.8,54.2,2.4,1.1,180,1.0,0.0,0.0,0.0,0.6,0.06,0.0
2025-12-14,PANC_104,Chipura,0.0,30.0,48.8,50.8,-1.0,0.4,45,0.0,0.0,0.0,0.0,0.5,-0.03,0.0
2025-12-14,PANC_105,Sonagopalpur,0.0,30.0,48.8,52.0,0.2,0.6,85,0.0,0.0,0.0,0.0,1.4,0.01,0.0
2025-12-14,PANC_106,Tarangpur,0.0,30.0,48.8,49.5,-2.3,0.3,5,0.0,0.0,0.0,0.0,0.3,-0.06,0.0
2025-12-15,PANC_001,Wagholi,0.0,34.9,53.1,590.0,9.5,4.2,90,0.0,1.23,1.74,2.2,3.9,0.24,4.7
2025-12-15,PANC_002,Hadapsar Rural,0.0,34.9,53.1,560.0,-20.5,2.1,0,0.0,1.23,1.74,1.4,0.3,-0.51,0.0
2025-12-15,PANC_003,Manjari Khurd,0.0,34.9,53.1,552.0,-28.5,1.8,85,0.0,1.57,2.22,1.5,3.7,-0.71,3.7
2025-12-15,PANC_004,Phursungi,0.0,34.9,53.1,575.0,-5.5,3.5,180,1.0,1.23,1.74,1.1,0.0,-0.14,0.0
2025-12-15,PANC_005,Loni Kalbhor,0.0,34.9,53.1,548.0,-32.5,1.5,95,0.0,1.23,1.74,1.6,0.3,-0.81,0.0
2025-12-15,PANC_006,Uruli Kanchan,0.0,34.9,53.1,540.0,-40.5,1.2,45,0.0,1.23,1.74,1.0,0.0,-1.01,0.0
2025-12-15,PANC_007,Khed Shivapur,0.0,34.9,53.1,645.0,64.5,8.5,245,1.0,0.0,0.0,0.0,0.0,1.61,0.0
2025-12-15,PANC_008,Kondhwa Budruk,0.0,34.9,53.1,610.0,29.5,6.1,225,1.0,0.0,0.0,0.0,0.0,0.74,0.0
2025-12-15,PANC_009,Dhayari,0.0,34.9,53.1,620.0,39.5,7.0,260,1.0,0.0,0.0,0.0,0.3,0.99,0.0
2025-12-15,PANC_010,Nanded Gramin,0.0,34.9,53.1,565.0,-15.5,2.8,10,0.0,0.0,0.0,0.0,0.1,-0.39,0.0
2025-12-15,PANC_101,Sampatchak Gramin,0.0,34.9,53.1,53.0,1.2,0.8,10,0.0,0.0,0.0,0.0,0.0,0.03,0.0
2025-12-15,PANC_102,Bairiya,0.0,34.9,53.1,51.5,-0.3,0.5,90,0.0,0.0,0.0,0.0,0.0,-0.01,0.0
2025-12-15,PANC_103,Kanhauli,0.0,34.9,53.1,54.2,2.4,1.1,180,1.0,0.0,0.0,0.0,0.5,0.06,0.0
2025-12-15,PANC_104,Chipura,0.0,34.9,53.1,50.8,-1.0,0.4,45,0.0,0.0,0.0,0.0,0.0,-0.03,0.0
2025-12-15,PANC_105,Sonagopalpur,0.0,34.9,53.1,52.0,0.2,0.6,85,0.0,0.0,0.0,0.0,0.4,0.01,0.0
2025-12-15,PANC_106,Tarangpur,0.0,34.9,53.1,49.5,-2.3,0.3,5,0.0,0.0,0.0,0.0,1.5,-0.06,0.0
2025-12-16,PANC_001,Wagholi,0.0,26.6,53.6,590.0,9.5,4.2,90,0.0,0.8,1.13,0.4,0.0,0.24,0.0
2025-12-16,PANC_002,Hadapsar Rural,0.0,26.6,53.6,560.0,-20.5,2.1,0,0.0,0.0,0.0,0.0,0.6,-0.51,0.0
2025-12-16,PANC_003,Manjari Khurd,0.0,26.6,53.6,552.0,-28.5,1.8,85,0.0,0.0,0.0,0.0,1.3,-0.71,0.0
2025-12-16,PANC_004,Phursungi,0.0,26.6,53.6,575.0,-5.5,3.5,180,1.0,0.8,1.13,0.6,0.0,-0.14,0.0
2025-12-16,PANC_005,Loni Kalbhor,0.0,26.6,53.6,548.0,-32.5,1.5,95,0.0,0.0,0.0,0.0,2.4,-0.81,2.4
2025-12-16,PANC_006,Uruli Kanchan,0.0,26.6,53.6,540.0,-40.5,1.2,45,0.0,0.8,1.13,1.2,0.0,-1.01,0.0
2025-12-16,PANC_007,Khed Shivapur,0.0,26.6,53.6,645.0,64.5,8.5,245,1.0,0.0,0.0,0.0,1.0,1.61,0.0
2025-12-16,PANC_008,Kondhwa Budruk,0.0,26.6,53.6,610.0,29.5,6.1,225,1.0,0.0,0.0,0.0,0.8,0.74,0.0
2025-12-16,PANC_009,Dhayari,0.0,26.6,53.6,620.0,39.5,7.0,260,1.0,0.0,0.0,0.0,0.2,0.99,0.0
2025-12-16,PANC_010,Nanded Gramin,0.0,26.6,53.6,565.0,-15.5,2.8,10,0.0,0.0,0.0,0.0,0.0,-0.39,0.0
2025-12-16,PANC_101,Sampatchak Gramin,0.0,26.6,53.6,53.0,1.2,0.8,10,0.0,0.0,0.0,0.0,0.8,0.03,0.0
2025-12-16,PANC_102,Bairiya,0.0,26.6,53.6,51.5,-0.3,0.5,90,0.0,0.0,0.0,0.0,0.5,-0.01,0.0
2025-12-16,PANC_103,Kanhauli,0.0,26.6,53.6,54.2,2.4,1.1,180,1.0,0.0,0.0,0.0,0.0,0.06,0.0
2025-12-16,PANC_104,Chipura,0.0,26.6,53.6,50.8,-1.0,0.4,45,0.0,0.0,0.0,0.0,0.0,-0.03,0.0
2025-12-16,PANC_105,Sonagopalpur,0.0,26.6,53.6,52.0,0.2,0.6,85,0.0,0.0,0.0,0.0,0.0,0.01,0.0
2025-12-16,PANC_106,Tarangpur,0.0,26.6,53.6,49.5,-2.3,0.3,5,0.0,0.0,0.0,0.0,1.2,-0.06,0.0
2025-12-17,PANC_001,Wagholi,0.0,36.4,45.9,590.0,9.5,4.2,90,0.0,0.0,0.0,0.0,0.7,0.24,0.0
2025-12-17,PANC_002,Hadapsar Rural,0.0,36.4,45.9,560.0,-20.5,2.1,0,0.0,0.0,0.0,0.0,0.9,-0.51,0.0
2025-12-17,PANC_003,Manjari Khurd,0.0,36.4,45.9,552.0,-28.5,1.8,85,0.0,0.0,0.0,0.0,1.0,-0.71,0.0
2025-12-17,PANC_004,Phursungi,0.0,36.4,45.9,575.0,-5.5,3.5,180,1.0,0.0,0.0,0.0,0.8,-0.14,0.0
2025-12-17,PANC_005,Loni Kalbhor,0.0,36.4,45.9,548.0,-32.5,1.5,95,0.0,0.0,0.0,0.0,0.3,-0.81,0.0
2025-12-17,PANC_006,Uruli Kanchan,0.0,36.4,45.9,540.0,-40.5,1.2,45,0.0,0.0,0.0,0.0,0.9,-1.01,0.0
2025-12-17,PANC_007,Khed Shivapur,0.0,36.4,45.9,645.0,64.5,8.5,245,1.0,0.0,0.0,0.0,0.0,1.61,0.0
2025-12-17,PANC_008,Kondhwa Budruk,0.0,36.4,45.9,610.0,29.5,6.1,225,1.0,0.0,0.0,0.0,0.5,0.74,0.0
2025-12-17,PANC_009,Dhayari,0.0,36.4,45.9,620.0,39.5,7.0,260,1.0,0.0,0.0,0.0,0.0,0.99,0.0
2025-12-17,PANC_010,Nanded Gramin,0.0,36.4,45.9,565.0,-15.5,2.8,10,0.0,0.0,0.0,0.0,0.0,-0.39,0.0
2025-12-17,PANC_101,Sampatchak Gramin,0.0,36.4,45.9,53.0,1.2,0.8,10,0.0,0.0,0.0,0.0,0.7,0.03,0.0
2025-12-17,PANC_102,Bairiya,0.0,36.4,45.9,51.5,-0.3,0.5,90,0.0,0.0,0.0,0.0,1.0,-0.01,0.0
2025-12-17,PANC_103,Kanhauli,0.0,36.4,45.9,54.2,2.4,1.1,180,1.0,0.0,0.0,0.0,2.0,0.06,0.0
2025-12-17,PANC_104,Chipura,0.0,36.4,45.9,50.8,-1.0,0.4,45,0.0,0.0,0.0,0.0,0.2,-0.03,0.0
2025-12-17,PANC_105,Sonagopalpur,0.0,36.4,45.9,52.0,0.2,0.6,85,0.0,0.0,0.0,0.0,0.0,0.01,0.0
2025-12-17,PANC_106,Tarangpur,0.0,36.4,45.9,49.5,-2.3,0.3,5,0.0,0.0,0.0,0.0,0.0,-0.06,0.0
2025-12-18,PANC_001,Wagholi,0.0,32.6,62.0,590.0,9.5,4.2,90,0.0,0.0,0.0,0.0,0.2,0.24,0.0
2025-12-18,PANC_002,Hadapsar Rural,0.0,32.6,62.0,560.0,-20.5,2.1,0,0.0,0.0,0.0,0.0,1.1,-0.51,0.0
2025-12-18,PANC_003,Manjari Khurd,0.0,32.6,62.0,552.0,-28.5,1.8,85,0.0,0.0,0.0,0.0,0.0,-0.71,0.0
2025-12-18,PANC_004,Phursungi,0.0,32.6,62.0,575.0,-5.5,3.5,180,1.0,0.0,0.0,0.0,0.0,-0.14,0.0
2025-12-18,PANC_005,Loni Kalbhor,0.0,32.6,62.0,548.0,-32.5,1.5,95,0.0,0.0,0.0,0.0,0.0,-0.81,0.0
2025-12-18,PANC_006,Uruli Kanchan,0.0,32.6,62.0,540.0,-40.5,1.2,45,0.0,0.0,0.0,0.0,0.0,-1.01,0.0
2025-12-18,PANC_007,Khed Shivapur,0.0,32.6,62.0,645.0,64.5,8.5,245,1.0,0.0,0.0,0.0,0.0,1.61,0.0
2025-12-18,PANC_008,Kondhwa Budruk,0.0,32.6,62.0,610.0,29.5,6.1,225,1.0,0.0,0.0,0.0,0.9,0.74,0.0
2025-12-18,PANC_009,Dhayari,0.0,32.6,62.0,620.0,39.5,7.0,260,1.0,0.0,0.0,0.0,0.5,0.99,0.0
2025-12-18,PANC_010,Nanded Gramin,0.0,32.6,62.0,565.0,-15.5,2.8,10,0.0,0.0,0.0,0.0,0.5,-0.39,0.0
2025-12-18,PANC_101,Sampatchak Gramin,0.0,32.6,62.0,53.0,1.2,0.8,10,0.0,0.0,0.0,0.0,0.1,0.03,0.0
2025-12-18,PANC_102,Bairiya,0.0,32.6,62.0,51.5,-0.3,0.5,90,0.0,0.0,0.0,0.0,0.4,-0.01,0.0
2025-12-18,PANC_103,Kanhauli,0.0,32.6,62.0,54.2,2.4,1.1,180,1.0,0.0,0.0,0.0,0.0,0.06,0.0
2025-12-18,PANC_104,Chipura,0.0,32.6,62.0,50.8,-1.0,0.4,45,0.0,0.0,0.0,0.0,0.0,-0.03,0.0
2025-12-18,PANC_105,Sonagopalpur,0.0,32.6,62.0,52.0,0.2,0.6,85,0.0,0.0,0.0,0.0,0.2,0.01,0.0
2025-12-18,PANC_106,Tarangpur,0.0,32.6,62.0,49.5,-2.3,0.3,5,0.0,0.0,0.0,0.0,0.2,-0.06,0.0
2025-12-19,PANC_001,Wagholi,25.4,32.6,52.0,590.0,9.5,4.2,90,0.0,0.17,0.58,25.7,21.6,0.24,28.6
2025-12-19,PANC_002,Hadapsar Rural,25.4,32.6,52.0,560.0,-20.5,2.1,0,0.0,-0.57,0.84,25.1,20.4,-0.51,26.2
2025-12-19,PANC_003,Manjari Khurd,25.4,32.6,52.0,552.0,-28.5,1.8,85,0.0,1.23,1.46,26.6,20.9,-0.71,25.7
2025-12-19,PANC_004,Phursungi,25.4,32.6,52.0,575.0,-5.5,3.5,180,1.0,0.17,0.58,25.7,18.3,-0.14,25.1
2025-12-19,PANC_005,Loni Kalbhor,25.4,32.6,52.0,548.0,-32.5,1.5,95,0.0,0.27,0.45,25.6,18.5,-0.81,24.8
2025-12-19,PANC_006,Uruli Kanchan,25.4,32.6,52.0,540.0,-40.5,1.2,45,0.0,-0.2,0.37,25.1,18.6,-1.01,25.1
2025-12-19,PANC_007,Khed Shivapur,25.4,32.6,52.0,645.0,64.5,8.5,245,1.0,-1.27,0.42,24.1,17.9,1.61,26.0
2025-12-19,PANC_008,Kondhwa Budruk,25.4,32.6,52.0,610.0,29.5,6.1,225,1.0,-0.3,0.9,25.2,17.5,0.74,23.7
2025-12-19,PANC_009,Dhayari,25.4,32.6,52.0,620.0,39.5,7.0,260,1.0,-0.6,0.94,24.7,18.7,0.99,24.0
2025-12-19,PANC_010,Nanded Gramin,25.4,32.6,52.0,565.0,-15.5,2.8,10,0.0,-0.83,1.02,24.0,19.0,-0.39,24.7
2025-12-19,PANC_101,Sampatchak Gramin,25.4,32.6,52.0,53.0,1.2,0.8,10,0.0,0.17,0.97,25.8,19.7,0.03,25.6
2025-12-19,PANC_102,Bairiya,25.4,32.6,52.0,51.5,-0.3,0.5,90,0.0,0.07,1.23,25.3,18.6,-0.01,25.2
2025-12-19,PANC_103,Kanhauli,25.4,32.6,52.0,54.2,2.4,1.1,180,1.0,0.3,0.94,25.4,19.7,0.06,26.9
2025-12-19,PANC_104,Chipura,25.4,32.6,52.0,50.8,-1.0,0.4,45,0.0,-0.27,0.41,25.2,18.9,-0.03,23.9
2025-12-19,PANC_105,Sonagopalpur,25.4,32.6,52.0,52.0,0.2,0.6,85,0.0,0.07,1.23,25.8,18.1,0.01,24.6
2025-12-19,PANC_106,Tarangpur,25.4,32.6,52.0,49.5,-2.3,0.3,5,0.0,0.5,0.73,25.8,20.4,-0.06,26.9
2025-12-20,PANC_001,Wagholi,0.0,27.5,57.3,590.0,9.5,4.2,90,0.0,0.0,0.0,0.0,0.0,0.24,0.0
2025-12-20,PANC_002,Hadapsar Rural,0.0,27.5,57.3,560.0,-20.5,2.1,0,0.0,0.0,0.0,0.0,1.1,-0.51,0.0
2025-12-20,PANC_003,Manjari Khurd,0.0,27.5,57.3,552.0,-28.5,1.8,85,0.0,0.0,0.0,0.0,1.0,-0.71,0.0
2025-12-20,PANC_004,Phursungi,0.0,27.5,57.3,575.0,-5.5,3.5,180,1.0,0.0,0.0,0.0,0.0,-0.14,0.0
2025-12-20,PANC_005,Loni Kalbhor,0.0,27.5,57.3,548.0,-32.5,1.5,95,0.0,0.0,0.0,0.0,0.3,-0.81,0.0
2025-12-20,PANC_006,Uruli Kanchan,0.0,27.5,57.3,540.0,-40.5,1.2,45,0.0,0.0,0.0,0.0,0.0,-1.01,0.0
2025-12-20,PANC_007,Khed Shivapur,0.0,27.5,57.3,645.0,64.5,8.5,245,1.0,0.0,0.0,0.0,1.2,1.61,1.1
2025-12-20,PANC_008,Kondhwa Budruk,0.0,27.5,57.3,610.0,29.5,6.1,225,1.0,0.0,0.0,0.0,0.0,0.74,0.0
2025-12-20,PANC_009,Dhayari,0.0,27.5,57.3,620.0,39.5,7.0,260,1.0,0.37,0.52,0.0,0.0,0.99,0.0
2025-12-20,PANC_010,Nanded Gramin,0.0,27.5,57.3,565.0,-15.5,2.8,10,0.0,0.37,0.52,0.0,0.6,-0.39,0.0
2025-12-20,PANC_101,Sampatchak Gramin,0.0,27.5,57.3,53.0,1.2,0.8,10,0.0,0.0,0.0,0.0,0.8,0.03,0.0
2025-12-20,PANC_102,Bairiya,0.0,27.5,57.3,51.5,-0.3,0.5,90,0.0,0.0,0.0,0.0,0.0,-0.01,0.0
2025-12-20,PANC_103,Kanhauli,0.0,27.5,57.3,54.2,2.4,1.1,180,1.0,0.0,0.0,0.0,0.0,0.06,0.0
2025-12-20,PANC_104,Chipura,0.0,27.5,57.3,50.8,-1.0,0.4,45,0.0,0.0,0.0,0.0,0.9,-0.03,0.0
2025-12-20,PANC_105,Sonagopalpur,0.0,27.5,57.3,52.0,0.2,0.6,85,0.0,0.0,0.0,0.0,0.0,0.01,0.0
2025-12-20,PANC_106,Tarangpur,0.0,27.5,57.3,49.5,-2.3,0.3,5,0.0,0.0,0.0,0.0,0.0,-0.06,0.0
2025-12-21,PANC_001,Wagholi,0.0,30.4,54.8,590.0,9.5,4.2,90,0.0,0.0,0.0,0.0,1.1,0.24,0.0
2025-12-21,PANC_002,Hadapsar Rural,0.0,30.4,54.8,560.0,-20.5,2.1,0,0.0,0.0,0.0,0.0,0.5,-0.51,0.0
2025-12-21,PANC_003,Manjari Khurd,0.0,30.4,54.8,552.0,-28.5,1.8,85,0.0,0.0,0.0,0.0,0.0,-0.71,0.0
2025-12-21,PANC_004,Phursungi,0.0,30.4,54.8,575.0,-5.5,3.5,180,1.0,0.0,0.0,0.0,0.6,-0.14,0.0
2025-12-21,PANC_005,Loni Kalbhor,0.0,30.4,54.8,548.0,-32.5,1.5,95,0.0,0.0,0.0,0.0,0.0,-0.81,0.0
2025-12-21,PANC_006,Uruli Kanchan,0.0,30.4,54.8,540.0,-40.5,1.2,45,0.0,0.0,0.0,0.0,0.0,-1.01,0.0
2025-12-21,PANC_007,Khed Shivapur,0.0,30.4,54.8,645.0,64.5,8.5,245,1.0,0.0,0.0,0.0,0.3,1.61,0.0
2025-12-21,PANC_008,Kondhwa Budruk,0.0,30.4,54.8,610.0,29.5,6.1,225,1.0,0.0,0.0,0.0,0.0,0.74,0.0
2025-12-21,PANC_009,Dhayari,0.0,30.4,54.8,620.0,39.5,7.0,260,1.0,0.0,0.0,0.0,0.0,0.99,0.0
2025-12-21,PANC_010,Nanded Gramin,0.0,30.4,54.8,565.0,-15.5,2.8,10,0.0,0.0,0.0,0.0,0.1,-0.39,0.0
2025-12-21,PANC_101,Sampatchak Gramin,0.0,30.4,54.8,53.0,1.2,0.8,10,0.0,0.0,0.0,0.0,0.0,0.03,0.0
2025-12-21,PANC_102,Bairiya,0.0,30.4,54.8,51.5,-0.3,0.5,90,0.0,0.0,0.0,0.0,0.5,-0.01,0.0
2025-12-21,PANC_103,Kanhauli,0.0,30.4,54.8,54.2,2.4,1.1,180,1.0,0.0,0.0,0.0,1.5,0.06,0.0
2025-12-21,PANC_104,Chipura,0.0,30.4,54.8,50.8,-1.0,0.4,45,0.0,0.0,0.0,0.0,0.0,-0.03,0.0
2025-12-21,PANC_105,Sonagopalpur,0.0,30.4,54.8,52.0,0.2,0.6,85,0.0,0.0,0.0,0.0,0.0,0.01,0.0
2025-12-21,PANC_106,Tarangpur,0.0,30.4,54.8,49.5,-2.3,0.3,5,0.0,0.0,0.0,0.0,0.0,-0.06,0.0
2025-12-22,PANC_001,Wagholi,50.9,31.4,42.2,590.0,9.5,4.2,90,0.0,-0.53,0.9,50.7,36.6,0.24,49.1
2025-12-22,PANC_002,Hadapsar Rural,50.9,31.4,42.2,560.0,-20.5,2.1,0,0.0,-0.03,0.37,50.8,38.1,-0.51,51.1
2025-12-22,PANC_003,Manjari Khurd,50.9,31.4,42.2,552.0,-28.5,1.8,85,0.0,-0.7,0.83,50.3,37.2,-0.71,50.9
2025-12-22,PANC_004,Phursungi,50.9,31.4,42.2,575.0,-5.5,3.5,180,1.0,-0.53,0.9,50.6,38.3,-0.14,50.4
2025-12-22,PANC_005,Loni Kalbhor,50.9,31.4,42.2,548.0,-32.5,1.5,95,0.0,-0.1,0.29,50.7,36.3,-0.81,49.1
2025-12-22,PANC_006,Uruli Kanchan,50.9,31.4,42.2,540.0,-40.5,1.2,45,0.0,-0.77,0.76,49.9,36.7,-1.01,51.2
2025-12-22,PANC_007,Khed Shivapur,50.9,31.4,42.2,645.0,64.5,8.5,245,1.0,-0.07,0.41,50.8,39.1,1.61,52.5
2025-12-22,PANC_008,Kondhwa Budruk,50.9,31.4,42.2,610.0,29.5,6.1,225,1.0,-0.3,0.36,50.6,39.3,0.74,51.3
2025-12-22,PANC_009,Dhayari,50.9,31.4,42.2,620.0,39.5,7.0,260,1.0,0.67,0.68,51.0,37.4,0.99,50.3
2025-12-22,PANC_010,Nanded Gramin,50.9,31.4,42.2,565.0,-15.5,2.8,10,0.0,0.47,0.9,50.4,39.6,-0.39,50.9
2025-12-22,PANC_101,Sampatchak Gramin,50.9,31.4,42.2,53.0,1.2,0.8,10,0.0,0.3,0.59,51.3,37.5,0.03,49.5
2025-12-22,PANC_102,Bairiya,50.9,31.4,42.2,51.5,-0.3,0.5,90,0.0,-0.9,1.0,49.7,39.3,-0.01,52.0
2025-12-22,PANC_103,Kanhauli,50.9,31.4,42.2,54.2,2.4,1.1,180,1.0,-0.4,0.78,50.2,38.1,0.06,51.0
2025-12-22,PANC_104,Chipura,50.9,31.4,42.2,50.8,-1.0,0.4,45,0.0,-0.2,1.02,50.8,36.8,-0.03,49.1
2025-12-22,PANC_105,Sonagopalpur,50.9,31.4,42.2,52.0,0.2,0.6,85,0.0,-1.03,0.82,50.1,37.7,0.01,50.6
2025-12-22,PANC_106,Tarangpur,50.9,31.4,42.2,49.5,-2.3,0.3,5,0.0,-0.07,1.03,50.7,38.3,-0.06,51.4
2025-12-23,PANC_001,Wagholi,0.0,34.6,62.0,590.0,9.5,4.2,90,0.0,0.0,0.0,0.0,0.0,0.24,0.0
2025-12-23,PANC_002,Hadapsar Rural,0.0,34.6,62.0,560.0,-20.5,2.1,0,0.0,0.0,0.0,0.0,0.0,-0.51,0.0
2025-12-23,PANC_003,Manjari Khurd,0.0,34.6,62.0,552.0,-28.5,1.8,85,0.0,0.0,0.0,0.0,0.0,-0.71,0.0
2025-12-23,PANC_004,Phursungi,0.0,34.6,62.0,575.0,-5.5,3.5,180,1.0,0.0,0.0,0.0,0.2,-0.14,0.0
2025-12-23,PANC_005,Loni Kalbhor,0.0,34.6,62.0,548.0,-32.5,1.5,95,0.0,0.0,0.0,0.0,0.0,-0.81,0.0
2025-12-23,PANC_006,Uruli Kanchan,0.0,34.6,62.0,540.0,-40.5,1.2,45,0.0,0.0,0.0,0.0,0.3,-1.01,0.0
2025-12-23,PANC_007,Khed Shivapur,0.0,34.6,62.0,645.0,64.5,8.5,245,1.0,0.0,0.0,0.0,0.0,1.61,0.0
2025-12-23,PANC_008,Kondhwa Budruk,0.0,34.6,62.0,610.0,29.5,6.1,225,1.0,0.0,0.0,0.0,0.0,0.74,0.0
2025-12-23,PANC_009,Dhayari,0.0,34.6,62.0,620.0,39.5,7.0,260,1.0,0.0,0.0,0.0,0.6,0.99,0.0
2025-12-23,PANC_010,Nanded Gramin,0.0,34.6,62.0,565.0,-15.5,2.8,10,0.0,0.0,0.0,0.0,0.4,-0.39,0.0
2025-12-23,PANC_101,Sampatchak Gramin,0.0,34.6,62.0,53.0,1.2,0.8,10,0.0,0.0,0.0,0.0,3.1,0.03,2.7
2025-12-23,PANC_102,Bairiya,0.0,34.6,62.0,51.5,-0.3,0.5,90,0.0,0.9,1.27,1.4,0.0,-0.01,0.0
2025-12-23,PANC_103,Kanhauli,0.0,34.6,62.0,54.2,2.4,1.1,180,1.0,0.9,1.27,1.4,0.0,0.06,0.0
2025-12-23,PANC_104,Chipura,0.0,34.6,62.0,50.8,-1.0,0.4,45,0.0,0.9,1.27,0.9,0.1,-0.03,0.0
2025-12-23,PANC_105,Sonagopalpur,0.0,34.6,62.0,52.0,0.2,0.6,85,0.0,0.9,1.27,0.8,0.5,0.01,0.0
2025-12-23,PANC_106,Tarangpur,0.0,34.6,62.0,49.5,-2.3,0.3,5,0.0,0.9,1.27,1.1,0.0,-0.06,0.0
2025-12-24,PANC_001,Wagholi,27.5,31.3,40.2,590.0,9.5,4.2,90,0.0,-0.5,1.07,26.4,21.1,0.24,26.8
2025-12-24,PANC_002,Hadapsar Rural,27.5,31.3,40.2,560.0,-20.5,2.1,0,0.0,-0.93,1.11,26.7,21.3,-0.51,27.9
2025-12-24,PANC_003,Manjari Khurd,27.5,31.3,40.2,552.0,-28.5,1.8,85,0.0,0.1,0.57,27.6,19.2,-0.71,25.5
2025-12-24,PANC_004,Phursungi,27.5,31.3,40.2,575.0,-5.5,3.5,180,1.0,-0.5,1.07,27.1,21.3,-0.14,28.1
2025-12-24,PANC_005,Loni Kalbhor,27.5,31.3,40.2,548.0,-32.5,1.5,95,0.0,-0.33,1.18,26.9,21.8,-0.81,27.6
2025-12-24,PANC_006,Uruli Kanchan,27.5,31.3,40.2,540.0,-40.5,1.2,45,0.0,-0.43,1.13,27.2,20.6,-1.01,27.0
2025-12-24,PANC_007,Khed Shivapur,27.5,31.3,40.2,645.0,64.5,8.5,245,1.0,-0.93,0.52,26.6,20.9,1.61,26.2
2025-12-24,PANC_008,Kondhwa Budruk,27.5,31.3,40.2,610.0,29.5,6.1,225,1.0,0.27,0.34,27.8,19.2,0.74,26.1
2025-12-24,PANC_009,Dhayari,27.5,31.3,40.2,620.0,39.5,7.0,260,1.0,-1.3,0.08,26.3,19.4,0.99,27.3
2025-12-24,PANC_010,Nanded Gramin,27.5,31.3,40.2,565.0,-15.5,2.8,10,0.0,-0.97,0.54,27.2,19.2,-0.39,26.3
2025-12-24,PANC_101,Sampatchak Gramin,27.5,31.3,40.2,53.0,1.2,0.8,10,0.0,0.1,0.57,27.7,19.9,0.03,27.2
2025-12-24,PANC_102,Bairiya,27.5,31.3,40.2,51.5,-0.3,0.5,90,0.0,0.13,0.61,27.4,22.6,-0.01,28.4
2025-12-24,PANC_103,Kanhauli,27.5,31.3,40.2,54.2,2.4,1.1,180,1.0,0.13,0.61,27.4,21.0,0.06,27.2
2025-12-24,PANC_104,Chipura,27.5,31.3,40.2,50.8,-1.0,0.4,45,0.0,0.1,0.57,27.7,19.9,-0.03,27.2
2025-12-24,PANC_105,Sonagopalpur,27.5,31.3,40.2,52.0,0.2,0.6,85,0.0,-0.3,0.0,27.2,21.0,0.01,27.2
2025-12-24,PANC_106,Tarangpur,27.5,31.3,40.2,49.5,-2.3,0.3,5,0.0,0.1,0.57,27.6,21.3,-0.06,28.5
2025-12-25,PANC_001,Wagholi,0.0,32.3,68.3,590.0,9.5,4.2,90,0.0,0.0,0.0,0.0,0.0,0.24,0.0
2025-12-25,PANC_002,Hadapsar Rural,0.0,32.3,68.3,560.0,-20.5,2.1,0,0.0,0.0,0.0,0.0,0.0,-0.51,0.0
2025-12-25,PANC_003,Manjari Khurd,0.0,32.3,68.3,552.0,-28.5,1.8,85,0.0,0.0,0.0,0.0,0.0,-0.71,0.0
2025-12-25,PANC_004,Phursungi,0.0,32.3,68.3,575.0,-5.5,3.5,180,1.0,0.0,0.0,0.0,0.5,-0.14,0.0
2025-12-25,PANC_005,Loni Kalbhor,0.0,32.3,68.3,548.0,-32.5,1.5,95,0.0,0.0,0.0,0.0,0.2,-0.81,0.0
2025-12-25,PANC_006,Uruli Kanchan,0.0,32.3,68.3,540.0,-40.5,1.2,45,0.0,0.0,0.0,0.0,1.3,-1.01,0.0
2025-12-25,PANC_007,Khed Shivapur,0.0,32.3,68.3,645.0,64.5,8.5,245,1.0,0.0,0.0,0.0,0.0,1.61,0.0
2025-12-25,PANC_008,Kondhwa Budruk,0.0,32.3,68.3,610.0,29.5,6.1,225,1.0,0.0,0.0,0.0,0.7,0.74,0.0
2025-12-25,PANC_009,Dhayari,0.0,32.3,68.3,620.0,39.5,7.0,260,1.0,0.0,0.0,0.0,0.0,0.99,0.0
2025-12-25,PANC_010,Nanded Gramin,0.0,32.3,68.3,565.0,-15.5,2.8,10,0.0,0.0,0.0,0.0,0.6,-0.39,0.0
2025-12-25,PANC_101,Sampatchak Gramin,0.0,32.3,68.3,53.0,1.2,0.8,10,0.0,0.0,0.0,0.0,0.0,0.03,0.0
2025-12-25,PANC_102,Bairiya,0.0,32.3,68.3,51.5,-0.3,0.5,90,0.0,0.0,0.0,0.0,0.9,-0.01,0.0
2025-12-25,PANC_103,Kanhauli,0.0,32.3,68.3,54.2,2.4,1.1,180,1.0,0.0,0.0,0.0,0.2,0.06,0.0
2025-12-25,PANC_104,Chipura,0.0,32.3,68.3,50.8,-1.0,0.4,45,0.0,0.0,0.0,0.0,0.0,-0.03,0.0
2025-12-25,PANC_105,Sonagopalpur,0.0,32.3,68.3,52.0,0.2,0.6,85,0.0,0.0,0.0,0.0,0.0,0.01,0.0
2025-12-25,PANC_106,Tarangpur,0.0,32.3,68.3,49.5,-2.3,0.3,5,0.0,0.0,0.0,0.0,0.0,-0.06,0.0
2025-12-26,PANC_001,Wagholi,0.0,33.5,55.4,590.0,9.5,4.2,90,0.0,0.0,0.0,0.0,0.4,0.24,0.0
2025-12-26,PANC_002,Hadapsar Rural,0.0,33.5,55.4,560.0,-20.5,2.1,0,0.0,0.0,0.0,0.0,0.0,-0.51,0.0
2025-12-26,PANC_003,Manjari Khurd,0.0,33.5,55.4,552.0,-28.5,1.8,85,0.0,0.0,0.0,0.0,0.0,-0.71,0.0
2025-12-26,PANC_004,Phursungi,0.0,33.5,55.4,575.0,-5.5,3.5,180,1.0,0.0,0.0,0.0,0.5,-0.14,0.0
2025-12-26,PANC_005,Loni Kalbhor,0.0,33.5,55.4,548.0,-32.5,1.5,95,0.0,0.0,0.0,0.0,1.2,-0.81,0.0
2025-12-26,PANC_006,Uruli Kanchan,0.0,33.5,55.4,540.0,-40.5,1.2,45,0.0,0.0,0.0,0.0,0.6,-1.01,0.0
2025-12-26,PANC_007,Khed Shivapur,0.0,33.5,55.4,645.0,64.5,8.5,245,1.0,0.0,0.0,0.0,0.7,1.61,0.0
2025-12-26,PANC_008,Kondhwa Budruk,0.0,33.5,55.4,610.0,29.5,6.1,225,1.0,0.0,0.0,0.0,0.0,0.74,0.0
2025-12-26,PANC_009,Dhayari,0.0,33.5,55.4,620.0,39.5,7.0,260,1.0,0.0,0.0,0.0,0.0,0.99,0.0
2025-12-26,PANC_010,Nanded Gramin,0.0,33.5,55.4,565.0,-15.5,2.8,10,0.0,0.0,0.0,0.0,1.2,-0.39,0.0
2025-12-26,PANC_101,Sampatchak Gramin,0.0,33.5,55.4,53.0,1.2,0.8,10,0.0,0.0,0.0,0.0,1.6,0.03,0.0
2025-12-26,PANC_102,Bairiya,0.0,33.5,55.4,51.5,-0.3,0.5,90,0.0,0.0,0.0,0.0,1.2,-0.01,0.0
2025-12-26,PANC_103,Kanhauli,0.0,33.5,55.4,54.2,2.4,1.1,180,1.0,0.0,0.0,0.0,0.0,0.06,0.0
2025-12-26,PANC_104,Chipura,0.0,33.5,55.4,50.8,-1.0,0.4,45,0.0,0.0,0.0,0.0,0.0,-0.03,0.0
2025-12-26,PANC_105,Sonagopalpur,0.0,33.5,55.4,52.0,0.2,0.6,85,0.0,0.0,0.0,0.0,0.0,0.01,0.0
2025-12-26,PANC_106,Tarangpur,0.0,33.5,55.4,49.5,-2.3,0.3,5,0.0,0.0,0.0,0.0,0.0,-0.06,0.0
2025-12-27,PANC_001,Wagholi,0.0,35.1,54.8,590.0,9.5,4.2,90,0.0,0.0,0.0,0.0,0.8,0.24,0.0
2025-12-27,PANC_002,Hadapsar Rural,0.0,35.1,54.8,560.0,-20.5,2.1,0,0.0,0.1,0.14,0.1,0.0,-0.51,0.0
2025-12-27,PANC_003,Manjari Khurd,0.0,35.1,54.8,552.0,-28.5,1.8,85,0.0,0.0,0.0,0.0,0.0,-0.71,0.0
2025-12-27,PANC_004,Phursungi,0.0,35.1,54.8,575.0,-5.5,3.5,180,1.0,0.0,0.0,0.0,0.7,-0.14,0.0
2025-12-27,PANC_005,Loni Kalbhor,0.0,35.1,54.8,548.0,-32.5,1.5,95,0.0,0.0,0.0,0.0,1.3,-0.81,0.0
2025-12-27,PANC_006,Uruli Kanchan,0.0,35.1,54.8,540.0,-40.5,1.2,45,0.0,0.0,0.0,0.0,0.6,-1.01,0.0
2025-12-27,PANC_007,Khed Shivapur,0.0,35.1,54.8,645.0,64.5,8.5,245,1.0,0.1,0.14,0.1,0.0,1.61,0.0
2025-12-27,PANC_008,Kondhwa Budruk,0.0,35.1,54.8,610.0,29.5,6.1,225,1.0,0.0,0.0,0.0,1.3,0.74,0.3
2025-12-27,PANC_009,Dhayari,0.0,35.1,54.8,620.0,39.5,7.0,260,1.0,0.1,0.14,0.0,0.0,0.99,0.0
2025-12-27,PANC_010,Nanded Gramin,0.0,35.1,54.8,565.0,-15.5,2.8,10,0.0,0.1,0.14,0.0,0.0,-0.39,0.0
2025-12-27,PANC_101,Sampatchak Gramin,0.0,35.1,54.8,53.0,1.2,0.8,10,0.0,0.0,0.0,0.0,0.5,0.03,0.0
2025-12-27,PANC_102,Bairiya,0.0,35.1,54.8,51.5,-0.3,0.5,90,0.0,0.0,0.0,0.0,0.0,-0.01,0.0
2025-12-27,PANC_103,Kanhauli,0.0,35.1,54.8,54.2,2.4,1.1,180,1.0,0.0,0.0,0.0,0.5,0.06,0.0
2025-12-27,PANC_104,Chipura,0.0,35.1,54.8,50.8,-1.0,0.4,45,0.0,0.0,0.0,0.0,0.1,-0.03,0.0
2025-12-27,PANC_105,Sonagopalpur,0.0,35.1,54.8,52.0,0.2,0.6,85,0.0,0.0,0.0,0.0,0.5,0.01,0.0
2025-12-27,PANC_106,Tarangpur,0.0,35.1,54.8,49.5,-2.3,0.3,5,0.0,0.0,0.0,0.0,0.0,-0.06,0.0
2025-12-28,PANC_001,Wagholi,0.0,35.9,67.8,590.0,9.5,4.2,90,0.0,0.0,0.0,0.0,0.0,0.24,0.0
2025-12-28,PANC_002,Hadapsar Rural,0.0,35.9,67.8,560.0,-20.5,2.1,0,0.0,0.0,0.0,0.0,1.6,-0.51,0.0
2025-12-28,PANC_003,Manjari Khurd,0.0,35.9,67.8,552.0,-28.5,1.8,85,0.0,0.0,0.0,0.0,0.0,-0.71,0.0
2025-12-28,PANC_004,Phursungi,0.0,35.9,67.8,575.0,-5.5,3.5,180,1.0,0.0,0.0,0.0,0.6,-0.14,0.0
2025-12-28,PANC_005,Loni Kalbhor,0.0,35.9,67.8,548.0,-32.5,1.5,95,0.0,0.0,0.0,0.0,0.6,-0.81,0.0
2025-12-28,PANC_006,Uruli Kanchan,0.0,35.9,67.8,540.0,-40.5,1.2,45,0.0,0.0,0.0,0.0,0.0,-1.01,0.0
2025-12-28,PANC_007,Khed Shivapur,0.0,35.9,67.8,645.0,64.5,8.5,245,1.0,0.0,0.0,0.0,0.1,1.61,0.0
2025-12-28,PANC_008,Kondhwa Budruk,0.0,35.9,67.8,610.0,29.5,6.1,225,1.0,0.0,0.0,0.0,1.2,0.74,0.0
2025-12-28,PANC_009,Dhayari,0.0,35.9,67.8,620.0,39.5,7.0,260,1.0,0.0,0.0,0.0,0.0,0.99,0.0
2025-12-28,PANC_010,Nanded Gramin,0.0,35.9,67.8,565.0,-15.5,2.8,10,0.0,0.0,0.0,0.0,0.0,-0.39,0.0
2025-12-28,PANC_101,Sampatchak Gramin,0.0,35.9,67.8,53.0,1.2,0.8,10,0.0,0.0,0.0,0.0,0.0,0.03,0.0
2025-12-28,PANC_102,Bairiya,0.0,35.9,67.8,51.5,-0.3,0.5,90,0.0,0.53,0.75,0.3,1.3,-0.01,0.0
2025-12-28,PANC_103,Kanhauli,0.0,35.9,67.8,54.2,2.4,1.1,180,1.0,0.53,0.75,0.2,0.0,0.06,0.0
2025-12-28,PANC_104,Chipura,0.0,35.9,67.8,50.8,-1.0,0.4,45,0.0,0.0,0.0,0.0,1.0,-0.03,0.0
2025-12-28,PANC_105,Sonagopalpur,0.0,35.9,67.8,52.0,0.2,0.6,85,0.0,0.0,0.0,0.0,0.0,0.01,0.0
2025-12-28,PANC_106,Tarangpur,0.0,35.9,67.8,49.5,-2.3,0.3,5,0.0,0.0,0.0,0.0,2.1,-0.06,1.6
2025-12-29,PANC_001,Wagholi,0.0,32.7,51.9,590.0,9.5,4.2,90,0.0,0.0,0.0,0.0,0.0,0.24,0.0
2025-12-29,PANC_002,Hadapsar Rural,0.0,32.7,51.9,560.0,-20.5,2.1,0,0.0,0.0,0.0,0.0,0.0,-0.51,0.0
2025-12-29,PANC_003,Manjari Khurd,0.0,32.7,51.9,552.0,-28.5,1.8,85,0.0,0.0,0.0,0.0,0.0,-0.71,0.0
2025-12-29,PANC_004,Phursungi,0.0,32.7,51.9,575.0,-5.5,3.5,180,1.0,0.0,0.0,0.0,0.9,-0.14,0.0
2025-12-29,PANC_005,Loni Kalbhor,0.0,32.7,51.9,548.0,-32.5,1.5,95,0.0,0.0,0.0,0.0,0.0,-0.81,0.0
2025-12-29,PANC_006,Uruli Kanchan,0.0,32.7,51.9,540.0,-40.5,1.2,45,0.0,0.0,0.0,0.0,0.1,-1.01,0.0
2025-12-29,PANC_007,Khed Shivapur,0.0,32.7,51.9,645.0,64.5,8.5,245,1.0,0.0,0.0,0.0,0.4,1.61,0.0
2025-12-29,PANC_008,Kondhwa Budruk,0.0,32.7,51.9,610.0,29.5,6.1,225,1.0,0.0,0.0,0.0,0.1,0.74,0.0
2025-12-29,PANC_009,Dhayari,0.0,32.7,51.9,620.0,39.5,7.0,260,1.0,0.0,0.0,0.0,0.6,0.99,0.0
2025-12-29,PANC_010,Nanded Gramin,0.0,32.7,51.9,565.0,-15.5,2.8,10,0.0,0.0,0.0,0.0,0.0,-0.39,0.0
2025-12-29,PANC_101,Sampatchak Gramin,0.0,32.7,51.9,53.0,1.2,0.8,10,0.0,0.0,0.0,0.0,0.5,0.03,0.0
2025-12-29,PANC_102,Bairiya,0.0,32.7,51.9,51.5,-0.3,0.5,90,0.0,0.0,0.0,0.0,0.5,-0.01,0.0
2025-12-29,PANC_103,Kanhauli,0.0,32.7,51.9,54.2,2.4,1.1,180,1.0,0.0,0.0,0.0,0.8,0.06,0.0
2025-12-29,PANC_104,Chipura,0.0,32.7,51.9,50.8,-1.0,0.4,45,0.0,0.0,0.0,0.0,0.0,-0.03,0.0
2025-12-29,PANC_105,Sonagopalpur,0.0,32.7,51.9,52.0,0.2,0.6,85,0.0,0.0,0.0,0.0,0.4,0.01,0.0
2025-12-29,PANC_106,Tarangpur,0.0,32.7,51.9,49.5,-2.3,0.3,5,0.0,0.0,0.0,0.0,0.7,-0.06,0.0
2025-12-30,PANC_001,Wagholi,9.0,31.8,49.4,590.0,9.5,4.2,90,0.0,0.7,1.1,10.3,6.2,0.24,8.0
2025-12-30,PANC_002,Hadapsar Rural,9.0,31.8,49.4,560.0,-20.5,2.1,0,0.0,0.33,1.25,9.5,6.8,-0.51,9.6
2025-12-30,PANC_003,Manjari Khurd,9.0,31.8,49.4,552.0,-28.5,1.8,85,0.0,-0.33,0.68,8.8,6.7,-0.71,11.1
2025-12-30,PANC_004,Phursungi,9.0,31.8,49.4,575.0,-5.5,3.5,180,1.0,0.7,1.1,9.7,5.5,-0.14,8.4
2025-12-30,PANC_005,Loni Kalbhor,9.0,31.8,49.4,548.0,-32.5,1.5,95,0.0,0.7,1.1,9.8,6.3,-0.81,8.4
2025-12-30,PANC_006,Uruli Kanchan,9.0,31.8,49.4,540.0,-40.5,1.2,45,0.0,0.3,1.27,9.1,5.8,-1.01,8.8
2025-12-30,PANC_007,Khed Shivapur,9.0,31.8,49.4,645.0,64.5,8.5,245,1.0,-0.47,0.45,8.6,5.4,1.61,7.7
2025-12-30,PANC_008,Kondhwa Budruk,9.0,31.8,49.4,610.0,29.5,6.1,225,1.0,0.03,0.49,9.0,6.8,0.74,8.5
2025-12-30,PANC_009,Dhayari,9.0,31.8,49.4,620.0,39.5,7.0,260,1.0,-0.93,0.33,8.0,6.9,0.99,9.1
2025-12-30,PANC_010,Nanded Gramin,9.0,31.8,49.4,565.0,-15.5,2.8,10,0.0,-0.57,0.57,9.0,6.8,-0.39,8.0
2025-12-30,PANC_101,Sampatchak Gramin,9.0,31.8,49.4,53.0,1.2,0.8,10,0.0,0.0,0.94,8.9,7.9,0.03,10.2
2025-12-30,PANC_102,Bairiya,9.0,31.8,49.4,51.5,-0.3,0.5,90,0.0,0.87,0.69,10.1,6.1,-0.01,7.7
2025-12-30,PANC_103,Kanhauli,9.0,31.8,49.4,54.2,2.4,1.1,180,1.0,0.5,0.54,9.7,6.9,0.06,9.9
2025-12-30,PANC_104,Chipura,9.0,31.8,49.4,50.8,-1.0,0.4,45,0.0,0.1,1.04,9.0,6.8,-0.03,10.5
2025-12-30,PANC_105,Sonagopalpur,9.0,31.8,49.4,52.0,0.2,0.6,85,0.0,1.2,0.24,10.1,6.7,0.01,9.4
2025-12-30,PANC_106,Tarangpur,9.0,31.8,49.4,49.5,-2.3,0.3,5,0.0,0.27,1.11,9.3,6.1,-0.06,8.9
2025-12-31,PANC_001,Wagholi,0.0,32.5,48.3,590.0,9.5,4.2,90,0.0,0.0,0.0,0.0,0.0,0.24,0.0
2025-12-31,PANC_002,Hadapsar Rural,0.0,32.5,48.3,560.0,-20.5,2.1,0,0.0,0.0,0.0,0.0,0.3,-0.51,0.0
2025-12-31,PANC_003,Manjari Khurd,0.0,32.5,48.3,552.0,-28.5,1.8,85,0.0,0.0,0.0,0.0,0.3,-0.71,0.0
2025-12-31,PANC_004,Phursungi,0.0,32.5,48.3,575.0,-5.5,3.5,180,1.0,0.0,0.0,0.0,0.0,-0.14,0.0
2025-12-31,PANC_005,Loni Kalbhor,0.0,32.5,48.3,548.0,-32.5,1.5,95,0.0,0.0,0.0,0.0,0.7,-0.81,0.0
2025-12-31,PANC_006,Uruli Kanchan,0.0,32.5,48.3,540.0,-40.5,1.2,45,0.0,0.0,0.0,0.0,0.0,-1.01,0.0
2025-12-31,PANC_007,Khed Shivapur,0.0,32.5,48.3,645.0,64.5,8.5,245,1.0,0.0,0.0,0.0,0.3,1.61,0.0
2025-12-31,PANC_008,Kondhwa Budruk,0.0,32.5,48.3,610.0,29.5,6.1,225,1.0,0.0,0.0,0.0,0.0,0.74,0.0
2025-12-31,PANC_009,Dhayari,0.0,32.5,48.3,620.0,39.5,7.0,260,1.0,0.0,0.0,0.0,0.3,0.99,0.0
2025-12-31,PANC_010,Nanded Gramin,0.0,32.5,48.3,565.0,-15.5,2.8,10,0.0,0.0,0.0,0.0,1.6,-0.39,0.0
2025-12-31,PANC_101,Sampatchak Gramin,0.0,32.5,48.3,53.0,1.2,0.8,10,0.0,0.0,0.0,0.0,0.0,0.03,0.0
2025-12-31,PANC_102,Bairiya,0.0,32.5,48.3,51.5,-0.3,0.5,90,0.0,0.0,0.0,0.0,0.0,-0.01,0.0
2025-12-31,PANC_103,Kanhauli,0.0,32.5,48.3,54.2,2.4,1.1,180,1.0,0.0,0.0,0.0,0.0,0.06,0.0
2025-12-31,PANC_104,Chipura,0.0,32.5,48.3,50.8,-1.0,0.4,45,0.0,0.0,0.0,0.0,0.1,-0.03,0.0
2025-12-31,PANC_105,Sonagopalpur,0.0,32.5,48.3,52.0,0.2,0.6,85,0.0,0.0,0.0,0.0,0.0,0.01,0.0
2025-12-31,PANC_106,Tarangpur,0.0,32.5,48.3,49.5,-2.3,0.3,5,0.0,0.0,0.0,0.0,0.3,-0.06,0.0
2026-01-01,PANC_001,Wagholi,0.0,35.5,68.8,590.0,9.5,4.2,90,0.0,2.73,3.87,1.3,0.3,0.24,0.0
2026-01-01,PANC_002,Hadapsar Rural,0.0,35.5,68.8,560.0,-20.5,2.1,0,0.0,0.0,0.0,0.0,0.4,-0.51,0.0
2026-01-01,PANC_003,Manjari Khurd,0.0,35.5,68.8,552.0,-28.5,1.8,85,0.0,0.0,0.0,0.0,0.0,-0.71,0.0
2026-01-01,PANC_004,Phursungi,0.0,35.5,68.8,575.0,-5.5,3.5,180,1.0,2.73,3.87,2.0,0.0,-0.14,0.0
2026-01-01,PANC_005,Loni Kalbhor,0.0,35.5,68.8,548.0,-32.5,1.5,95,0.0,0.0,0.0,0.0,7.7,-0.81,8.2
2026-01-01,PANC_006,Uruli Kanchan,0.0,35.5,68.8,540.0,-40.5,1.2,45,0.0,2.73,3.87,4.2,0.5,-1.01,0.0
2026-01-01,PANC_007,Khed Shivapur,0.0,35.5,68.8,645.0,64.5,8.5,245,1.0,0.0,0.0,0.0,0.4,1.61,0.0
2026-01-01,PANC_008,Kondhwa Budruk,0.0,35.5,68.8,610.0,29.5,6.1,225,1.0,0.0,0.0,0.0,0.0,0.74,0.0
2026-01-01,PANC_009,Dhayari,0.0,35.5,68.8,620.0,39.5,7.0,260,1.0,0.0,0.0,0.0,0.0,0.99,0.0
2026-01-01,PANC_010,Nanded Gramin,0.0,35.5,68.8,565.0,-15.5,2.8,10,0.0,0.0,0.0,0.0,0.0,-0.39,0.0
2026-01-01,PANC_101,Sampatchak Gramin,0.0,35.5,68.8,53.0,1.2,0.8,10,0.0,0.0,0.0,0.0,0.0,0.03,0.0
2026-01-01,PANC_102,Bairiya,0.0,35.5,68.8,51.5,-0.3,0.5,90,0.0,0.0,0.0,0.0,0.5,-0.01,0.0
2026-01-01,PANC_103,Kanhauli,0.0,35.5,68.8,54.2,2.4,1.1,180,1.0,0.0,0.0,0.0,0.5,0.06,0.0
2026-01-01,PANC_104,Chipura,0.0,35.5,68.8,50.8,-1.0,0.4,45,0.0,0.0,0.0,0.0,0.1,-0.03,0.0
2026-01-01,PANC_105,Sonagopalpur,0.0,35.5,68.8,52.0,0.2,0.6,85,0.0,0.0,0.0,0.0,0.7,0.01,0.0
2026-01-01,PANC_106,Tarangpur,0.0,35.5,68.8,49.5,-2.3,0.3,5,0.0,0.0,0.0,0.0,0.2,-0.06,0.0
2026-01-02,PANC_001,Wagholi,0.0,30.4,55.2,590.0,9.5,4.2,90,0.0,0.0,0.0,0.0,0.0,0.24,0.0
2026-01-02,PANC_002,Hadapsar Rural,0.0,30.4,55.2,560.0,-20.5,2.1,0,0.0,0.0,0.0,0.0,1.3,-0.51,0.0
2026-01-02,PANC_003,Manjari Khurd,0.0,30.4,55.2,552.0,-28.5,1.8,85,0.0,0.0,0.0,0.0,0.0,-0.71,0.0
2026-01-02,PANC_004,Phursungi,0.0,30.4,55.2,575.0,-5.5,3.5,180,1.0,0.0,0.0,0.0,0.0,-0.14,0.0
2026-01-02,PANC_005,Loni Kalbhor,0.0,30.4,55.2,548.0,-32.5,1.5,95,0.0,0.0,0.0,0.0,0.0,-0.81,0.0
2026-01-02,PANC_006,Uruli Kanchan,0.0,30.4,55.2,540.0,-40.5,1.2,45,0.0,0.0,0.0,0.0,0.0,-1.01,0.0
2026-01-02,PANC_007,Khed Shivapur,0.0,30.4,55.2,645.0,64.5,8.5,245,1.0,0.0,0.0,0.0,0.0,1.61,0.0
2026-01-02,PANC_008,Kondhwa Budruk,0.0,30.4,55.2,610.0,29.5,6.1,225,1.0,0.0,0.0,0.0,0.3,0.74,0.0
2026-01-02,PANC_009,Dhayari,0.0,30.4,55.2,620.0,39.5,7.0,260,1.0,0.0,0.0,0.0,0.5,0.99,0.0
2026-01-02,PANC_010,Nanded Gramin,0.0,30.4,55.2,565.0,-15.5,2.8,10,0.0,0.0,0.0,0.0,1.3,-0.39,0.0
2026-01-02,PANC_101,Sampatchak Gramin,0.0,30.4,55.2,53.0,1.2,0.8,10,0.0,0.0,0.0,0.0,0.0,0.03,0.0
2026-01-02,PANC_102,Bairiya,0.0,30.4,55.2,51.5,-0.3,0.5,90,0.0,0.33,0.47,0.3,0.6,-0.01,0.0
2026-01-02,PANC_103,Kanhauli,0.0,30.4,55.2,54.2,2.4,1.1,180,1.0,0.0,0.0,0.0,0.6,0.06,0.0
2026-01-02,PANC_104,Chipura,0.0,30.4,55.2,50.8,-1.0,0.4,45,0.0,0.0,0.0,0.0,0.0,-0.03,1.0
2026-01-02,PANC_105,Sonagopalpur,0.0,30.4,55.2,52.0,0.2,0.6,85,0.0,0.33,0.47,0.3,0.0,0.01,0.0
2026-01-02,PANC_106,Tarangpur,0.0,30.4,55.2,49.5,-2.3,0.3,5,0.0,0.0,0.0,0.0,0.0,-0.06,0.0
2026-01-03,PANC_001,Wagholi,0.0,34.3,60.1,590.0,9.5,4.2,90,0.0,0.0,0.0,0.0,0.5,0.24,0.0
2026-01-03,PANC_002,Hadapsar Rural,0.0,34.3,60.1,560.0,-20.5,2.1,0,0.0,0.0,0.0,0.0,0.0,-0.51,0.0
2026-01-03,PANC_003,Manjari Khurd,0.0,34.3,60.1,552.0,-28.5,1.8,85,0.0,0.0,0.0,0.0,0.0,-0.71,0.0
2026-01-03,PANC_004,Phursungi,0.0,34.3,60.1,575.0,-5.5,3.5,180,1.0,0.0,0.0,0.0,0.0,-0.14,0.0
2026-01-03,PANC_005,Loni Kalbhor,0.0,34.3,60.1,548.0,-32.5,1.5,95,0.0,0.0,0.0,0.0,1.6,-0.81,0.0
2026-01-03,PANC_006,Uruli Kanchan,0.0,34.3,60.1,540.0,-40.5,1.2,45,0.0,0.0,0.0,0.0,0.7,-1.01,0.0
2026-01-03,PANC_007,Khed Shivapur,0.0,34.3,60.1,645.0,64.5,8.5,245,1.0,0.0,0.0,0.0,0.0,1.61,0.0
2026-01-03,PANC_008,Kondhwa Budruk,0.0,34.3,60.1,610.0,29.5,6.1,225,1.0,0.0,0.0,0.0,0.0,0.74,0.0
2026-01-03,PANC_009,Dhayari,0.0,34.3,60.1,620.0,39.5,7.0,260,1.0,0.0,0.0,0.0,0.0,0.99,0.0
2026-01-03,PANC_010,Nanded Gramin,0.0,34.3,60.1,565.0,-15.5,2.8,10,0.0,0.0,0.0,0.0,1.2,-0.39,0.0
2026-01-03,PANC_101,Sampatchak Gramin,0.0,34.3,60.1,53.0,1.2,0.8,10,0.0,0.0,0.0,0.0,0.0,0.03,0.0
2026-01-03,PANC_102,Bairiya,0.0,34.3,60.1,51.5,-0.3,0.5,90,0.0,0.0,0.0,0.0,0.1,-0.01,0.0
2026-01-03,PANC_103,Kanhauli,0.0,34.3,60.1,54.2,2.4,1.1,180,1.0,0.0,0.0,0.0,0.0,0.06,0.0
2026-01-03,PANC_104,Chipura,0.0,34.3,60.1,50.8,-1.0,0.4,45,0.0,0.0,0.0,0.0,0.7,-0.03,0.0
2026-01-03,PANC_105,Sonagopalpur,0.0,34.3,60.1,52.0,0.2,0.6,85,0.0,0.0,0.0,0.0,0.0,0.01,0.0
2026-01-03,PANC_106,Tarangpur,0.0,34.3,60.1,49.5,-2.3,0.3,5,0.0,0.0,0.0,0.0,0.0,-0.06,0.0
2026-01-04,PANC_001,Wagholi,0.0,32.2,55.1,590.0,9.5,4.2,90,0.0,0.0,0.0,0.0,0.3,0.24,0.0
2026-01-04,PANC_002,Hadapsar Rural,0.0,32.2,55.1,560.0,-20.5,2.1,0,0.0,0.0,0.0,0.0,0.0,-0.51,0.0
2026-01-04,PANC_003,Manjari Khurd,0.0,32.2,55.1,552.0,-28.5,1.8,85,0.0,0.0,0.0,0.0,1.7,-0.71,0.0
2026-01-04,PANC_004,Phursungi,0.0,32.2,55.1,575.0,-5.5,3.5,180,1.0,0.0,0.0,0.0,0.0,-0.14,0.0
2026-01-04,PANC_005,Loni Kalbhor,0.0,32.2,55.1,548.0,-32.5,1.5,95,0.0,0.0,0.0,0.0,0.0,-0.81,0.0
2026-01-04,PANC_006,Uruli Kanchan,0.0,32.2,55.1,540.0,-40.5,1.2,45,0.0,0.0,0.0,0.0,1.0,-1.01,0.0
2026-01-04,PANC_007,Khed Shivapur,0.0,32.2,55.1,645.0,64.5,8.5,245,1.0,0.0,0.0,0.0,0.0,1.61,0.0
2026-01-04,PANC_008,Kondhwa Budruk,0.0,32.2,55.1,610.0,29.5,6.1,225,1.0,0.0,0.0,0.0,0.8,0.74,0.0
2026-01-04,PANC_009,Dhayari,0.0,32.2,55.1,620.0,39.5,7.0,260,1.0,0.0,0.0,0.0,0.1,0.99,0.0
2026-01-04,PANC_010,Nanded Gramin,0.0,32.2,55.1,565.0,-15.5,2.8,10,0.0,0.0,0.0,0.0,0.0,-0.39,0.0
2026-01-04,PANC_101,Sampatchak Gramin,0.0,32.2,55.1,53.0,1.2,0.8,10,0.0,0.7,0.99,0.8,0.2,0.03,0.0
2026-01-04,PANC_102,Bairiya,0.0,32.2,55.1,51.5,-0.3,0.5,90,0.0,0.43,0.61,0.2,1.7,-0.01,2.1
2026-01-04,PANC_103,Kanhauli,0.0,32.2,55.1,54.2,2.4,1.1,180,1.0,0.43,0.61,0.2,0.9,0.06,0.0
2026-01-04,PANC_104,Chipura,0.0,32.2,55.1,50.8,-1.0,0.4,45,0.0,0.7,0.99,0.9,0.4,-0.03,0.0
2026-01-04,PANC_105,Sonagopalpur,0.0,32.2,55.1,52.0,0.2,0.6,85,0.0,0.0,0.0,0.0,0.0,0.01,0.0
2026-01-04,PANC_106,Tarangpur,0.0,32.2,55.1,49.5,-2.3,0.3,5,0.0,0.7,0.99,0.7,1.8,-0.06,1.3
2026-01-05,PANC_001,Wagholi,0.0,31.8,51.2,590.0,9.5,4.2,90,0.0,0.0,0.0,0.0,0.0,0.24,0.0
2026-01-05,PANC_002,Hadapsar Rural,0.0,31.8,51.2,560.0,-20.5,2.1,0,0.0,0.0,0.0,0.0,1.5,-0.51,0.0
2026-01-05,PANC_003,Manjari Khurd,0.0,31.8,51.2,552.0,-28.5,1.8,85,0.0,0.0,0.0,0.0,1.0,-0.71,0.0
2026-01-05,PANC_004,Phursungi,0.0,31.8,51.2,575.0,-5.5,3.5,180,1.0,0.0,0.0,0.0,0.0,-0.14,0.0
2026-01-05,PANC_005,Loni Kalbhor,0.0,31.8,51.2,548.0,-32.5,1.5,95,0.0,0.0,0.0,0.0,0.0,-0.81,0.0
2026-01-05,PANC_006,Uruli Kanchan,0.0,31.8,51.2,540.0,-40.5,1.2,45,0.0,0.0,0.0,0.0,0.8,-1.01,0.0
2026-01-05,PANC_007,Khed Shivapur,0.0,31.8,51.2,645.0,64.5,8.5,245,1.0,0.0,0.0,0.0,1.6,1.61,0.0
2026-01-05,PANC_008,Kondhwa Budruk,0.0,31.8,51.2,610.0,29.5,6.1,225,1.0,0.0,0.0,0.0,0.8,0.74,0.0
2026-01-05,PANC_009,Dhayari,0.0,31.8,51.2,620.0,39.5,7.0,260,1.0,0.0,0.0,0.0,1.7,0.99,0.0
2026-01-05,PANC_010,Nanded Gramin,0.0,31.8,51.2,565.0,-15.5,2.8,10,0.0,0.0,0.0,0.0,0.0,-0.39,0.0
2026-01-05,PANC_101,Sampatchak Gramin,0.0,31.8,51.2,53.0,1.2,0.8,10,0.0,0.0,0.0,0.0,0.0,0.03,0.0
2026-01-05,PANC_102,Bairiya,0.0,31.8,51.2,51.5,-0.3,0.5,90,0.0,0.0,0.0,0.0,0.0,-0.01,0.0
2026-01-05,PANC_103,Kanhauli,0.0,31.8,51.2,54.2,2.4,1.1,180,1.0,0.0,0.0,0.0,0.4,0.06,0.0
2026-01-05,PANC_104,Chipura,0.0,31.8,51.2,50.8,-1.0,0.4,45,0.0,0.0,0.0,0.0,0.1,-0.03,0.0
2026-01-05,PANC_105,Sonagopalpur,0.0,31.8,51.2,52.0,0.2,0.6,85,0.0,0.0,0.0,0.0,0.0,0.01,0.0
2026-01-05,PANC_106,Tarangpur,0.0,31.8,51.2,49.5,-2.3,0.3,5,0.0,0.0,0.0,0.0,0.6,-0.06,0.0
2026-01-06,PANC_001,Wagholi,0.0,36.7,49.9,590.0,9.5,4.2,90,0.0,0.0,0.0,0.0,1.1,0.24,0.0
2026-01-06,PANC_002,Hadapsar Rural,0.0,36.7,49.9,560.0,-20.5,2.1,0,0.0,0.0,0.0,0.0,0.2,-0.51,0.0
2026-01-06,PANC_003,Manjari Khurd,0.0,36.7,49.9,552.0,-28.5,1.8,85,0.0,0.0,0.0,0.0,0.9,-0.71,0.0
2026-01-06,PANC_004,Phursungi,0.0,36.7,49.9,575.0,-5.5,3.5,180,1.0,0.0,0.0,0.0,0.1,-0.14,0.0
2026-01-06,PANC_005,Loni Kalbhor,0.0,36.7,49.9,548.0,-32.5,1.5,95,0.0,0.0,0.0,0.0,0.2,-0.81,0.0
2026-01-06,PANC_006,Uruli Kanchan,0.0,36.7,49.9,540.0,-40.5,1.2,45,0.0,0.0,0.0,0.0,0.0,-1.01,0.0
2026-01-06,PANC_007,Khed Shivapur,0.0,36.7,49.9,645.0,64.5,8.5,245,1.0,0.0,0.0,0.0,0.0,1.61,0.0
2026-01-06,PANC_008,Kondhwa Budruk,0.0,36.7,49.9,610.0,29.5,6.1,225,1.0,0.0,0.0,0.0,0.0,0.74,0.0
2026-01-06,PANC_009,Dhayari,0.0,36.7,49.9,620.0,39.5,7.0,260,1.0,0.0,0.0,0.0,0.1,0.99,0.0
2026-01-06,PANC_010,Nanded Gramin,0.0,36.7,49.9,565.0,-15.5,2.8,10,0.0,0.0,0.0,0.0,0.0,-0.39,0.0
2026-01-06,PANC_101,Sampatchak Gramin,0.0,36.7,49.9,53.0,1.2,0.8,10,0.0,0.0,0.0,0.0,0.0,0.03,0.0
2026-01-06,PANC_102,Bairiya,0.0,36.7,49.9,51.5,-0.3,0.5,90,0.0,0.0,0.0,0.0,0.0,-0.01,0.0
2026-01-06,PANC_103,Kanhauli,0.0,36.7,49.9,54.2,2.4,1.1,180,1.0,0.0,0.0,0.0,0.0,0.06,0.0
2026-01-06,PANC_104,Chipura,0.0,36.7,49.9,50.8,-1.0,0.4,45,0.0,0.0,0.0,0.0,0.7,-0.03,0.0
2026-01-06,PANC_105,Sonagopalpur,0.0,36.7,49.9,52.0,0.2,0.6,85,0.0,0.0,0.0,0.0,1.3,0.01,0.0
2026-01-06,PANC_106,Tarangpur,0.0,36.7,49.9,49.5,-2.3,0.3,5,0.0,0.0,0.0,0.0,0.0,-0.06,0.0
2026-01-07,PANC_001,Wagholi,0.0,30.8,66.7,590.0,9.5,4.2,90,0.0,0.0,0.0,0.0,0.0,0.24,0.0
2026-01-07,PANC_002,Hadapsar Rural,0.0,30.8,66.7,560.0,-20.5,2.1,0,0.0,0.0,0.0,0.0,0.8,-0.51,0.0
2026-01-07,PANC_003,Manjari Khurd,0.0,30.8,66.7,552.0,-28.5,1.8,85,0.0,0.0,0.0,0.0,0.0,-0.71,0.0
2026-01-07,PANC_004,Phursungi,0.0,30.8,66.7,575.0,-5.5,3.5,180,1.0,0.0,0.0,0.0,0.3,-0.14,0.0
2026-01-07,PANC_005,Loni Kalbhor,0.0,30.8,66.7,548.0,-32.5,1.5,95,0.0,0.0,0.0,0.0,0.0,-0.81,0.0
2026-01-07,PANC_006,Uruli Kanchan,0.0,30.8,66.7,540.0,-40.5,1.2,45,0.0,0.0,0.0,0.0,0.1,-1.01,0.0
2026-01-07,PANC_007,Khed Shivapur,0.0,30.8,66.7,645.0,64.5,8.5,245,1.0,0.0,0.0,0.0,0.7,1.61,0.0
2026-01-07,PANC_008,Kondhwa Budruk,0.0,30.8,66.7,610.0,29.5,6.1,225,1.0,0.0,0.0,0.0,0.0,0.74,0.0
2026-01-07,PANC_009,Dhayari,0.0,30.8,66.7,620.0,39.5,7.0,260,1.0,0.0,0.0,0.0,0.0,0.99,0.0
2026-01-07,PANC_010,Nanded Gramin,0.0,30.8,66.7,565.0,-15.5,2.8,10,0.0,0.0,0.0,0.0,0.1,-0.39,0.0
2026-01-07,PANC_101,Sampatchak Gramin,0.0,30.8,66.7,53.0,1.2,0.8,10,0.0,0.0,0.0,0.0,1.9,0.03,0.0
2026-01-07,PANC_102,Bairiya,0.0,30.8,66.7,51.5,-0.3,0.5,90,0.0,0.0,0.0,0.0,0.0,-0.01,0.0
2026-01-07,PANC_103,Kanhauli,0.0,30.8,66.7,54.2,2.4,1.1,180,1.0,0.0,0.0,0.0,1.6,0.06,0.0
2026-01-07,PANC_104,Chipura,0.0,30.8,66.7,50.8,-1.0,0.4,45,0.0,0.0,0.0,0.0,1.6,-0.03,0.0
2026-01-07,PANC_105,Sonagopalpur,0.0,30.8,66.7,52.0,0.2,0.6,85,0.0,0.0,0.0,0.0,0.0,0.01,0.0
2026-01-07,PANC_106,Tarangpur,0.0,30.8,66.7,49.5,-2.3,0.3,5,0.0,0.0,0.0,0.0,0.0,-0.06,0.0
2026-01-08,PANC_001,Wagholi,11.1,32.8,43.7,590.0,9.5,4.2,90,0.0,-0.43,1.37,10.7,8.5,0.24,11.1
2026-01-08,PANC_002,Hadapsar Rural,11.1,32.8,43.7,560.0,-20.5,2.1,0,0.0,-0.3,0.41,10.7,10.6,-0.51,12.5
2026-01-08,PANC_003,Manjari Khurd,11.1,32.8,43.7,552.0,-28.5,1.8,85,0.0,0.37,0.74,11.6,8.1,-0.71,10.3
2026-01-08,PANC_004,Phursungi,11.1,32.8,43.7,575.0,-5.5,3.5,180,1.0,-0.43,1.37,11.1,9.1,-0.14,10.8
2026-01-08,PANC_005,Loni Kalbhor,11.1,32.8,43.7,548.0,-32.5,1.5,95,0.0,0.1,0.94,10.9,7.4,-0.81,9.2
2026-01-08,PANC_006,Uruli Kanchan,11.1,32.8,43.7,540.0,-40.5,1.2,45,0.0,-1.0,0.67,9.8,7.0,-1.01,11.3
2026-01-08,PANC_007,Khed Shivapur,11.1,32.8,43.7,645.0,64.5,8.5,245,1.0,-0.07,0.25,11.1,9.8,1.61,11.7
2026-01-08,PANC_008,Kondhwa Budruk,11.1,32.8,43.7,610.0,29.5,6.1,225,1.0,0.37,0.74,11.5,8.6,0.74,11.3
2026-01-08,PANC_009,Dhayari,11.1,32.8,43.7,620.0,39.5,7.0,260,1.0,0.13,0.41,10.8,8.3,0.99,11.1
2026-01-08,PANC_010,Nanded Gramin,11.1,32.8,43.7,565.0,-15.5,2.8,10,0.0,0.27,0.25,11.1,8.3,-0.39,10.7
2026-01-08,PANC_101,Sampatchak Gramin,11.1,32.8,43.7,53.0,1.2,0.8,10,0.0,0.47,0.46,11.4,8.4,0.03,11.6
2026-01-08,PANC_102,Bairiya,11.1,32.8,43.7,51.5,-0.3,0.5,90,0.0,0.47,0.21,11.5,8.5,-0.01,11.1
2026-01-08,PANC_103,Kanhauli,11.1,32.8,43.7,54.2,2.4,1.1,180,1.0,0.77,0.25,11.8,8.1,0.06,11.4
2026-01-08,PANC_104,Chipura,11.1,32.8,43.7,50.8,-1.0,0.4,45,0.0,0.53,0.45,11.6,9.5,-0.03,11.3
2026-01-08,PANC_105,Sonagopalpur,11.1,32.8,43.7,52.0,0.2,0.6,85,0.0,0.33,0.12,11.4,9.1,0.01,12.2
2026-01-08,PANC_106,Tarangpur,11.1,32.8,43.7,49.5,-2.3,0.3,5,0.0,0.27,0.21,11.4,8.5,-0.06,11.8
2026-01-09,PANC_001,Wagholi,0.0,30.0,64.8,590.0,9.5,4.2,90,0.0,0.0,0.0,0.0,0.4,0.24,0.0
2026-01-09,PANC_002,Hadapsar Rural,0.0,30.0,64.8,560.0,-20.5,2.1,0,0.0,0.0,0.0,0.0,0.0,-0.51,0.0
2026-01-09,PANC_003,Manjari Khurd,0.0,30.0,64.8,552.0,-28.5,1.8,85,0.0,0.0,0.0,0.0,1.2,-0.71,0.0
2026-01-09,PANC_004,Phursungi,0.0,30.0,64.8,575.0,-5.5,3.5,180,1.0,0.0,0.0,0.0,0.8,-0.14,0.0
2026-01-09,PANC_005,Loni Kalbhor,0.0,30.0,64.8,548.0,-32.5,1.5,95,0.0,0.0,0.0,0.0,0.0,-0.81,0.0
2026-01-09,PANC_006,Uruli Kanchan,0.0,30.0,64.8,540.0,-40.5,1.2,45,0.0,0.0,0.0,0.0,0.0,-1.01,0.0
2026-01-09,PANC_007,Khed Shivapur,0.0,30.0,64.8,645.0,64.5,8.5,245,1.0,0.0,0.0,0.0,0.0,1.61,0.0
2026-01-09,PANC_008,Kondhwa Budruk,0.0,30.0,64.8,610.0,29.5,6.1,225,1.0,0.0,0.0,0.0,0.5,0.74,0.0
2026-01-09,PANC_009,Dhayari,0.0,30.0,64.8,620.0,39.5,7.0,260,1.0,0.0,0.0,0.0,0.0,0.99,0.0
2026-01-09,PANC_010,Nanded Gramin,0.0,30.0,64.8,565.0,-15.5,2.8,10,0.0,0.0,0.0,0.0,0.0,-0.39,0.0
2026-01-09,PANC_101,Sampatchak Gramin,0.0,30.0,64.8,53.0,1.2,0.8,10,0.0,0.0,0.0,0.0,0.4,0.03,0.0
2026-01-09,PANC_102,Bairiya,0.0,30.0,64.8,51.5,-0.3,0.5,90,0.0,0.0,0.0,0.0,0.0,-0.01,0.0
2026-01-09,PANC_103,Kanhauli,0.0,30.0,64.8,54.2,2.4,1.1,180,1.0,0.0,0.0,0.0,0.2,0.06,0.0
2026-01-09,PANC_104,Chipura,0.0,30.0,64.8,50.8,-1.0,0.4,45,0.0,0.0,0.0,0.0,0.0,-0.03,0.0
2026-01-09,PANC_105,Sonagopalpur,0.0,30.0,64.8,52.0,0.2,0.6,85,0.0,0.0,0.0,0.0,0.5,0.01,0.0
2026-01-09,PANC_106,Tarangpur,0.0,30.0,64.8,49.5,-2.3,0.3,5,0.0,0.0,0.0,0.0,0.0,-0.06,0.0
2026-01-10,PANC_001,Wagholi,0.0,34.4,45.2,590.0,9.5,4.2,90,0.0,0.0,0.0,0.0,0.0,0.24,0.0
2026-01-10,PANC_002,Hadapsar Rural,0.0,34.4,45.2,560.0,-20.5,2.1,0,0.0,0.0,0.0,0.0,0.8,-0.51,0.0
2026-01-10,PANC_003,Manjari Khurd,0.0,34.4,45.2,552.0,-28.5,1.8,85,0.0,0.0,0.0,0.0,0.6,-0.71,0.0
2026-01-10,PANC_004,Phursungi,0.0,34.4,45.2,575.0,-5.5,3.5,180,1.0,0.0,0.0,0.0,0.0,-0.14,0.0
2026-01-10,PANC_005,Loni Kalbhor,0.0,34.4,45.2,548.0,-32.5,1.5,95,0.0,0.0,0.0,0.0,0.0,-0.81,0.0
2026-01-10,PANC_006,Uruli Kanchan,0.0,34.4,45.2,540.0,-40.5,1.2,45,0.0,0.0,0.0,0.0,0.0,-1.01,0.0
2026-01-10,PANC_007,Khed Shivapur,0.0,34.4,45.2,645.0,64.5,8.5,245,1.0,0.0,0.0,0.0,0.0,1.61,0.0
2026-01-10,PANC_008,Kondhwa Budruk,0.0,34.4,45.2,610.0,29.5,6.1,225,1.0,0.0,0.0,0.0,0.0,0.74,0.0
2026-01-10,PANC_009,Dhayari,0.0,34.4,45.2,620.0,39.5,7.0,260,1.0,0.0,0.0,0.0,0.2,0.99,0.0
2026-01-10,PANC_010,Nanded Gramin,0.0,34.4,45.2,565.0,-15.5,2.8,10,0.0,0.0,0.0,0.0,0.3,-0.39,0.0
2026-01-10,PANC_101,Sampatchak Gramin,0.0,34.4,45.2,53.0,1.2,0.8,10,0.0,0.0,0.0,0.0,0.1,0.03,0.0
2026-01-10,PANC_102,Bairiya,0.0,34.4,45.2,51.5,-0.3,0.5,90,0.0,0.0,0.0,0.0,0.0,-0.01,0.0
2026-01-10,PANC_103,Kanhauli,0.0,34.4,45.2,54.2,2.4,1.1,180,1.0,0.0,0.0,0.0,0.7,0.06,0.0
2026-01-10,PANC_104,Chipura,0.0,34.4,45.2,50.8,-1.0,0.4,45,0.0,0.0,0.0,0.0,0.1,-0.03,0.0
2026-01-10,PANC_105,Sonagopalpur,0.0,34.4,45.2,52.0,0.2,0.6,85,0.0,0.0,0.0,0.0,0.6,0.01,0.0
2026-01-10,PANC_106,Tarangpur,0.0,34.4,45.2,49.5,-2.3,0.3,5,0.0,0.0,0.0,0.0,0.0,-0.06,0.0
2026-01-11,PANC_001,Wagholi,0.0,23.9,49.3,590.0,9.5,4.2,90,0.0,0.0,0.0,0.0,0.0,0.24,0.0
2026-01-11,PANC_002,Hadapsar Rural,0.0,23.9,49.3,560.0,-20.5,2.1,0,0.0,0.0,0.0,0.0,1.0,-0.51,0.0
2026-01-11,PANC_003,Manjari Khurd,0.0,23.9,49.3,552.0,-28.5,1.8,85,0.0,0.0,0.0,0.0,0.0,-0.71,0.0
2026-01-11,PANC_004,Phursungi,0.0,23.9,49.3,575.0,-5.5,3.5,180,1.0,0.0,0.0,0.0,0.5,-0.14,0.0
2026-01-11,PANC_005,Loni Kalbhor,0.0,23.9,49.3,548.0,-32.5,1.5,95,0.0,0.0,0.0,0.0,0.0,-0.81,0.0
2026-01-11,PANC_006,Uruli Kanchan,0.0,23.9,49.3,540.0,-40.5,1.2,45,0.0,0.0,0.0,0.0,0.3,-1.01,0.0
2026-01-11,PANC_007,Khed Shivapur,0.0,23.9,49.3,645.0,64.5,8.5,245,1.0,0.0,0.0,0.0,0.0,1.61,0.0
2026-01-11,PANC_008,Kondhwa Budruk,0.0,23.9,49.3,610.0,29.5,6.1,225,1.0,0.0,0.0,0.0,0.5,0.74,0.0
2026-01-11,PANC_009,Dhayari,0.0,23.9,49.3,620.0,39.5,7.0,260,1.0,0.0,0.0,0.0,0.0,0.99,0.0
2026-01-11,PANC_010,Nanded Gramin,0.0,23.9,49.3,565.0,-15.5,2.8,10,0.0,0.0,0.0,0.0,0.0,-0.39,0.0
2026-01-11,PANC_101,Sampatchak Gramin,0.0,23.9,49.3,53.0,1.2,0.8,10,0.0,0.0,0.0,0.0,0.5,0.03,0.0
2026-01-11,PANC_102,Bairiya,0.0,23.9,49.3,51.5,-0.3,0.5,90,0.0,0.0,0.0,0.0,0.0,-0.01,0.0
2026-01-11,PANC_103,Kanhauli,0.0,23.9,49.3,54.2,2.4,1.1,180,1.0,0.0,0.0,0.0,0.6,0.06,0.0
2026-01-11,PANC_104,Chipura,0.0,23.9,49.3,50.8,-1.0,0.4,45,0.0,0.0,0.0,0.0,0.2,-0.03,0.0
2026-01-11,PANC_105,Sonagopalpur,0.0,23.9,49.3,52.0,0.2,0.6,85,0.0,0.0,0.0,0.0,0.0,0.01,0.0
2026-01-11,PANC_106,Tarangpur,0.0,23.9,49.3,49.5,-2.3,0.3,5,0.0,0.0,0.0,0.0,0.0,-0.06,0.0
2026-01-12,PANC_001,Wagholi,21.8,33.0,60.8,590.0,9.5,4.2,90,0.0,-0.2,0.71,22.0,16.8,0.24,21.5
2026-01-12,PANC_002,Hadapsar Rural,21.8,33.0,60.8,560.0,-20.5,2.1,0,0.0,-0.1,0.65,21.8,14.9,-0.51,21.1
2026-01-12,PANC_003,Manjari Khurd,21.8,33.0,60.8,552.0,-28.5,1.8,85,0.0,-0.47,0.17,21.3,17.8,-0.71,22.6
2026-01-12,PANC_004,Phursungi,21.8,33.0,60.8,575.0,-5.5,3.5,180,1.0,-0.2,0.71,21.5,17.0,-0.14,21.4
2026-01-12,PANC_005,Loni Kalbhor,21.8,33.0,60.8,548.0,-32.5,1.5,95,0.0,-0.1,0.65,21.9,14.9,-0.81,21.1
2026-01-12,PANC_006,Uruli Kanchan,21.8,33.0,60.8,540.0,-40.5,1.2,45,0.0,-0.1,0.65,21.6,13.4,-1.01,19.1
2026-01-12,PANC_007,Khed Shivapur,21.8,33.0,60.8,645.0,64.5,8.5,245,1.0,-0.6,0.22,21.2,15.3,1.61,21.1
2026-01-12,PANC_008,Kondhwa Budruk,21.8,33.0,60.8,610.0,29.5,6.1,225,1.0,-0.47,0.17,21.3,14.7,0.74,21.1
2026-01-12,PANC_009,Dhayari,21.8,33.0,60.8,620.0,39.5,7.0,260,1.0,-0.73,0.05,21.0,15.5,0.99,21.5
2026-01-12,PANC_010,Nanded Gramin,21.8,33.0,60.8,565.0,-15.5,2.8,10,0.0,-0.57,0.19,21.5,15.4,-0.39,21.0
2026-01-12,PANC_101,Sampatchak Gramin,21.8,33.0,60.8,53.0,1.2,0.8,10,0.0,-0.87,0.17,21.0,17.5,0.03,22.8
2026-01-12,PANC_102,Bairiya,21.8,33.0,60.8,51.5,-0.3,0.5,90,0.0,0.93,0.57,22.7,15.8,-0.01,21.0
2026-01-12,PANC_103,Kanhauli,21.8,33.0,60.8,54.2,2.4,1.1,180,1.0,0.5,1.16,22.1,15.7,0.06,21.1
2026-01-12,PANC_104,Chipura,21.8,33.0,60.8,50.8,-1.0,0.4,45,0.0,-0.3,0.93,21.5,16.1,-0.03,22.0
2026-01-12,PANC_105,Sonagopalpur,21.8,33.0,60.8,52.0,0.2,0.6,85,0.0,0.17,0.69,21.8,14.5,0.01,20.7
2026-01-12,PANC_106,Tarangpur,21.8,33.0,60.8,49.5,-2.3,0.3,5,0.0,-0.17,0.83,21.8,18.0,-0.06,23.4
2026-01-13,PANC_001,Wagholi,0.0,34.7,48.1,590.0,9.5,4.2,90,0.0,0.0,0.0,0.0,5.9,0.24,8.2
2026-01-13,PANC_002,Hadapsar Rural,0.0,34.7,48.1,560.0,-20.5,2.1,0,0.0,0.0,0.0,0.0,1.4,-0.51,0.0
2026-01-13,PANC_003,Manjari Khurd,0.0,34.7,48.1,552.0,-28.5,1.8,85,0.0,2.73,3.87,2.6,0.7,-0.71,0.0
2026-01-13,PANC_004,Phursungi,0.0,34.7,48.1,575.0,-5.5,3.5,180,1.0,0.0,0.0,0.0,0.0,-0.14,0.0
2026-01-13,PANC_005,Loni Kalbhor,0.0,34.7,48.1,548.0,-32.5,1.5,95,0.0,0.0,0.0,0.0,0.7,-0.81,0.0
2026-01-13,PANC_006,Uruli Kanchan,0.0,34.7,48.1,540.0,-40.5,1.2,45,0.0,0.0,0.0,0.0,0.5,-1.01,0.0
2026-01-13,PANC_007,Khed Shivapur,0.0,34.7,48.1,645.0,64.5,8.5,245,1.0,0.0,0.0,0.0,0.0,1.61,0.0
2026-01-13,PANC_008,Kondhwa Budruk,0.0,34.7,48.1,610.0,29.5,6.1,225,1.0,0.0,0.0,0.0,0.0,0.74,0.0
2026-01-13,PANC_009,Dhayari,0.0,34.7,48.1,620.0,39.5,7.0,260,1.0,0.0,0.0,0.0,0.0,0.99,0.0
2026-01-13,PANC_010,Nanded Gramin,0.0,34.7,48.1,565.0,-15.5,2.8,10,0.0,0.0,0.0,0.0,0.2,-0.39,0.0
2026-01-13,PANC_101,Sampatchak Gramin,0.0,34.7,48.1,53.0,1.2,0.8,10,0.0,0.1,0.14,0.1,0.0,0.03,0.0
2026-01-13,PANC_102,Bairiya,0.0,34.7,48.1,51.5,-0.3,0.5,90,0.0,0.0,0.0,0.0,1.1,-0.01,0.3
2026-01-13,PANC_103,Kanhauli,0.0,34.7,48.1,54.2,2.4,1.1,180,1.0,0.0,0.0,0.0,1.1,0.06,0.0
2026-01-13,PANC_104,Chipura,0.0,34.7,48.1,50.8,-1.0,0.4,45,0.0,0.1,0.14,0.1,0.0,-0.03,0.0
2026-01-13,PANC_105,Sonagopalpur,0.0,34.7,48.1,52.0,0.2,0.6,85,0.0,0.0,0.0,0.0,0.9,0.01,0.0
2026-01-13,PANC_106,Tarangpur,0.0,34.7,48.1,49.5,-2.3,0.3,5,0.0,0.1,0.14,0.1,0.0,-0.06,0.0
2026-01-14,PANC_001,Wagholi,0.0,30.9,60.1,590.0,9.5,4.2,90,0.0,0.0,0.0,0.0,0.0,0.24,0.0
2026-01-14,PANC_002,Hadapsar Rural,0.0,30.9,60.1,560.0,-20.5,2.1,0,0.0,0.03,0.05,0.0,1.4,-0.51,0.0
2026-01-14,PANC_003,Manjari Khurd,0.0,30.9,60.1,552.0,-28.5,1.8,85,0.0,0.0,0.0,0.0,0.0,-0.71,0.0
2026-01-14,PANC_004,Phursungi,0.0,30.9,60.1,575.0,-5.5,3.5,180,1.0,0.0,0.0,0.0,0.0,-0.14,0.0
2026-01-14,PANC_005,Loni Kalbhor,0.0,30.9,60.1,548.0,-32.5,1.5,95,0.0,0.0,0.0,0.0,0.4,-0.81,0.0
2026-01-14,PANC_006,Uruli Kanchan,0.0,30.9,60.1,540.0,-40.5,1.2,45,0.0,0.0,0.0,0.0,0.0,-1.01,0.2
2026-01-14,PANC_007,Khed Shivapur,0.0,30.9,60.1,645.0,64.5,8.5,245,1.0,0.03,0.05,0.0,0.0,1.61,0.0
2026-01-14,PANC_008,Kondhwa Budruk,0.0,30.9,60.1,610.0,29.5,6.1,225,1.0,0.0,0.0,0.0,1.0,0.74,0.1
2026-01-14,PANC_009,Dhayari,0.0,30.9,60.1,620.0,39.5,7.0,260,1.0,0.03,0.05,0.0,0.0,0.99,0.0
2026-01-14,PANC_010,Nanded Gramin,0.0,30.9,60.1,565.0,-15.5,2.8,10,0.0,0.03,0.05,0.0,1.8,-0.39,0.0
2026-01-14,PANC_101,Sampatchak Gramin,0.0,30.9,60.1,53.0,1.2,0.8,10,0.0,0.0,0.0,0.0,0.0,0.03,0.0
2026-01-14,PANC_102,Bairiya,0.0,30.9,60.1,51.5,-0.3,0.5,90,0.0,0.3,0.42,0.2,0.0,-0.01,0.0
2026-01-14,PANC_103,Kanhauli,0.0,30.9,60.1,54.2,2.4,1.1,180,1.0,0.3,0.42,0.1,0.4,0.06,0.0
2026-01-14,PANC_104,Chipura,0.0,30.9,60.1,50.8,-1.0,0.4,45,0.0,0.0,0.0,0.0,0.4,-0.03,0.0
2026-01-14,PANC_105,Sonagopalpur,0.0,30.9,60.1,52.0,0.2,0.6,85,0.0,0.0,0.0,0.0,0.0,0.01,0.0
2026-01-14,PANC_106,Tarangpur,0.0,30.9,60.1,49.5,-2.3,0.3,5,0.0,0.0,0.0,0.0,0.2,-0.06,0.9
2026-01-15,PANC_001,Wagholi,0.0,33.7,58.1,590.0,9.5,4.2,90,0.0,0.0,0.0,0.0,0.0,0.24,0.0
2026-01-15,PANC_002,Hadapsar Rural,0.0,33.7,58.1,560.0,-20.5,2.1,0,0.0,0.0,0.0,0.0,1.1,-0.51,0.0
2026-01-15,PANC_003,Manjari Khurd,0.0,33.7,58.1,552.0,-28.5,1.8,85,0.0,0.0,0.0,0.0,0.2,-0.71,0.0
2026-01-15,PANC_004,Phursungi,0.0,33.7,58.1,575.0,-5.5,3.5,180,1.0,0.0,0.0,0.0,0.5,-0.14,0.0
2026-01-15,PANC_005,Loni Kalbhor,0.0,33.7,58.1,548.0,-32.5,1.5,95,0.0,0.0,0.0,0.0,0.0,-0.81,0.0
2026-01-15,PANC_006,Uruli Kanchan,0.0,33.7,58.1,540.0,-40.5,1.2,45,0.0,0.0,0.0,0.0,1.0,-1.01,0.0
2026-01-15,PANC_007,Khed Shivapur,0.0,33.7,58.1,645.0,64.5,8.5,245,1.0,0.0,0.0,0.0,1.0,1.61,0.0
2026-01-15,PANC_008,Kondhwa Budruk,0.0,33.7,58.1,610.0,29.5,6.1,225,1.0,0.0,0.0,0.0,0.0,0.74,0.0
2026-01-15,PANC_009,Dhayari,0.0,33.7,58.1,620.0,39.5,7.0,260,1.0,0.0,0.0,0.0,0.0,0.99,0.0
2026-01-15,PANC_010,Nanded Gramin,0.0,33.7,58.1,565.0,-15.5,2.8,10,0.0,0.0,0.0,0.0,0.4,-0.39,0.0
2026-01-15,PANC_101,Sampatchak Gramin,0.0,33.7,58.1,53.0,1.2,0.8,10,0.0,0.0,0.0,0.0,0.5,0.03,0.0
2026-01-15,PANC_102,Bairiya,0.0,33.7,58.1,51.5,-0.3,0.5,90,0.0,0.0,0.0,0.0,0.0,-0.01,0.0
2026-01-15,PANC_103,Kanhauli,0.0,33.7,58.1,54.2,2.4,1.1,180,1.0,0.0,0.0,0.0,0.0,0.06,0.0
2026-01-15,PANC_104,Chipura,0.0,33.7,58.1,50.8,-1.0,0.4,45,0.0,0.0,0.0,0.0,0.0,-0.03,0.0
2026-01-15,PANC_105,Sonagopalpur,0.0,33.7,58.1,52.0,0.2,0.6,85,0.0,0.0,0.0,0.0,0.1,0.01,0.0
2026-01-15,PANC_106,Tarangpur,0.0,33.7,58.1,49.5,-2.3,0.3,5,0.0,0.0,0.0,0.0,1.0,-0.06,0.0
2026-01-16,PANC_001,Wagholi,0.0,30.7,61.3,590.0,9.5,4.2,90,0.0,0.0,0.0,0.0,0.0,0.24,0.0
2026-01-16,PANC_002,Hadapsar Rural,0.0,30.7,61.3,560.0,-20.5,2.1,0,0.0,0.0,0.0,0.0,0.0,-0.51,0.0
2026-01-16,PANC_003,Manjari Khurd,0.0,30.7,61.3,552.0,-28.5,1.8,85,0.0,0.0,0.0,0.0,0.1,-0.71,0.0
2026-01-16,PANC_004,Phursungi,0.0,30.7,61.3,575.0,-5.5,3.5,180,1.0,0.0,0.0,0.0,0.7,-0.14,0.0
2026-01-16,PANC_005,Loni Kalbhor,0.0,30.7,61.3,548.0,-32.5,1.5,95,0.0,0.0,0.0,0.0,0.8,-0.81,0.0
2026-01-16,PANC_006,Uruli Kanchan,0.0,30.7,61.3,540.0,-40.5,1.2,45,0.0,0.0,0.0,0.0,0.1,-1.01,0.0
2026-01-16,PANC_007,Khed Shivapur,0.0,30.7,61.3,645.0,64.5,8.5,245,1.0,0.0,0.0,0.0,0.0,1.61,0.0
2026-01-16,PANC_008,Kondhwa Budruk,0.0,30.7,61.3,610.0,29.5,6.1,225,1.0,0.0,0.0,0.0,0.2,0.74,0.0
2026-01-16,PANC_009,Dhayari,0.0,30.7,61.3,620.0,39.5,7.0,260,1.0,0.0,0.0,0.0,0.5,0.99,0.0
2026-01-16,PANC_010,Nanded Gramin,0.0,30.7,61.3,565.0,-15.5,2.8,10,0.0,0.0,0.0,0.0,0.2,-0.39,0.0
2026-01-16,PANC_101,Sampatchak Gramin,0.0,30.7,61.3,53.0,1.2,0.8,10,0.0,0.0,0.0,0.0,1.0,0.03,0.0
2026-01-16,PANC_102,Bairiya,0.0,30.7,61.3,51.5,-0.3,0.5,90,0.0,0.0,0.0,0.0,0.0,-0.01,0.0
2026-01-16,PANC_103,Kanhauli,0.0,30.7,61.3,54.2,2.4,1.1,180,1.0,0.0,0.0,0.0,0.0,0.06,0.0
2026-01-16,PANC_104,Chipura,0.0,30.7,61.3,50.8,-1.0,0.4,45,0.0,0.0,0.0,0.0,0.9,-0.03,0.0
2026-01-16,PANC_105,Sonagopalpur,0.0,30.7,61.3,52.0,0.2,0.6,85,0.0,0.0,0.0,0.0,0.0,0.01,0.0
2026-01-16,PANC_106,Tarangpur,0.0,30.7,61.3,49.5,-2.3,0.3,5,0.0,0.0,0.0,0.0,0.0,-0.06,0.0
2026-01-17,PANC_001,Wagholi,0.0,30.8,58.8,590.0,9.5,4.2,90,0.0,0.0,0.0,0.0,0.0,0.24,0.0
2026-01-17,PANC_002,Hadapsar Rural,0.0,30.8,58.8,560.0,-20.5,2.1,0,0.0,0.0,0.0,0.0,0.0,-0.51,0.0
2026-01-17,PANC_003,Manjari Khurd,0.0,30.8,58.8,552.0,-28.5,1.8,85,0.0,0.0,0.0,0.0,0.0,-0.71,0.0
2026-01-17,PANC_004,Phursungi,0.0,30.8,58.8,575.0,-5.5,3.5,180,1.0,0.0,0.0,0.0,0.0,-0.14,0.0
2026-01-17,PANC_005,Loni Kalbhor,0.0,30.8,58.8,548.0,-32.5,1.5,95,0.0,0.0,0.0,0.0,0.0,-0.81,0.0
2026-01-17,PANC_006,Uruli Kanchan,0.0,30.8,58.8,540.0,-40.5,1.2,45,0.0,0.0,0.0,0.0,0.0,-1.01,0.0
2026-01-17,PANC_007,Khed Shivapur,0.0,30.8,58.8,645.0,64.5,8.5,245,1.0,0.0,0.0,0.0,1.3,1.61,0.0
2026-01-17,PANC_008,Kondhwa Budruk,0.0,30.8,58.8,610.0,29.5,6.1,225,1.0,0.0,0.0,0.0,0.5,0.74,0.0
2026-01-17,PANC_009,Dhayari,0.0,30.8,58.8,620.0,39.5,7.0,260,1.0,0.0,0.0,0.0,0.2,0.99,0.0
2026-01-17,PANC_010,Nanded Gramin,0.0,30.8,58.8,565.0,-15.5,2.8,10,0.0,0.0,0.0,0.0,0.0,-0.39,0.0
2026-01-17,PANC_101,Sampatchak Gramin,0.0,30.8,58.8,53.0,1.2,0.8,10,0.0,0.0,0.0,0.0,0.0,0.03,0.0
2026-01-17,PANC_102,Bairiya,0.0,30.8,58.8,51.5,-0.3,0.5,90,0.0,0.0,0.0,0.0,1.1,-0.01,0.0
2026-01-17,PANC_103,Kanhauli,0.0,30.8,58.8,54.2,2.4,1.1,180,1.0,0.0,0.0,0.0,0.2,0.06,0.0
2026-01-17,PANC_104,Chipura,0.0,30.8,58.8,50.8,-1.0,0.4,45,0.0,0.0,0.0,0.0,0.0,-0.03,0.0
2026-01-17,PANC_105,Sonagopalpur,0.0,30.8,58.8,52.0,0.2,0.6,85,0.0,0.0,0.0,0.0,0.0,0.01,0.0
2026-01-17,PANC_106,Tarangpur,0.0,30.8,58.8,49.5,-2.3,0.3,5,0.0,0.0,0.0,0.0,0.0,-0.06,0.0
2026-01-18,PANC_001,Wagholi,0.0,31.4,54.2,590.0,9.5,4.2,90,0.0,0.63,0.9,0.3,0.0,0.24,0.0
2026-01-18,PANC_002,Hadapsar Rural,0.0,31.4,54.2,560.0,-20.5,2.1,0,0.0,0.0,0.0,0.0,0.0,-0.51,0.0
2026-01-18,PANC_003,Manjari Khurd,0.0,31.4,54.2,552.0,-28.5,1.8,85,0.0,0.0,0.0,0.0,0.0,-0.71,0.0
2026-01-18,PANC_004,Phursungi,0.0,31.4,54.2,575.0,-5.5,3.5,180,1.0,0.63,0.9,0.5,0.0,-0.14,0.0
2026-01-18,PANC_005,Loni Kalbhor,0.0,31.4,54.2,548.0,-32.5,1.5,95,0.0,0.0,0.0,0.0,0.0,-0.81,1.9
2026-01-18,PANC_006,Uruli Kanchan,0.0,31.4,54.2,540.0,-40.5,1.2,45,0.0,0.63,0.9,1.0,0.8,-1.01,0.0
2026-01-18,PANC_007,Khed Shivapur,0.0,31.4,54.2,645.0,64.5,8.5,245,1.0,0.0,0.0,0.0,0.0,1.61,0.0
2026-01-18,PANC_008,Kondhwa Budruk,0.0,31.4,54.2,610.0,29.5,6.1,225,1.0,0.0,0.0,0.0,0.0,0.74,0.0
2026-01-18,PANC_009,Dhayari,0.0,31.4,54.2,620.0,39.5,7.0,260,1.0,0.0,0.0,0.0,0.6,0.99,0.0
2026-01-18,PANC_010,Nanded Gramin,0.0,31.4,54.2,565.0,-15.5,2.8,10,0.0,0.0,0.0,0.0,0.0,-0.39,0.0
2026-01-18,PANC_101,Sampatchak Gramin,0.0,31.4,54.2,53.0,1.2,0.8,10,0.0,0.0,0.0,0.0,0.0,0.03,0.0
2026-01-18,PANC_102,Bairiya,0.0,31.4,54.2,51.5,-0.3,0.5,90,0.0,0.0,0.0,0.0,0.2,-0.01,0.0
2026-01-18,PANC_103,Kanhauli,0.0,31.4,54.2,54.2,2.4,1.1,180,1.0,0.0,0.0,0.0,0.9,0.06,0.0
2026-01-18,PANC_104,Chipura,0.0,31.4,54.2,50.8,-1.0,0.4,45,0.0,0.0,0.0,0.0,0.0,-0.03,0.0
2026-01-18,PANC_105,Sonagopalpur,0.0,31.4,54.2,52.0,0.2,0.6,85,0.0,0.0,0.0,0.0,0.0,0.01,0.0
2026-01-18,PANC_106,Tarangpur,0.0,31.4,54.2,49.5,-2.3,0.3,5,0.0,0.0,0.0,0.0,0.0,-0.06,0.0
2026-01-19,PANC_001,Wagholi,0.0,31.8,42.7,590.0,9.5,4.2,90,0.0,0.0,0.0,0.0,0.5,0.24,0.0
2026-01-19,PANC_002,Hadapsar Rural,0.0,31.8,42.7,560.0,-20.5,2.1,0,0.0,0.0,0.0,0.0,0.0,-0.51,0.0
2026-01-19,PANC_003,Manjari Khurd,0.0,31.8,42.7,552.0,-28.5,1.8,85,0.0,0.0,0.0,0.0,0.0,-0.71,0.0
2026-01-19,PANC_004,Phursungi,0.0,31.8,42.7,575.0,-5.5,3.5,180,1.0,0.0,0.0,0.0,0.0,-0.14,0.0
2026-01-19,PANC_005,Loni Kalbhor,0.0,31.8,42.7,548.0,-32.5,1.5,95,0.0,0.0,0.0,0.0,0.0,-0.81,0.0
2026-01-19,PANC_006,Uruli Kanchan,0.0,31.8,42.7,540.0,-40.5,1.2,45,0.0,0.0,0.0,0.0,0.2,-1.01,0.0
2026-01-19,PANC_007,Khed Shivapur,0.0,31.8,42.7,645.0,64.5,8.5,245,1.0,0.0,0.0,0.0,0.0,1.61,0.0
2026-01-19,PANC_008,Kondhwa Budruk,0.0,31.8,42.7,610.0,29.5,6.1,225,1.0,0.0,0.0,0.0,0.5,0.74,0.0
2026-01-19,PANC_009,Dhayari,0.0,31.8,42.7,620.0,39.5,7.0,260,1.0,0.0,0.0,0.0,0.9,0.99,0.0
2026-01-19,PANC_010,Nanded Gramin,0.0,31.8,42.7,565.0,-15.5,2.8,10,0.0,0.0,0.0,0.0,0.0,-0.39,0.0
2026-01-19,PANC_101,Sampatchak Gramin,0.0,31.8,42.7,53.0,1.2,0.8,10,0.0,0.0,0.0,0.0,0.1,0.03,0.0
2026-01-19,PANC_102,Bairiya,0.0,31.8,42.7,51.5,-0.3,0.5,90,0.0,0.0,0.0,0.0,0.0,-0.01,0.0
2026-01-19,PANC_103,Kanhauli,0.0,31.8,42.7,54.2,2.4,1.1,180,1.0,0.0,0.0,0.0,0.2,0.06,0.0
2026-01-19,PANC_104,Chipura,0.0,31.8,42.7,50.8,-1.0,0.4,45,0.0,0.0,0.0,0.0,0.0,-0.03,0.0
2026-01-19,PANC_105,Sonagopalpur,0.0,31.8,42.7,52.0,0.2,0.6,85,0.0,0.0,0.0,0.0,0.0,0.01,0.0
2026-01-19,PANC_106,Tarangpur,0.0,31.8,42.7,49.5,-2.3,0.3,5,0.0,0.0,0.0,0.0,1.2,-0.06,0.0
2026-01-20,PANC_001,Wagholi,0.0,38.6,57.3,590.0,9.5,4.2,90,0.0,0.0,0.0,0.0,0.0,0.24,0.0
2026-01-20,PANC_002,Hadapsar Rural,0.0,38.6,57.3,560.0,-20.5,2.1,0,0.0,0.0,0.0,0.0,0.9,-0.51,0.0
2026-01-20,PANC_003,Manjari Khurd,0.0,38.6,57.3,552.0,-28.5,1.8,85,0.0,0.0,0.0,0.0,0.0,-0.71,0.0
2026-01-20,PANC_004,Phursungi,0.0,38.6,57.3,575.0,-5.5,3.5,180,1.0,0.0,0.0,0.0,0.0,-0.14,0.0
2026-01-20,PANC_005,Loni Kalbhor,0.0,38.6,57.3,548.0,-32.5,1.5,95,0.0,0.0,0.0,0.0,0.7,-0.81,0.0
2026-01-20,PANC_006,Uruli Kanchan,0.0,38.6,57.3,540.0,-40.5,1.2,45,0.0,0.0,0.0,0.0,1.3,-1.01,0.0
2026-01-20,PANC_007,Khed Shivapur,0.0,38.6,57.3,645.0,64.5,8.5,245,1.0,0.0,0.0,0.0,0.0,1.61,0.0
2026-01-20,PANC_008,Kondhwa Budruk,0.0,38.6,57.3,610.0,29.5,6.1,225,1.0,0.0,0.0,0.0,0.0,0.74,0.0
2026-01-20,PANC_009,Dhayari,0.0,38.6,57.3,620.0,39.5,7.0,260,1.0,0.0,0.0,0.0,0.4,0.99,0.0
2026-01-20,PANC_010,Nanded Gramin,0.0,38.6,57.3,565.0,-15.5,2.8,10,0.0,0.0,0.0,0.0,1.3,-0.39,0.0
2026-01-20,PANC_101,Sampatchak Gramin,0.0,38.6,57.3,53.0,1.2,0.8,10,0.0,0.0,0.0,0.0,0.0,0.03,0.0
2026-01-20,PANC_102,Bairiya,0.0,38.6,57.3,51.5,-0.3,0.5,90,0.0,0.43,0.61,0.4,0.0,-0.01,0.0
2026-01-20,PANC_103,Kanhauli,0.0,38.6,57.3,54.2,2.4,1.1,180,1.0,0.0,0.0,0.0,0.5,0.06,0.0
2026-01-20,PANC_104,Chipura,0.0,38.6,57.3,50.8,-1.0,0.4,45,0.0,0.0,0.0,0.0,1.6,-0.03,1.3
2026-01-20,PANC_105,Sonagopalpur,0.0,38.6,57.3,52.0,0.2,0.6,85,0.0,0.43,0.61,0.3,0.0,0.01,0.0
2026-01-20,PANC_106,Tarangpur,0.0,38.6,57.3,49.5,-2.3,0.3,5,0.0,0.0,0.0,0.0,0.0,-0.06,0.0
2026-01-21,PANC_001,Wagholi,0.0,36.0,52.5,590.0,9.5,4.2,90,0.0,0.0,0.0,0.0,0.3,0.24,0.0
2026-01-21,PANC_002,Hadapsar Rural,0.0,36.0,52.5,560.0,-20.5,2.1,0,0.0,0.0,0.0,0.0,0.1,-0.51,0.0
2026-01-21,PANC_003,Manjari Khurd,0.0,36.0,52.5,552.0,-28.5,1.8,85,0.0,0.0,0.0,0.0,0.3,-0.71,0.0
2026-01-21,PANC_004,Phursungi,0.0,36.0,52.5,575.0,-5.5,3.5,180,1.0,0.0,0.0,0.0,0.0,-0.14,0.0
2026-01-21,PANC_005,Loni Kalbhor,0.0,36.0,52.5,548.0,-32.5,1.5,95,0.0,0.0,0.0,0.0,0.0,-0.81,0.0
2026-01-21,PANC_006,Uruli Kanchan,0.0,36.0,52.5,540.0,-40.5,1.2,45,0.0,0.0,0.0,0.0,2.0,-1.01,3.3
2026-01-21,PANC_007,Khed Shivapur,0.0,36.0,52.5,645.0,64.5,8.5,245,1.0,0.0,0.0,0.0,0.0,1.61,0.0
2026-01-21,PANC_008,Kondhwa Budruk,0.0,36.0,52.5,610.0,29.5,6.1,225,1.0,0.0,0.0,0.0,0.0,0.74,0.0
2026-01-21,PANC_009,Dhayari,0.0,36.0,52.5,620.0,39.5,7.0,260,1.0,0.0,0.0,0.0,0.0,0.99,0.0
2026-01-21,PANC_010,Nanded Gramin,0.0,36.0,52.5,565.0,-15.5,2.8,10,0.0,0.0,0.0,0.0,0.0,-0.39,0.0
2026-01-21,PANC_101,Sampatchak Gramin,0.0,36.0,52.5,53.0,1.2,0.8,10,0.0,0.0,0.0,0.0,3.2,0.03,4.4
2026-01-21,PANC_102,Bairiya,0.0,36.0,52.5,51.5,-0.3,0.5,90,0.0,1.47,2.07,2.3,0.1,-0.01,0.0
2026-01-21,PANC_103,Kanhauli,0.0,36.0,52.5,54.2,2.4,1.1,180,1.0,1.47,2.07,2.2,0.0,0.06,0.0
2026-01-21,PANC_104,Chipura,0.0,36.0,52.5,50.8,-1.0,0.4,45,0.0,1.47,2.07,1.4,0.0,-0.03,0.0
2026-01-21,PANC_105,Sonagopalpur,0.0,36.0,52.5,52.0,0.2,0.6,85,0.0,1.47,2.07,1.3,1.3,0.01,0.0
2026-01-21,PANC_106,Tarangpur,0.0,36.0,52.5,49.5,-2.3,0.3,5,0.0,1.47,2.07,1.8,0.9,-0.06,0.0
2026-01-22,PANC_001,Wagholi,0.0,34.3,58.5,590.0,9.5,4.2,90,0.0,0.0,0.0,0.0,0.4,0.24,0.0
2026-01-22,PANC_002,Hadapsar Rural,0.0,34.3,58.5,560.0,-20.5,2.1,0,0.0,0.0,0.0,0.0,0.0,-0.51,0.0
2026-01-22,PANC_003,Manjari Khurd,0.0,34.3,58.5,552.0,-28.5,1.8,85,0.0,0.0,0.0,0.0,0.0,-0.71,0.0
2026-01-22,PANC_004,Phursungi,0.0,34.3,58.5,575.0,-5.5,3.5,180,1.0,0.0,0.0,0.0,1.5,-0.14,0.0
2026-01-22,PANC_005,Loni Kalbhor,0.0,34.3,58.5,548.0,-32.5,1.5,95,0.0,0.0,0.0,0.0,0.0,-0.81,0.0
2026-01-22,PANC_006,Uruli Kanchan,0.0,34.3,58.5,540.0,-40.5,1.2,45,0.0,0.0,0.0,0.0,0.2,-1.01,0.0
2026-01-22,PANC_007,Khed Shivapur,0.0,34.3,58.5,645.0,64.5,8.5,245,1.0,0.0,0.0,0.0,1.4,1.61,1.9
2026-01-22,PANC_008,Kondhwa Budruk,0.0,34.3,58.5,610.0,29.5,6.1,225,1.0,0.0,0.0,0.0,0.0,0.74,0.0
2026-01-22,PANC_009,Dhayari,0.0,34.3,58.5,620.0,39.5,7.0,260,1.0,0.63,0.9,0.1,1.3,0.99,0.0
2026-01-22,PANC_010,Nanded Gramin,0.0,34.3,58.5,565.0,-15.5,2.8,10,0.0,0.63,0.9,0.1,0.0,-0.39,0.0
2026-01-22,PANC_101,Sampatchak Gramin,0.0,34.3,58.5,53.0,1.2,0.8,10,0.0,0.0,0.0,0.0,0.0,0.03,0.0
2026-01-22,PANC_102,Bairiya,0.0,34.3,58.5,51.5,-0.3,0.5,90,0.0,0.0,0.0,0.0,0.0,-0.01,0.0
2026-01-22,PANC_103,Kanhauli,0.0,34.3,58.5,54.2,2.4,1.1,180,1.0,0.0,0.0,0.0,0.0,0.06,0.0
2026-01-22,PANC_104,Chipura,0.0,34.3,58.5,50.8,-1.0,0.4,45,0.0,0.0,0.0,0.0,0.0,-0.03,0.0
2026-01-22,PANC_105,Sonagopalpur,0.0,34.3,58.5,52.0,0.2,0.6,85,0.0,0.0,0.0,0.0,0.0,0.01,0.0
2026-01-22,PANC_106,Tarangpur,0.0,34.3,58.5,49.5,-2.3,0.3,5,0.0,0.0,0.0,0.0,0.5,-0.06,0.0
2026-01-23,PANC_001,Wagholi,0.0,31.0,44.5,590.0,9.5,4.2,90,0.0,0.0,0.0,0.0,0.7,0.24,0.0
2026-01-23,PANC_002,Hadapsar Rural,0.0,31.0,44.5,560.0,-20.5,2.1,0,0.0,0.0,0.0,0.0,0.0,-0.51,0.0
2026-01-23,PANC_003,Manjari Khurd,0.0,31.0,44.5,552.0,-28.5,1.8,85,0.0,0.0,0.0,0.0,0.0,-0.71,0.0
2026-01-23,PANC_004,Phursungi,0.0,31.0,44.5,575.0,-5.5,3.5,180,1.0,0.0,0.0,0.0,0.1,-0.14,0.0
2026-01-23,PANC_005,Loni Kalbhor,0.0,31.0,44.5,548.0,-32.5,1.5,95,0.0,0.0,0.0,0.0,0.0,-0.81,0.0
2026-01-23,PANC_006,Uruli Kanchan,0.0,31.0,44.5,540.0,-40.5,1.2,45,0.0,0.0,0.0,0.0,0.9,-1.01,0.1
2026-01-23,PANC_007,Khed Shivapur,0.0,31.0,44.5,645.0,64.5,8.5,245,1.0,0.0,0.0,0.0,1.8,1.61,0.0
2026-01-23,PANC_008,Kondhwa Budruk,0.0,31.0,44.5,610.0,29.5,6.1,225,1.0,0.0,0.0,0.0,0.0,0.74,0.0
2026-01-23,PANC_009,Dhayari,0.0,31.0,44.5,620.0,39.5,7.0,260,1.0,0.0,0.0,0.0,0.0,0.99,0.0
2026-01-23,PANC_010,Nanded Gramin,0.0,31.0,44.5,565.0,-15.5,2.8,10,0.0,0.0,0.0,0.0,0.0,-0.39,0.0
2026-01-23,PANC_101,Sampatchak Gramin,0.0,31.0,44.5,53.0,1.2,0.8,10,0.0,0.0,0.0,0.0,0.0,0.03,0.0
2026-01-23,PANC_102,Bairiya,0.0,31.0,44.5,51.5,-0.3,0.5,90,0.0,0.0,0.0,0.0,0.2,-0.01,0.0
2026-01-23,PANC_103,Kanhauli,0.0,31.0,44.5,54.2,2.4,1.1,180,1.0,0.0,0.0,0.0,0.0,0.06,0.0
2026-01-23,PANC_104,Chipura,0.0,31.0,44.5,50.8,-1.0,0.4,45,0.0,0.0,0.0,0.0,0.3,-0.03,0.0
2026-01-23,PANC_105,Sonagopalpur,0.0,31.0,44.5,52.0,0.2,0.6,85,0.0,0.0,0.0,0.0,1.5,0.01,0.0
2026-01-23,PANC_106,Tarangpur,0.0,31.0,44.5,49.5,-2.3,0.3,5,0.0,0.0,0.0,0.0,0.0,-0.06,0.0
2026-01-24,PANC_001,Wagholi,0.0,29.5,60.7,590.0,9.5,4.2,90,0.0,0.0,0.0,0.0,0.0,0.24,0.0
2026-01-24,PANC_002,Hadapsar Rural,0.0,29.5,60.7,560.0,-20.5,2.1,0,0.0,0.0,0.0,0.0,0.8,-0.51,0.0
2026-01-24,PANC_003,Manjari Khurd,0.0,29.5,60.7,552.0,-28.5,1.8,85,0.0,0.0,0.0,0.0,0.4,-0.71,0.0
2026-01-24,PANC_004,Phursungi,0.0,29.5,60.7,575.0,-5.5,3.5,180,1.0,0.0,0.0,0.0,0.0,-0.14,0.0
2026-01-24,PANC_005,Loni Kalbhor,0.0,29.5,60.7,548.0,-32.5,1.5,95,0.0,0.0,0.0,0.0,0.0,-0.81,0.0
2026-01-24,PANC_006,Uruli Kanchan,0.0,29.5,60.7,540.0,-40.5,1.2,45,0.0,0.0,0.0,0.0,0.0,-1.01,0.0
2026-01-24,PANC_007,Khed Shivapur,0.0,29.5,60.7,645.0,64.5,8.5,245,1.0,0.0,0.0,0.0,0.7,1.61,0.0
2026-01-24,PANC_008,Kondhwa Budruk,0.0,29.5,60.7,610.0,29.5,6.1,225,1.0,0.0,0.0,0.0,0.0,0.74,0.0
2026-01-24,PANC_009,Dhayari,0.0,29.5,60.7,620.0,39.5,7.0,260,1.0,0.0,0.0,0.0,0.0,0.99,0.0
2026-01-24,PANC_010,Nanded Gramin,0.0,29.5,60.7,565.0,-15.5,2.8,10,0.0,0.0,0.0,0.0,0.0,-0.39,0.0
2026-01-24,PANC_101,Sampatchak Gramin,0.0,29.5,60.7,53.0,1.2,0.8,10,0.0,0.0,0.0,0.0,0.3,0.03,0.0
2026-01-24,PANC_102,Bairiya,0.0,29.5,60.7,51.5,-0.3,0.5,90,0.0,0.0,0.0,0.0,1.0,-0.01,0.0
2026-01-24,PANC_103,Kanhauli,0.0,29.5,60.7,54.2,2.4,1.1,180,1.0,0.0,0.0,0.0,0.0,0.06,0.0
2026-01-24,PANC_104,Chipura,0.0,29.5,60.7,50.8,-1.0,0.4,45,0.0,0.0,0.0,0.0,0.8,-0.03,0.0
2026-01-24,PANC_105,Sonagopalpur,0.0,29.5,60.7,52.0,0.2,0.6,85,0.0,0.0,0.0,0.0,0.8,0.01,0.0
2026-01-24,PANC_106,Tarangpur,0.0,29.5,60.7,49.5,-2.3,0.3,5,0.0,0.0,0.0,0.0,0.0,-0.06,0.0
2026-01-25,PANC_001,Wagholi,0.0,36.8,50.7,590.0,9.5,4.2,90,0.0,0.0,0.0,0.0,0.0,0.24,0.0
2026-01-25,PANC_002,Hadapsar Rural,0.0,36.8,50.7,560.0,-20.5,2.1,0,0.0,0.4,0.57,0.2,0.5,-0.51,0.0
2026-01-25,PANC_003,Manjari Khurd,0.0,36.8,50.7,552.0,-28.5,1.8,85,0.0,0.0,0.0,0.0,0.1,-0.71,0.0
2026-01-25,PANC_004,Phursungi,0.0,36.8,50.7,575.0,-5.5,3.5,180,1.0,0.0,0.0,0.0,0.0,-0.14,0.0
2026-01-25,PANC_005,Loni Kalbhor,0.0,36.8,50.7,548.0,-32.5,1.5,95,0.0,0.0,0.0,0.0,0.8,-0.81,0.0
2026-01-25,PANC_006,Uruli Kanchan,0.0,36.8,50.7,540.0,-40.5,1.2,45,0.0,0.0,0.0,0.0,0.0,-1.01,0.0
2026-01-25,PANC_007,Khed Shivapur,0.0,36.8,50.7,645.0,64.5,8.5,245,1.0,0.4,0.57,0.4,0.0,1.61,0.0
2026-01-25,PANC_008,Kondhwa Budruk,0.0,36.8,50.7,610.0,29.5,6.1,225,1.0,0.0,0.0,0.0,0.1,0.74,1.2
2026-01-25,PANC_009,Dhayari,0.0,36.8,50.7,620.0,39.5,7.0,260,1.0,0.4,0.57,0.1,0.1,0.99,0.0
2026-01-25,PANC_010,Nanded Gramin,0.0,36.8,50.7,565.0,-15.5,2.8,10,0.0,0.4,0.57,0.1,0.0,-0.39,0.0
2026-01-25,PANC_101,Sampatchak Gramin,0.0,36.8,50.7,53.0,1.2,0.8,10,0.0,0.0,0.0,0.0,0.0,0.03,0.0
2026-01-25,PANC_102,Bairiya,0.0,36.8,50.7,51.5,-0.3,0.5,90,0.0,0.0,0.0,0.0,0.0,-0.01,0.0
2026-01-25,PANC_103,Kanhauli,0.0,36.8,50.7,54.2,2.4,1.1,180,1.0,0.0,0.0,0.0,0.0,0.06,0.0
2026-01-25,PANC_104,Chipura,0.0,36.8,50.7,50.8,-1.0,0.4,45,0.0,0.0,0.0,0.0,0.0,-0.03,0.0
2026-01-25,PANC_105,Sonagopalpur,0.0,36.8,50.7,52.0,0.2,0.6,85,0.0,0.0,0.0,0.0,0.1,0.01,0.0
2026-01-25,PANC_106,Tarangpur,0.0,36.8,50.7,49.5,-2.3,0.3,5,0.0,0.0,0.0,0.0,1.0,-0.06,0.0
2026-01-26,PANC_001,Wagholi,0.0,33.4,60.3,590.0,9.5,4.2,90,0.0,0.0,0.0,0.0,0.7,0.24,0.0
2026-01-26,PANC_002,Hadapsar Rural,0.0,33.4,60.3,560.0,-20.5,2.1,0,0.0,0.0,0.0,0.0,0.8,-0.51,0.0
2026-01-26,PANC_003,Manjari Khurd,0.0,33.4,60.3,552.0,-28.5,1.8,85,0.0,0.0,0.0,0.0,0.0,-0.71,0.0
2026-01-26,PANC_004,Phursungi,0.0,33.4,60.3,575.0,-5.5,3.5,180,1.0,0.0,0.0,0.0,0.0,-0.14,0.0
2026-01-26,PANC_005,Loni Kalbhor,0.0,33.4,60.3,548.0,-32.5,1.5,95,0.0,0.0,0.0,0.0,0.0,-0.81,0.0
2026-01-26,PANC_006,Uruli Kanchan,0.0,33.4,60.3,540.0,-40.5,1.2,45,0.0,0.0,0.0,0.0,0.5,-1.01,0.0
2026-01-26,PANC_007,Khed Shivapur,0.0,33.4,60.3,645.0,64.5,8.5,245,1.0,0.0,0.0,0.0,1.5,1.61,0.0
2026-01-26,PANC_008,Kondhwa Budruk,0.0,33.4,60.3,610.0,29.5,6.1,225,1.0,0.0,0.0,0.0,1.2,0.74,0.0
2026-01-26,PANC_009,Dhayari,0.0,33.4,60.3,620.0,39.5,7.0,260,1.0,0.0,0.0,0.0,0.0,0.99,0.0
2026-01-26,PANC_010,Nanded Gramin,0.0,33.4,60.3,565.0,-15.5,2.8,10,0.0,0.0,0.0,0.0,0.0,-0.39,0.0
2026-01-26,PANC_101,Sampatchak Gramin,0.0,33.4,60.3,53.0,1.2,0.8,10,0.0,0.0,0.0,0.0,0.0,0.03,0.0
2026-01-26,PANC_102,Bairiya,0.0,33.4,60.3,51.5,-0.3,0.5,90,0.0,0.0,0.0,0.0,0.8,-0.01,0.0
2026-01-26,PANC_103,Kanhauli,0.0,33.4,60.3,54.2,2.4,1.1,180,1.0,0.0,0.0,0.0,0.0,0.06,0.0
2026-01-26,PANC_104,Chipura,0.0,33.4,60.3,50.8,-1.0,0.4,45,0.0,0.0,0.0,0.0,0.5,-0.03,0.0
2026-01-26,PANC_105,Sonagopalpur,0.0,33.4,60.3,52.0,0.2,0.6,85,0.0,0.0,0.0,0.0,0.0,0.01,0.0
2026-01-26,PANC_106,Tarangpur,0.0,33.4,60.3,49.5,-2.3,0.3,5,0.0,0.0,0.0,0.0,0.0,-0.06,0.0
2026-01-27,PANC_001,Wagholi,0.0,30.4,44.6,590.0,9.5,4.2,90,0.0,0.13,0.19,0.1,2.2,0.24,0.0
2026-01-27,PANC_002,Hadapsar Rural,0.0,30.4,44.6,560.0,-20.5,2.1,0,0.0,0.0,0.0,0.0,0.0,-0.51,0.0
2026-01-27,PANC_003,Manjari Khurd,0.0,30.4,44.6,552.0,-28.5,1.8,85,0.0,0.0,0.0,0.0,0.0,-0.71,0.0
2026-01-27,PANC_004,Phursungi,0.0,30.4,44.6,575.0,-5.5,3.5,180,1.0,0.13,0.19,0.1,0.0,-0.14,0.0
2026-01-27,PANC_005,Loni Kalbhor,0.0,30.4,44.6,548.0,-32.5,1.5,95,0.0,0.0,0.0,0.0,0.0,-0.81,0.4
2026-01-27,PANC_006,Uruli Kanchan,0.0,30.4,44.6,540.0,-40.5,1.2,45,0.0,0.13,0.19,0.2,0.7,-1.01,0.0
2026-01-27,PANC_007,Khed Shivapur,0.0,30.4,44.6,645.0,64.5,8.5,245,1.0,0.0,0.0,0.0,0.3,1.61,0.0
2026-01-27,PANC_008,Kondhwa Budruk,0.0,30.4,44.6,610.0,29.5,6.1,225,1.0,0.0,0.0,0.0,0.3,0.74,0.0
2026-01-27,PANC_009,Dhayari,0.0,30.4,44.6,620.0,39.5,7.0,260,1.0,0.0,0.0,0.0,0.0,0.99,0.0
2026-01-27,PANC_010,Nanded Gramin,0.0,30.4,44.6,565.0,-15.5,2.8,10,0.0,0.0,0.0,0.0,0.0,-0.39,0.0
2026-01-27,PANC_101,Sampatchak Gramin,0.0,30.4,44.6,53.0,1.2,0.8,10,0.0,0.0,0.0,0.0,0.0,0.03,0.0
2026-01-27,PANC_102,Bairiya,0.0,30.4,44.6,51.5,-0.3,0.5,90,0.0,0.0,0.0,0.0,0.0,-0.01,0.0
2026-01-27,PANC_103,Kanhauli,0.0,30.4,44.6,54.2,2.4,1.1,180,1.0,0.0,0.0,0.0,0.7,0.06,0.0
2026-01-27,PANC_104,Chipura,0.0,30.4,44.6,50.8,-1.0,0.4,45,0.0,0.0,0.0,0.0,0.3,-0.03,0.0
2026-01-27,PANC_105,Sonagopalpur,0.0,30.4,44.6,52.0,0.2,0.6,85,0.0,0.0,0.0,0.0,0.4,0.01,0.0
2026-01-27,PANC_106,Tarangpur,0.0,30.4,44.6,49.5,-2.3,0.3,5,0.0,0.0,0.0,0.0,0.4,-0.06,0.0
2026-01-28,PANC_001,Wagholi,0.0,35.7,50.3,590.0,9.5,4.2,90,0.0,0.0,0.0,0.0,0.0,0.24,0.0
2026-01-28,PANC_002,Hadapsar Rural,0.0,35.7,50.3,560.0,-20.5,2.1,0,0.0,0.0,0.0,0.0,0.7,-0.51,0.0
2026-01-28,PANC_003,Manjari Khurd,0.0,35.7,50.3,552.0,-28.5,1.8,85,0.0,0.0,0.0,0.0,1.4,-0.71,0.0
2026-01-28,PANC_004,Phursungi,0.0,35.7,50.3,575.0,-5.5,3.5,180,1.0,0.0,0.0,0.0,1.0,-0.14,0.0
2026-01-28,PANC_005,Loni Kalbhor,0.0,35.7,50.3,548.0,-32.5,1.5,95,0.0,0.0,0.0,0.0,0.1,-0.81,0.0
2026-01-28,PANC_006,Uruli Kanchan,0.0,35.7,50.3,540.0,-40.5,1.2,45,0.0,0.0,0.0,0.0,0.0,-1.01,0.0
2026-01-28,PANC_007,Khed Shivapur,0.0,35.7,50.3,645.0,64.5,8.5,245,1.0,0.0,0.0,0.0,0.0,1.61,0.0
2026-01-28,PANC_008,Kondhwa Budruk,0.0,35.7,50.3,610.0,29.5,6.1,225,1.0,0.0,0.0,0.0,0.2,0.74,0.0
2026-01-28,PANC_009,Dhayari,0.0,35.7,50.3,620.0,39.5,7.0,260,1.0,0.0,0.0,0.0,0.0,0.99,0.0
2026-01-28,PANC_010,Nanded Gramin,0.0,35.7,50.3,565.0,-15.5,2.8,10,0.0,0.0,0.0,0.0,0.0,-0.39,0.0
2026-01-28,PANC_101,Sampatchak Gramin,0.0,35.7,50.3,53.0,1.2,0.8,10,0.0,0.0,0.0,0.0,0.0,0.03,0.0
2026-01-28,PANC_102,Bairiya,0.0,35.7,50.3,51.5,-0.3,0.5,90,0.0,0.0,0.0,0.0,0.0,-0.01,0.0
2026-01-28,PANC_103,Kanhauli,0.0,35.7,50.3,54.2,2.4,1.1,180,1.0,0.0,0.0,0.0,0.0,0.06,0.0
2026-01-28,PANC_104,Chipura,0.0,35.7,50.3,50.8,-1.0,0.4,45,0.0,0.0,0.0,0.0,0.2,-0.03,0.0
2026-01-28,PANC_105,Sonagopalpur,0.0,35.7,50.3,52.0,0.2,0.6,85,0.0,0.0,0.0,0.0,0.0,0.01,0.0
2026-01-28,PANC_106,Tarangpur,0.0,35.7,50.3,49.5,-2.3,0.3,5,0.0,0.0,0.0,0.0,0.9,-0.06,0.0
2026-01-29,PANC_001,Wagholi,0.0,32.4,56.0,590.0,9.5,4.2,90,0.0,0.0,0.0,0.0,0.0,0.24,0.0
2026-01-29,PANC_002,Hadapsar Rural,0.0,32.4,56.0,560.0,-20.5,2.1,0,0.0,0.0,0.0,0.0,0.0,-0.51,0.0
2026-01-29,PANC_003,Manjari Khurd,0.0,32.4,56.0,552.0,-28.5,1.8,85,0.0,0.0,0.0,0.0,0.0,-0.71,0.0
2026-01-29,PANC_004,Phursungi,0.0,32.4,56.0,575.0,-5.5,3.5,180,1.0,0.0,0.0,0.0,0.1,-0.14,0.0
2026-01-29,PANC_005,Loni Kalbhor,0.0,32.4,56.0,548.0,-32.5,1.5,95,0.0,0.0,0.0,0.0,0.9,-0.81,0.0
2026-01-29,PANC_006,Uruli Kanchan,0.0,32.4,56.0,540.0,-40.5,1.2,45,0.0,0.0,0.0,0.0,0.2,-1.01,0.0
2026-01-29,PANC_007,Khed Shivapur,0.0,32.4,56.0,645.0,64.5,8.5,245,1.0,0.0,0.0,0.0,0.2,1.61,0.0
2026-01-29,PANC_008,Kondhwa Budruk,0.0,32.4,56.0,610.0,29.5,6.1,225,1.0,0.0,0.0,0.0,0.3,0.74,0.0
2026-01-29,PANC_009,Dhayari,0.0,32.4,56.0,620.0,39.5,7.0,260,1.0,0.0,0.0,0.0,0.0,0.99,0.0
2026-01-29,PANC_010,Nanded Gramin,0.0,32.4,56.0,565.0,-15.5,2.8,10,0.0,0.0,0.0,0.0,0.0,-0.39,0.0
2026-01-29,PANC_101,Sampatchak Gramin,0.0,32.4,56.0,53.0,1.2,0.8,10,0.0,0.0,0.0,0.0,0.0,0.03,0.0
2026-01-29,PANC_102,Bairiya,0.0,32.4,56.0,51.5,-0.3,0.5,90,0.0,0.0,0.0,0.0,0.0,-0.01,0.0
2026-01-29,PANC_103,Kanhauli,0.0,32.4,56.0,54.2,2.4,1.1,180,1.0,0.0,0.0,0.0,0.0,0.06,0.0
2026-01-29,PANC_104,Chipura,0.0,32.4,56.0,50.8,-1.0,0.4,45,0.0,0.0,0.0,0.0,0.0,-0.03,0.0
2026-01-29,PANC_105,Sonagopalpur,0.0,32.4,56.0,52.0,0.2,0.6,85,0.0,0.0,0.0,0.0,0.0,0.01,0.0
2026-01-29,PANC_106,Tarangpur,0.0,32.4,56.0,49.5,-2.3,0.3,5,0.0,0.0,0.0,0.0,0.4,-0.06,0.0
2026-01-30,PANC_001,Wagholi,0.0,34.3,63.5,590.0,9.5,4.2,90,0.0,0.0,0.0,0.0,2.2,0.24,2.9
2026-01-30,PANC_002,Hadapsar Rural,0.0,34.3,63.5,560.0,-20.5,2.1,0,0.0,0.0,0.0,0.0,0.5,-0.51,0.0
2026-01-30,PANC_003,Manjari Khurd,0.0,34.3,63.5,552.0,-28.5,1.8,85,0.0,0.97,1.37,0.9,0.0,-0.71,0.0
2026-01-30,PANC_004,Phursungi,0.0,34.3,63.5,575.0,-5.5,3.5,180,1.0,0.0,0.0,0.0,0.0,-0.14,0.0
2026-01-30,PANC_005,Loni Kalbhor,0.0,34.3,63.5,548.0,-32.5,1.5,95,0.0,0.0,0.0,0.0,0.0,-0.81,0.0
2026-01-30,PANC_006,Uruli Kanchan,0.0,34.3,63.5,540.0,-40.5,1.2,45,0.0,0.0,0.0,0.0,0.0,-1.01,0.0
2026-01-30,PANC_007,Khed Shivapur,0.0,34.3,63.5,645.0,64.5,8.5,245,1.0,0.0,0.0,0.0,0.0,1.61,0.0
2026-01-30,PANC_008,Kondhwa Budruk,0.0,34.3,63.5,610.0,29.5,6.1,225,1.0,0.0,0.0,0.0,0.0,0.74,0.0
2026-01-30,PANC_009,Dhayari,0.0,34.3,63.5,620.0,39.5,7.0,260,1.0,0.0,0.0,0.0,0.3,0.99,0.0
2026-01-30,PANC_010,Nanded Gramin,0.0,34.3,63.5,565.0,-15.5,2.8,10,0.0,0.0,0.0,0.0,0.0,-0.39,0.0
2026-01-30,PANC_101,Sampatchak Gramin,0.0,34.3,63.5,53.0,1.2,0.8,10,0.0,0.0,0.0,0.0,0.0,0.03,0.0
2026-01-30,PANC_102,Bairiya,0.0,34.3,63.5,51.5,-0.3,0.5,90,0.0,0.0,0.0,0.0,0.0,-0.01,0.0
2026-01-30,PANC_103,Kanhauli,0.0,34.3,63.5,54.2,2.4,1.1,180,1.0,0.0,0.0,0.0,0.0,0.06,0.0
2026-01-30,PANC_104,Chipura,0.0,34.3,63.5,50.8,-1.0,0.4,45,0.0,0.0,0.0,0.0,1.2,-0.03,0.0
2026-01-30,PANC_105,Sonagopalpur,0.0,34.3,63.5,52.0,0.2,0.6,85,0.0,0.0,0.0,0.0,0.0,0.01,0.0
2026-01-30,PANC_106,Tarangpur,0.0,34.3,63.5,49.5,-2.3,0.3,5,0.0,0.0,0.0,0.0,0.0,-0.06,0.0
2026-01-31,PANC_001,Wagholi,0.0,28.6,52.4,590.0,9.5,4.2,90,0.0,0.0,0.0,0.0,1.5,0.24,0.0
2026-01-31,PANC_002,Hadapsar Rural,0.0,28.6,52.4,560.0,-20.5,2.1,0,0.0,0.0,0.0,0.0,0.3,-0.51,0.0
2026-01-31,PANC_003,Manjari Khurd,0.0,28.6,52.4,552.0,-28.5,1.8,85,0.0,0.0,0.0,0.0,0.1,-0.71,0.0
2026-01-31,PANC_004,Phursungi,0.0,28.6,52.4,575.0,-5.5,3.5,180,1.0,0.0,0.0,0.0,0.0,-0.14,0.0
2026-01-31,PANC_005,Loni Kalbhor,0.0,28.6,52.4,548.0,-32.5,1.5,95,0.0,0.0,0.0,0.0,0.0,-0.81,0.0
2026-01-31,PANC_006,Uruli Kanchan,0.0,28.6,52.4,540.0,-40.5,1.2,45,0.0,0.0,0.0,0.0,0.0,-1.01,0.0
2026-01-31,PANC_007,Khed Shivapur,0.0,28.6,52.4,645.0,64.5,8.5,245,1.0,0.0,0.0,0.0,2.9,1.61,3.0
2026-01-31,PANC_008,Kondhwa Budruk,0.0,28.6,52.4,610.0,29.5,6.1,225,1.0,0.0,0.0,0.0,1.3,0.74,0.0
2026-01-31,PANC_009,Dhayari,0.0,28.6,52.4,620.0,39.5,7.0,260,1.0,1.0,1.41,0.1,0.7,0.99,0.0
2026-01-31,PANC_010,Nanded Gramin,0.0,28.6,52.4,565.0,-15.5,2.8,10,0.0,1.0,1.41,0.1,0.8,-0.39,0.0
2026-01-31,PANC_101,Sampatchak Gramin,0.0,28.6,52.4,53.0,1.2,0.8,10,0.0,0.0,0.0,0.0,0.0,0.03,0.0
2026-01-31,PANC_102,Bairiya,0.0,28.6,52.4,51.5,-0.3,0.5,90,0.0,0.0,0.0,0.0,0.0,-0.01,0.0
2026-01-31,PANC_103,Kanhauli,0.0,28.6,52.4,54.2,2.4,1.1,180,1.0,0.0,0.0,0.0,0.0,0.06,0.0
2026-01-31,PANC_104,Chipura,0.0,28.6,52.4,50.8,-1.0,0.4,45,0.0,0.0,0.0,0.0,0.0,-0.03,0.0
2026-01-31,PANC_105,Sonagopalpur,0.0,28.6,52.4,52.0,0.2,0.6,85,0.0,0.0,0.0,0.0,0.0,0.01,0.0
2026-01-31,PANC_106,Tarangpur,0.0,28.6,52.4,49.5,-2.3,0.3,5,0.0,0.0,0.0,0.0,0.0,-0.06,0.0
2026-02-01,PANC_001,Wagholi,0.0,34.3,54.1,590.0,9.5,4.2,90,0.0,0.0,0.0,0.0,0.0,0.24,0.0
2026-02-01,PANC_002,Hadapsar Rural,0.0,34.3,54.1,560.0,-20.5,2.1,0,0.0,0.0,0.0,0.0,0.0,-0.51,0.0
2026-02-01,PANC_003,Manjari Khurd,0.0,34.3,54.1,552.0,-28.5,1.8,85,0.0,0.0,0.0,0.0,0.0,-0.71,0.0
2026-02-01,PANC_004,Phursungi,0.0,34.3,54.1,575.0,-5.5,3.5,180,1.0,0.0,0.0,0.0,0.2,-0.14,0.0
2026-02-01,PANC_005,Loni Kalbhor,0.0,34.3,54.1,548.0,-32.5,1.5,95,0.0,0.0,0.0,0.0,0.0,-0.81,0.0
2026-02-01,PANC_006,Uruli Kanchan,0.0,34.3,54.1,540.0,-40.5,1.2,45,0.0,0.0,0.0,0.0,0.0,-1.01,0.0
2026-02-01,PANC_007,Khed Shivapur,0.0,34.3,54.1,645.0,64.5,8.5,245,1.0,0.0,0.0,0.0,0.8,1.61,0.0
2026-02-01,PANC_008,Kondhwa Budruk,0.0,34.3,54.1,610.0,29.5,6.1,225,1.0,0.0,0.0,0.0,0.0,0.74,0.0
2026-02-01,PANC_009,Dhayari,0.0,34.3,54.1,620.0,39.5,7.0,260,1.0,0.0,0.0,0.0,0.0,0.99,0.0
2026-02-01,PANC_010,Nanded Gramin,0.0,34.3,54.1,565.0,-15.5,2.8,10,0.0,0.0,0.0,0.0,0.0,-0.39,0.0
2026-02-01,PANC_101,Sampatchak Gramin,0.0,34.3,54.1,53.0,1.2,0.8,10,0.0,0.0,0.0,0.0,0.6,0.03,0.0
2026-02-01,PANC_102,Bairiya,0.0,34.3,54.1,51.5,-0.3,0.5,90,0.0,0.0,0.0,0.0,0.0,-0.01,0.0
2026-02-01,PANC_103,Kanhauli,0.0,34.3,54.1,54.2,2.4,1.1,180,1.0,0.0,0.0,0.0,0.4,0.06,0.0
2026-02-01,PANC_104,Chipura,0.0,34.3,54.1,50.8,-1.0,0.4,45,0.0,0.0,0.0,0.0,0.0,-0.03,0.0
2026-02-01,PANC_105,Sonagopalpur,0.0,34.3,54.1,52.0,0.2,0.6,85,0.0,0.0,0.0,0.0,0.0,0.01,0.0
2026-02-01,PANC_106,Tarangpur,0.0,34.3,54.1,49.5,-2.3,0.3,5,0.0,0.0,0.0,0.0,0.2,-0.06,0.0
2026-02-02,PANC_001,Wagholi,0.0,32.7,48.4,590.0,9.5,4.2,90,0.0,0.0,0.0,0.0,0.0,0.24,0.0
2026-02-02,PANC_002,Hadapsar Rural,0.0,32.7,48.4,560.0,-20.5,2.1,0,0.0,0.0,0.0,0.0,0.6,-0.51,0.0
2026-02-02,PANC_003,Manjari Khurd,0.0,32.7,48.4,552.0,-28.5,1.8,85,0.0,0.0,0.0,0.0,0.5,-0.71,0.0
2026-02-02,PANC_004,Phursungi,0.0,32.7,48.4,575.0,-5.5,3.5,180,1.0,0.0,0.0,0.0,1.1,-0.14,0.0
2026-02-02,PANC_005,Loni Kalbhor,0.0,32.7,48.4,548.0,-32.5,1.5,95,0.0,0.0,0.0,0.0,0.0,-0.81,0.0
2026-02-02,PANC_006,Uruli Kanchan,0.0,32.7,48.4,540.0,-40.5,1.2,45,0.0,0.0,0.0,0.0,0.5,-1.01,0.0
2026-02-02,PANC_007,Khed Shivapur,0.0,32.7,48.4,645.0,64.5,8.5,245,1.0,0.0,0.0,0.0,0.8,1.61,0.0
2026-02-02,PANC_008,Kondhwa Budruk,0.0,32.7,48.4,610.0,29.5,6.1,225,1.0,0.0,0.0,0.0,0.0,0.74,0.0
2026-02-02,PANC_009,Dhayari,0.0,32.7,48.4,620.0,39.5,7.0,260,1.0,0.0,0.0,0.0,0.0,0.99,0.0
2026-02-02,PANC_010,Nanded Gramin,0.0,32.7,48.4,565.0,-15.5,2.8,10,0.0,0.0,0.0,0.0,0.0,-0.39,0.0
2026-02-02,PANC_101,Sampatchak Gramin,0.0,32.7,48.4,53.0,1.2,0.8,10,0.0,2.03,2.88,2.5,0.0,0.03,0.0
2026-02-02,PANC_102,Bairiya,0.0,32.7,48.4,51.5,-0.3,0.5,90,0.0,0.0,0.0,0.0,4.2,-0.01,6.1
2026-02-02,PANC_103,Kanhauli,0.0,32.7,48.4,54.2,2.4,1.1,180,1.0,0.0,0.0,0.0,0.2,0.06,0.0
2026-02-02,PANC_104,Chipura,0.0,32.7,48.4,50.8,-1.0,0.4,45,0.0,2.03,2.88,2.5,0.7,-0.03,0.0
2026-02-02,PANC_105,Sonagopalpur,0.0,32.7,48.4,52.0,0.2,0.6,85,0.0,0.0,0.0,0.0,0.9,0.01,0.0
2026-02-02,PANC_106,Tarangpur,0.0,32.7,48.4,49.5,-2.3,0.3,5,0.0,2.03,2.88,2.0,0.0,-0.06,0.0
2026-02-03,PANC_001,Wagholi,0.0,30.5,58.9,590.0,9.5,4.2,90,0.0,0.0,0.0,0.0,0.0,0.24,0.0
2026-02-03,PANC_002,Hadapsar Rural,0.0,30.5,58.9,560.0,-20.5,2.1,0,0.0,0.0,0.0,0.0,1.3,-0.51,0.0
2026-02-03,PANC_003,Manjari Khurd,0.0,30.5,58.9,552.0,-28.5,1.8,85,0.0,0.0,0.0,0.0,0.0,-0.71,0.0
2026-02-03,PANC_004,Phursungi,0.0,30.5,58.9,575.0,-5.5,3.5,180,1.0,0.0,0.0,0.0,1.4,-0.14,0.0
2026-02-03,PANC_005,Loni Kalbhor,0.0,30.5,58.9,548.0,-32.5,1.5,95,0.0,0.0,0.0,0.0,0.0,-0.81,0.0
2026-02-03,PANC_006,Uruli Kanchan,0.0,30.5,58.9,540.0,-40.5,1.2,45,0.0,0.0,0.0,0.0,0.0,-1.01,0.0
2026-02-03,PANC_007,Khed Shivapur,0.0,30.5,58.9,645.0,64.5,8.5,245,1.0,0.0,0.0,0.0,0.0,1.61,0.0
2026-02-03,PANC_008,Kondhwa Budruk,0.0,30.5,58.9,610.0,29.5,6.1,225,1.0,0.0,0.0,0.0,0.0,0.74,0.0
2026-02-03,PANC_009,Dhayari,0.0,30.5,58.9,620.0,39.5,7.0,260,1.0,0.0,0.0,0.0,0.0,0.99,0.0
2026-02-03,PANC_010,Nanded Gramin,0.0,30.5,58.9,565.0,-15.5,2.8,10,0.0,0.0,0.0,0.0,0.0,-0.39,0.0
2026-02-03,PANC_101,Sampatchak Gramin,0.0,30.5,58.9,53.0,1.2,0.8,10,0.0,0.0,0.0,0.0,0.0,0.03,0.0
2026-02-03,PANC_102,Bairiya,0.0,30.5,58.9,51.5,-0.3,0.5,90,0.0,0.0,0.0,0.0,0.0,-0.01,0.0
2026-02-03,PANC_103,Kanhauli,0.0,30.5,58.9,54.2,2.4,1.1,180,1.0,0.0,0.0,0.0,1.5,0.06,0.0
2026-02-03,PANC_104,Chipura,0.0,30.5,58.9,50.8,-1.0,0.4,45,0.0,0.0,0.0,0.0,0.0,-0.03,0.0
2026-02-03,PANC_105,Sonagopalpur,0.0,30.5,58.9,52.0,0.2,0.6,85,0.0,0.0,0.0,0.0,0.1,0.01,0.0
2026-02-03,PANC_106,Tarangpur,0.0,30.5,58.9,49.5,-2.3,0.3,5,0.0,0.0,0.0,0.0,0.2,-0.06,0.0
2026-02-04,PANC_001,Wagholi,0.0,29.8,52.8,590.0,9.5,4.2,90,0.0,0.0,0.0,0.0,0.0,0.24,0.0
2026-02-04,PANC_002,Hadapsar Rural,0.0,29.8,52.8,560.0,-20.5,2.1,0,0.0,0.0,0.0,0.0,0.0,-0.51,0.0
2026-02-04,PANC_003,Manjari Khurd,0.0,29.8,52.8,552.0,-28.5,1.8,85,0.0,0.0,0.0,0.0,0.7,-0.71,0.0
2026-02-04,PANC_004,Phursungi,0.0,29.8,52.8,575.0,-5.5,3.5,180,1.0,0.0,0.0,0.0,0.1,-0.14,0.0
2026-02-04,PANC_005,Loni Kalbhor,0.0,29.8,52.8,548.0,-32.5,1.5,95,0.0,0.0,0.0,0.0,0.6,-0.81,0.0
2026-02-04,PANC_006,Uruli Kanchan,0.0,29.8,52.8,540.0,-40.5,1.2,45,0.0,0.0,0.0,0.0,0.6,-1.01,0.0
2026-02-04,PANC_007,Khed Shivapur,0.0,29.8,52.8,645.0,64.5,8.5,245,1.0,0.0,0.0,0.0,1.3,1.61,0.0
2026-02-04,PANC_008,Kondhwa Budruk,0.0,29.8,52.8,610.0,29.5,6.1,225,1.0,0.0,0.0,0.0,0.0,0.74,0.0
2026-02-04,PANC_009,Dhayari,0.0,29.8,52.8,620.0,39.5,7.0,260,1.0,0.0,0.0,0.0,0.0,0.99,0.0
2026-02-04,PANC_010,Nanded Gramin,0.0,29.8,52.8,565.0,-15.5,2.8,10,0.0,0.0,0.0,0.0,0.4,-0.39,0.0
2026-02-04,PANC_101,Sampatchak Gramin,0.0,29.8,52.8,53.0,1.2,0.8,10,0.0,0.0,0.0,0.0,0.9,0.03,0.0
2026-02-04,PANC_102,Bairiya,0.0,29.8,52.8,51.5,-0.3,0.5,90,0.0,0.0,0.0,0.0,0.0,-0.01,0.0
2026-02-04,PANC_103,Kanhauli,0.0,29.8,52.8,54.2,2.4,1.1,180,1.0,0.0,0.0,0.0,1.0,0.06,0.0
2026-02-04,PANC_104,Chipura,0.0,29.8,52.8,50.8,-1.0,0.4,45,0.0,0.0,0.0,0.0,0.6,-0.03,0.0
2026-02-04,PANC_105,Sonagopalpur,0.0,29.8,52.8,52.0,0.2,0.6,85,0.0,0.0,0.0,0.0,0.0,0.01,0.0
2026-02-04,PANC_106,Tarangpur,0.0,29.8,52.8,49.5,-2.3,0.3,5,0.0,0.0,0.0,0.0,0.5,-0.06,0.0
2026-02-05,PANC_001,Wagholi,0.0,31.7,62.6,590.0,9.5,4.2,90,0.0,0.0,0.0,0.0,0.0,0.24,0.0
2026-02-05,PANC_002,Hadapsar Rural,0.0,31.7,62.6,560.0,-20.5,2.1,0,0.0,0.0,0.0,0.0,0.0,-0.51,0.0
2026-02-05,PANC_003,Manjari Khurd,0.0,31.7,62.6,552.0,-28.5,1.8,85,0.0,0.0,0.0,0.0,0.2,-0.71,0.0
2026-02-05,PANC_004,Phursungi,0.0,31.7,62.6,575.0,-5.5,3.5,180,1.0,0.0,0.0,0.0,1.4,-0.14,0.0
2026-02-05,PANC_005,Loni Kalbhor,0.0,31.7,62.6,548.0,-32.5,1.5,95,0.0,0.0,0.0,0.0,0.0,-0.81,0.0
2026-02-05,PANC_006,Uruli Kanchan,0.0,31.7,62.6,540.0,-40.5,1.2,45,0.0,0.0,0.0,0.0,0.0,-1.01,0.0
2026-02-05,PANC_007,Khed Shivapur,0.0,31.7,62.6,645.0,64.5,8.5,245,1.0,2.13,3.02,2.6,0.0,1.61,0.0
2026-02-05,PANC_008,Kondhwa Budruk,0.0,31.7,62.6,610.0,29.5,6.1,225,1.0,2.13,3.02,1.9,0.6,0.74,0.0
2026-02-05,PANC_009,Dhayari,0.0,31.7,62.6,620.0,39.5,7.0,260,1.0,0.0,0.0,0.0,4.9,0.99,6.4
2026-02-05,PANC_010,Nanded Gramin,0.0,31.7,62.6,565.0,-15.5,2.8,10,0.0,2.13,3.02,5.8,0.0,-0.39,0.0
2026-02-05,PANC_101,Sampatchak Gramin,0.0,31.7,62.6,53.0,1.2,0.8,10,0.0,0.0,0.0,0.0,0.1,0.03,0.0
2026-02-05,PANC_102,Bairiya,0.0,31.7,62.6,51.5,-0.3,0.5,90,0.0,0.0,0.0,0.0,1.2,-0.01,0.0
2026-02-05,PANC_103,Kanhauli,0.0,31.7,62.6,54.2,2.4,1.1,180,1.0,0.0,0.0,0.0,0.2,0.06,0.0
2026-02-05,PANC_104,Chipura,0.0,31.7,62.6,50.8,-1.0,0.4,45,0.0,0.0,0.0,0.0,0.1,-0.03,0.0
2026-02-05,PANC_105,Sonagopalpur,0.0,31.7,62.6,52.0,0.2,0.6,85,0.0,0.0,0.0,0.0,0.2,0.01,0.0
2026-02-05,PANC_106,Tarangpur,0.0,31.7,62.6,49.5,-2.3,0.3,5,0.0,0.0,0.0,0.0,0.3,-0.06,0.0
2026-02-06,PANC_001,Wagholi,0.0,29.2,48.0,590.0,9.5,4.2,90,0.0,0.1,0.14,0.2,0.8,0.24,0.0
2026-02-06,PANC_002,Hadapsar Rural,0.0,29.2,48.0,560.0,-20.5,2.1,0,0.0,0.1,0.14,0.1,0.0,-0.51,0.0
2026-02-06,PANC_003,Manjari Khurd,0.0,29.2,48.0,552.0,-28.5,1.8,85,0.0,0.0,0.0,0.0,0.0,-0.71,0.3
2026-02-06,PANC_004,Phursungi,0.0,29.2,48.0,575.0,-5.5,3.5,180,1.0,0.1,0.14,0.1,0.0,-0.14,0.0
2026-02-06,PANC_005,Loni Kalbhor,0.0,29.2,48.0,548.0,-32.5,1.5,95,0.0,0.1,0.14,0.1,0.0,-0.81,0.0
2026-02-06,PANC_006,Uruli Kanchan,0.0,29.2,48.0,540.0,-40.5,1.2,45,0.0,0.1,0.14,0.1,0.4,-1.01,0.0
2026-02-06,PANC_007,Khed Shivapur,0.0,29.2,48.0,645.0,64.5,8.5,245,1.0,0.0,0.0,0.0,0.0,1.61,0.0
2026-02-06,PANC_008,Kondhwa Budruk,0.0,29.2,48.0,610.0,29.5,6.1,225,1.0,0.0,0.0,0.0,0.0,0.74,0.0
2026-02-06,PANC_009,Dhayari,0.0,29.2,48.0,620.0,39.5,7.0,260,1.0,0.0,0.0,0.0,0.8,0.99,0.0
2026-02-06,PANC_010,Nanded Gramin,0.0,29.2,48.0,565.0,-15.5,2.8,10,0.0,0.0,0.0,0.0,0.5,-0.39,0.0
2026-02-06,PANC_101,Sampatchak Gramin,0.0,29.2,48.0,53.0,1.2,0.8,10,0.0,0.0,0.0,0.0,0.0,0.03,0.0
2026-02-06,PANC_102,Bairiya,0.0,29.2,48.0,51.5,-0.3,0.5,90,0.0,0.0,0.0,0.0,0.3,-0.01,0.0
2026-02-06,PANC_103,Kanhauli,0.0,29.2,48.0,54.2,2.4,1.1,180,1.0,0.0,0.0,0.0,0.0,0.06,0.0
2026-02-06,PANC_104,Chipura,0.0,29.2,48.0,50.8,-1.0,0.4,45,0.0,0.0,0.0,0.0,0.0,-0.03,0.0
2026-02-06,PANC_105,Sonagopalpur,0.0,29.2,48.0,52.0,0.2,0.6,85,0.0,0.0,0.0,0.0,0.0,0.01,0.0
2026-02-06,PANC_106,Tarangpur,0.0,29.2,48.0,49.5,-2.3,0.3,5,0.0,0.0,0.0,0.0,1.2,-0.06,0.0
2026-02-07,PANC_001,Wagholi,0.0,29.9,59.3,590.0,9.5,4.2,90,0.0,0.0,0.0,0.0,0.0,0.24,0.0
2026-02-07,PANC_002,Hadapsar Rural,0.0,29.9,59.3,560.0,-20.5,2.1,0,0.0,0.0,0.0,0.0,0.4,-0.51,0.0
2026-02-07,PANC_003,Manjari Khurd,0.0,29.9,59.3,552.0,-28.5,1.8,85,0.0,0.0,0.0,0.0,0.0,-0.71,0.0
2026-02-07,PANC_004,Phursungi,0.0,29.9,59.3,575.0,-5.5,3.5,180,1.0,0.0,0.0,0.0,0.9,-0.14,0.0
2026-02-07,PANC_005,Loni Kalbhor,0.0,29.9,59.3,548.0,-32.5,1.5,95,0.0,0.0,0.0,0.0,0.8,-0.81,0.0
2026-02-07,PANC_006,Uruli Kanchan,0.0,29.9,59.3,540.0,-40.5,1.2,45,0.0,0.0,0.0,0.0,0.3,-1.01,0.0
2026-02-07,PANC_007,Khed Shivapur,0.0,29.9,59.3,645.0,64.5,8.5,245,1.0,0.0,0.0,0.0,0.0,1.61,0.0
2026-02-07,PANC_008,Kondhwa Budruk,0.0,29.9,59.3,610.0,29.5,6.1,225,1.0,0.0,0.0,0.0,0.5,0.74,0.0
2026-02-07,PANC_009,Dhayari,0.0,29.9,59.3,620.0,39.5,7.0,260,1.0,0.0,0.0,0.0,0.3,0.99,0.0
2026-02-07,PANC_010,Nanded Gramin,0.0,29.9,59.3,565.0,-15.5,2.8,10,0.0,0.0,0.0,0.0,0.8,-0.39,0.0
2026-02-07,PANC_101,Sampatchak Gramin,0.0,29.9,59.3,53.0,1.2,0.8,10,0.0,0.0,0.0,0.0,0.7,0.03,0.0
2026-02-07,PANC_102,Bairiya,0.0,29.9,59.3,51.5,-0.3,0.5,90,0.0,0.0,0.0,0.0,0.0,-0.01,0.0
2026-02-07,PANC_103,Kanhauli,0.0,29.9,59.3,54.2,2.4,1.1,180,1.0,0.0,0.0,0.0,0.0,0.06,0.0
2026-02-07,PANC_104,Chipura,0.0,29.9,59.3,50.8,-1.0,0.4,45,0.0,0.0,0.0,0.0,0.0,-0.03,0.0
2026-02-07,PANC_105,Sonagopalpur,0.0,29.9,59.3,52.0,0.2,0.6,85,0.0,0.0,0.0,0.0,0.8,0.01,0.0
2026-02-07,PANC_106,Tarangpur,0.0,29.9,59.3,49.5,-2.3,0.3,5,0.0,0.0,0.0,0.0,0.0,-0.06,0.0
2026-02-08,PANC_001,Wagholi,0.0,34.2,45.2,590.0,9.5,4.2,90,0.0,2.33,3.3,4.2,0.2,0.24,0.0
2026-02-08,PANC_002,Hadapsar Rural,0.0,34.2,45.2,560.0,-20.5,2.1,0,0.0,2.33,3.3,2.7,0.0,-0.51,0.0
2026-02-08,PANC_003,Manjari Khurd,0.0,34.2,45.2,552.0,-28.5,1.8,85,0.0,0.0,0.0,0.0,4.9,-0.71,7.0
2026-02-08,PANC_004,Phursungi,0.0,34.2,45.2,575.0,-5.5,3.5,180,1.0,2.33,3.3,2.0,0.3,-0.14,0.0
2026-02-08,PANC_005,Loni Kalbhor,0.0,34.2,45.2,548.0,-32.5,1.5,95,0.0,2.33,3.3,3.0,0.0,-0.81,0.0
2026-02-08,PANC_006,Uruli Kanchan,0.0,34.2,45.2,540.0,-40.5,1.2,45,0.0,2.33,3.3,1.8,0.0,-1.01,0.0
2026-02-08,PANC_007,Khed Shivapur,0.0,34.2,45.2,645.0,64.5,8.5,245,1.0,0.0,0.0,0.0,0.8,1.61,0.0
2026-02-08,PANC_008,Kondhwa Budruk,0.0,34.2,45.2,610.0,29.5,6.1,225,1.0,0.0,0.0,0.0,0.4,0.74,0.0
2026-02-08,PANC_009,Dhayari,0.0,34.2,45.2,620.0,39.5,7.0,260,1.0,0.0,0.0,0.0,0.0,0.99,0.0
2026-02-08,PANC_010,Nanded Gramin,0.0,34.2,45.2,565.0,-15.5,2.8,10,0.0,0.0,0.0,0.0,0.8,-0.39,0.0
2026-02-08,PANC_101,Sampatchak Gramin,0.0,34.2,45.2,53.0,1.2,0.8,10,0.0,0.0,0.0,0.0,0.2,0.03,0.0
2026-02-08,PANC_102,Bairiya,0.0,34.2,45.2,51.5,-0.3,0.5,90,0.0,0.0,0.0,0.0,0.2,-0.01,0.0
2026-02-08,PANC_103,Kanhauli,0.0,34.2,45.2,54.2,2.4,1.1,180,1.0,0.0,0.0,0.0,0.0,0.06,0.0
2026-02-08,PANC_104,Chipura,0.0,34.2,45.2,50.8,-1.0,0.4,45,0.0,0.0,0.0,0.0,0.0,-0.03,0.0
2026-02-08,PANC_105,Sonagopalpur,0.0,34.2,45.2,52.0,0.2,0.6,85,0.0,0.0,0.0,0.0,0.0,0.01,0.0
2026-02-08,PANC_106,Tarangpur,0.0,34.2,45.2,49.5,-2.3,0.3,5,0.0,0.0,0.0,0.0,0.0,-0.06,0.0
2026-02-09,PANC_001,Wagholi,0.0,32.2,51.3,590.0,9.5,4.2,90,0.0,0.0,0.0,0.0,0.8,0.24,0.0
2026-02-09,PANC_002,Hadapsar Rural,0.0,32.2,51.3,560.0,-20.5,2.1,0,0.0,0.0,0.0,0.0,0.0,-0.51,0.0
2026-02-09,PANC_003,Manjari Khurd,0.0,32.2,51.3,552.0,-28.5,1.8,85,0.0,0.0,0.0,0.0,0.0,-0.71,0.0
2026-02-09,PANC_004,Phursungi,0.0,32.2,51.3,575.0,-5.5,3.5,180,1.0,0.0,0.0,0.0,0.7,-0.14,0.0
2026-02-09,PANC_005,Loni Kalbhor,0.0,32.2,51.3,548.0,-32.5,1.5,95,0.0,0.0,0.0,0.0,0.0,-0.81,0.0
2026-02-09,PANC_006,Uruli Kanchan,0.0,32.2,51.3,540.0,-40.5,1.2,45,0.0,0.0,0.0,0.0,2.2,-1.01,0.0
2026-02-09,PANC_007,Khed Shivapur,0.0,32.2,51.3,645.0,64.5,8.5,245,1.0,0.0,0.0,0.0,1.2,1.61,0.0
2026-02-09,PANC_008,Kondhwa Budruk,0.0,32.2,51.3,610.0,29.5,6.1,225,1.0,0.0,0.0,0.0,0.0,0.74,0.0
2026-02-09,PANC_009,Dhayari,0.0,32.2,51.3,620.0,39.5,7.0,260,1.0,0.0,0.0,0.0,0.0,0.99,0.0
2026-02-09,PANC_010,Nanded Gramin,0.0,32.2,51.3,565.0,-15.5,2.8,10,0.0,0.0,0.0,0.0,0.2,-0.39,0.0
2026-02-09,PANC_101,Sampatchak Gramin,0.0,32.2,51.3,53.0,1.2,0.8,10,0.0,0.0,0.0,0.0,0.0,0.03,0.0
2026-02-09,PANC_102,Bairiya,0.0,32.2,51.3,51.5,-0.3,0.5,90,0.0,0.0,0.0,0.0,0.2,-0.01,0.0
2026-02-09,PANC_103,Kanhauli,0.0,32.2,51.3,54.2,2.4,1.1,180,1.0,0.0,0.0,0.0,0.0,0.06,0.0
2026-02-09,PANC_104,Chipura,0.0,32.2,51.3,50.8,-1.0,0.4,45,0.0,0.0,0.0,0.0,0.0,-0.03,0.0
2026-02-09,PANC_105,Sonagopalpur,0.0,32.2,51.3,52.0,0.2,0.6,85,0.0,0.0,0.0,0.0,0.1,0.01,0.0
2026-02-09,PANC_106,Tarangpur,0.0,32.2,51.3,49.5,-2.3,0.3,5,0.0,0.0,0.0,0.0,0.0,-0.06,0.0
2026-02-10,PANC_001,Wagholi,0.0,33.1,67.3,590.0,9.5,4.2,90,0.0,0.0,0.0,0.0,0.8,0.24,0.0
2026-02-10,PANC_002,Hadapsar Rural,0.0,33.1,67.3,560.0,-20.5,2.1,0,0.0,0.0,0.0,0.0,1.5,-0.51,0.0
2026-02-10,PANC_003,Manjari Khurd,0.0,33.1,67.3,552.0,-28.5,1.8,85,0.0,0.0,0.0,0.0,0.0,-0.71,0.0
2026-02-10,PANC_004,Phursungi,0.0,33.1,67.3,575.0,-5.5,3.5,180,1.0,0.0,0.0,0.0,0.0,-0.14,0.0
2026-02-10,PANC_005,Loni Kalbhor,0.0,33.1,67.3,548.0,-32.5,1.5,95,0.0,0.0,0.0,0.0,0.6,-0.81,0.0
2026-02-10,PANC_006,Uruli Kanchan,0.0,33.1,67.3,540.0,-40.5,1.2,45,0.0,0.0,0.0,0.0,0.6,-1.01,0.0
2026-02-10,PANC_007,Khed Shivapur,0.0,33.1,67.3,645.0,64.5,8.5,245,1.0,1.03,1.46,1.3,0.6,1.61,0.0
2026-02-10,PANC_008,Kondhwa Budruk,0.0,33.1,67.3,610.0,29.5,6.1,225,1.0,1.03,1.46,0.9,1.5,0.74,0.0
2026-02-10,PANC_009,Dhayari,0.0,33.1,67.3,620.0,39.5,7.0,260,1.0,0.0,0.0,0.0,2.3,0.99,3.1
2026-02-10,PANC_010,Nanded Gramin,0.0,33.1,67.3,565.0,-15.5,2.8,10,0.0,1.03,1.46,2.8,0.3,-0.39,0.0
2026-02-10,PANC_101,Sampatchak Gramin,0.0,33.1,67.3,53.0,1.2,0.8,10,0.0,0.0,0.0,0.0,0.0,0.03,0.0
2026-02-10,PANC_102,Bairiya,0.0,33.1,67.3,51.5,-0.3,0.5,90,0.0,0.0,0.0,0.0,1.7,-0.01,0.0
2026-02-10,PANC_103,Kanhauli,0.0,33.1,67.3,54.2,2.4,1.1,180,1.0,0.0,0.0,0.0,0.0,0.06,0.0
2026-02-10,PANC_104,Chipura,0.0,33.1,67.3,50.8,-1.0,0.4,45,0.0,0.0,0.0,0.0,0.0,-0.03,0.0
2026-02-10,PANC_105,Sonagopalpur,0.0,33.1,67.3,52.0,0.2,0.6,85,0.0,0.0,0.0,0.0,0.0,0.01,0.0
2026-02-10,PANC_106,Tarangpur,0.0,33.1,67.3,49.5,-2.3,0.3,5,0.0,0.0,0.0,0.0,0.0,-0.06,0.0
2026-02-11,PANC_001,Wagholi,0.0,30.8,68.1,590.0,9.5,4.2,90,0.0,0.9,1.27,1.6,0.0,0.24,0.0
2026-02-11,PANC_002,Hadapsar Rural,0.0,30.8,68.1,560.0,-20.5,2.1,0,0.0,0.9,1.27,1.1,0.7,-0.51,0.0
2026-02-11,PANC_003,Manjari Khurd,0.0,30.8,68.1,552.0,-28.5,1.8,85,0.0,0.0,0.0,0.0,2.3,-0.71,2.7
2026-02-11,PANC_004,Phursungi,0.0,30.8,68.1,575.0,-5.5,3.5,180,1.0,0.9,1.27,0.8,0.0,-0.14,0.0
2026-02-11,PANC_005,Loni Kalbhor,0.0,30.8,68.1,548.0,-32.5,1.5,95,0.0,0.9,1.27,1.2,0.0,-0.81,0.0
2026-02-11,PANC_006,Uruli Kanchan,0.0,30.8,68.1,540.0,-40.5,1.2,45,0.0,0.9,1.27,0.7,0.3,-1.01,0.0
2026-02-11,PANC_007,Khed Shivapur,0.0,30.8,68.1,645.0,64.5,8.5,245,1.0,0.0,0.0,0.0,0.6,1.61,0.0
2026-02-11,PANC_008,Kondhwa Budruk,0.0,30.8,68.1,610.0,29.5,6.1,225,1.0,0.0,0.0,0.0,0.1,0.74,0.0
2026-02-11,PANC_009,Dhayari,0.0,30.8,68.1,620.0,39.5,7.0,260,1.0,0.0,0.0,0.0,1.3,0.99,0.0
2026-02-11,PANC_010,Nanded Gramin,0.0,30.8,68.1,565.0,-15.5,2.8,10,0.0,0.0,0.0,0.0,0.4,-0.39,0.0
2026-02-11,PANC_101,Sampatchak Gramin,0.0,30.8,68.1,53.0,1.2,0.8,10,0.0,0.0,0.0,0.0,0.7,0.03,0.0
2026-02-11,PANC_102,Bairiya,0.0,30.8,68.1,51.5,-0.3,0.5,90,0.0,0.0,0.0,0.0,0.1,-0.01,0.0
2026-02-11,PANC_103,Kanhauli,0.0,30.8,68.1,54.2,2.4,1.1,180,1.0,0.0,0.0,0.0,0.5,0.06,0.0
2026-02-11,PANC_104,Chipura,0.0,30.8,68.1,50.8,-1.0,0.4,45,0.0,0.0,0.0,0.0,0.0,-0.03,0.0
2026-02-11,PANC_105,Sonagopalpur,0.0,30.8,68.1,52.0,0.2,0.6,85,0.0,0.0,0.0,0.0,0.0,0.01,0.0
2026-02-11,PANC_106,Tarangpur,0.0,30.8,68.1,49.5,-2.3,0.3,5,0.0,0.0,0.0,0.0,0.3,-0.06,0.0
2026-02-12,PANC_001,Wagholi,0.0,34.0,44.5,590.0,9.5,4.2,90,0.0,0.0,0.0,0.0,0.5,0.24,0.0
2026-02-12,PANC_002,Hadapsar Rural,0.0,34.0,44.5,560.0,-20.5,2.1,0,0.0,0.53,0.75,0.7,1.6,-0.51,0.0
2026-02-12,PANC_003,Manjari Khurd,0.0,34.0,44.5,552.0,-28.5,1.8,85,0.0,0.53,0.75,0.4,0.0,-0.71,0.0
2026-02-12,PANC_004,Phursungi,0.0,34.0,44.5,575.0,-5.5,3.5,180,1.0,0.0,0.0,0.0,0.2,-0.14,1.6
2026-02-12,PANC_005,Loni Kalbhor,0.0,34.0,44.5,548.0,-32.5,1.5,95,0.0,0.53,0.75,0.6,0.0,-0.81,0.0
2026-02-12,PANC_006,Uruli Kanchan,0.0,34.0,44.5,540.0,-40.5,1.2,45,0.0,0.53,0.75,0.4,0.0,-1.01,0.0
2026-02-12,PANC_007,Khed Shivapur,0.0,34.0,44.5,645.0,64.5,8.5,245,1.0,0.0,0.0,0.0,0.0,1.61,0.0
2026-02-12,PANC_008,Kondhwa Budruk,0.0,34.0,44.5,610.0,29.5,6.1,225,1.0,0.53,0.75,0.5,0.0,0.74,0.0
2026-02-12,PANC_009,Dhayari,0.0,34.0,44.5,620.0,39.5,7.0,260,1.0,0.0,0.0,0.0,0.8,0.99,0.0
2026-02-12,PANC_010,Nanded Gramin,0.0,34.0,44.5,565.0,-15.5,2.8,10,0.0,0.0,0.0,0.0,0.7,-0.39,0.0
2026-02-12,PANC_101,Sampatchak Gramin,0.0,34.0,44.5,53.0,1.2,0.8,10,0.0,0.0,0.0,0.0,0.0,0.03,0.0
2026-02-12,PANC_102,Bairiya,0.0,34.0,44.5,51.5,-0.3,0.5,90,0.0,0.03,0.05,0.0,2.5,-0.01,0.0
2026-02-12,PANC_103,Kanhauli,0.0,34.0,44.5,54.2,2.4,1.1,180,1.0,0.0,0.0,0.0,0.0,0.06,0.0
2026-02-12,PANC_104,Chipura,0.0,34.0,44.5,50.8,-1.0,0.4,45,0.0,0.0,0.0,0.0,0.0,-0.03,0.1
2026-02-12,PANC_105,Sonagopalpur,0.0,34.0,44.5,52.0,0.2,0.6,85,0.0,0.03,0.05,0.0,0.0,0.01,0.0
2026-02-12,PANC_106,Tarangpur,0.0,34.0,44.5,49.5,-2.3,0.3,5,0.0,0.0,0.0,0.0,0.0,-0.06,0.0
2026-02-13,PANC_001,Wagholi,0.0,33.9,53.4,590.0,9.5,4.2,90,0.0,2.33,3.3,1.7,0.0,0.24,0.0
2026-02-13,PANC_002,Hadapsar Rural,0.0,33.9,53.4,560.0,-20.5,2.1,0,0.0,0.0,0.0,0.0,4.8,-0.51,7.0
2026-02-13,PANC_003,Manjari Khurd,0.0,33.9,53.4,552.0,-28.5,1.8,85,0.0,2.33,3.3,2.9,0.0,-0.71,0.0
2026-02-13,PANC_004,Phursungi,0.0,33.9,53.4,575.0,-5.5,3.5,180,1.0,2.33,3.3,3.3,0.8,-0.14,0.0
2026-02-13,PANC_005,Loni Kalbhor,0.0,33.9,53.4,548.0,-32.5,1.5,95,0.0,2.33,3.3,1.3,0.0,-0.81,0.0
2026-02-13,PANC_006,Uruli Kanchan,0.0,33.9,53.4,540.0,-40.5,1.2,45,0.0,0.0,0.0,0.0,0.5,-1.01,0.0
2026-02-13,PANC_007,Khed Shivapur,0.0,33.9,53.4,645.0,64.5,8.5,245,1.0,0.0,0.0,0.0,0.0,1.61,0.0
2026-02-13,PANC_008,Kondhwa Budruk,0.0,33.9,53.4,610.0,29.5,6.1,225,1.0,2.33,3.3,2.5,0.5,0.74,0.0
2026-02-13,PANC_009,Dhayari,0.0,33.9,53.4,620.0,39.5,7.0,260,1.0,0.0,0.0,0.0,0.1,0.99,0.0
2026-02-13,PANC_010,Nanded Gramin,0.0,33.9,53.4,565.0,-15.5,2.8,10,0.0,0.0,0.0,0.0,0.0,-0.39,0.0
2026-02-13,PANC_101,Sampatchak Gramin,0.0,33.9,53.4,53.0,1.2,0.8,10,0.0,0.0,0.0,0.0,1.8,0.03,2.1
2026-02-13,PANC_102,Bairiya,0.0,33.9,53.4,51.5,-0.3,0.5,90,0.0,0.7,0.99,1.1,0.0,-0.01,0.0
2026-02-13,PANC_103,Kanhauli,0.0,33.9,53.4,54.2,2.4,1.1,180,1.0,0.7,0.99,1.1,0.0,0.06,0.0
2026-02-13,PANC_104,Chipura,0.0,33.9,53.4,50.8,-1.0,0.4,45,0.0,0.7,0.99,0.7,0.0,-0.03,0.0
2026-02-13,PANC_105,Sonagopalpur,0.0,33.9,53.4,52.0,0.2,0.6,85,0.0,0.7,0.99,0.6,0.0,0.01,0.0
2026-02-13,PANC_106,Tarangpur,0.0,33.9,53.4,49.5,-2.3,0.3,5,0.0,0.7,0.99,0.9,0.5,-0.06,0.0
2026-02-14,PANC_001,Wagholi,0.0,32.9,52.9,590.0,9.5,4.2,90,0.0,0.0,0.0,0.0,0.0,0.24,0.0
2026-02-14,PANC_002,Hadapsar Rural,0.0,32.9,52.9,560.0,-20.5,2.1,0,0.0,0.0,0.0,0.0,1.7,-0.51,0.0
2026-02-14,PANC_003,Manjari Khurd,0.0,32.9,52.9,552.0,-28.5,1.8,85,0.0,0.0,0.0,0.0,0.3,-0.71,0.0
2026-02-14,PANC_004,Phursungi,0.0,32.9,52.9,575.0,-5.5,3.5,180,1.0,0.0,0.0,0.0,0.0,-0.14,0.0
2026-02-14,PANC_005,Loni Kalbhor,0.0,32.9,52.9,548.0,-32.5,1.5,95,0.0,0.0,0.0,0.0,0.0,-0.81,0.0
2026-02-14,PANC_006,Uruli Kanchan,0.0,32.9,52.9,540.0,-40.5,1.2,45,0.0,0.0,0.0,0.0,0.0,-1.01,0.0
2026-02-14,PANC_007,Khed Shivapur,0.0,32.9,52.9,645.0,64.5,8.5,245,1.0,0.0,0.0,0.0,1.0,1.61,0.0
2026-02-14,PANC_008,Kondhwa Budruk,0.0,32.9,52.9,610.0,29.5,6.1,225,1.0,0.0,0.0,0.0,0.2,0.74,0.0
2026-02-14,PANC_009,Dhayari,0.0,32.9,52.9,620.0,39.5,7.0,260,1.0,0.0,0.0,0.0,0.3,0.99,0.0
2026-02-14,PANC_010,Nanded Gramin,0.0,32.9,52.9,565.0,-15.5,2.8,10,0.0,0.0,0.0,0.0,0.0,-0.39,0.0
2026-02-14,PANC_101,Sampatchak Gramin,0.0,32.9,52.9,53.0,1.2,0.8,10,0.0,0.0,0.0,0.0,0.0,0.03,0.0
2026-02-14,PANC_102,Bairiya,0.0,32.9,52.9,51.5,-0.3,0.5,90,0.0,0.0,0.0,0.0,0.0,-0.01,0.0
2026-02-14,PANC_103,Kanhauli,0.0,32.9,52.9,54.2,2.4,1.1,180,1.0,0.0,0.0,0.0,0.6,0.06,0.0
2026-02-14,PANC_104,Chipura,0.0,32.9,52.9,50.8,-1.0,0.4,45,0.0,0.0,0.0,0.0,0.0,-0.03,0.0
2026-02-14,PANC_105,Sonagopalpur,0.0,32.9,52.9,52.0,0.2,0.6,85,0.0,0.0,0.0,0.0,0.7,0.01,0.0
2026-02-14,PANC_106,Tarangpur,0.0,32.9,52.9,49.5,-2.3,0.3,5,0.0,0.0,0.0,0.0,0.0,-0.06,0.0
2026-02-15,PANC_001,Wagholi,0.0,33.2,50.3,590.0,9.5,4.2,90,0.0,0.0,0.0,0.0,0.0,0.24,0.0
2026-02-15,PANC_002,Hadapsar Rural,0.0,33.2,50.3,560.0,-20.5,2.1,0,0.0,0.0,0.0,0.0,0.0,-0.51,0.0
2026-02-15,PANC_003,Manjari Khurd,0.0,33.2,50.3,552.0,-28.5,1.8,85,0.0,0.0,0.0,0.0,0.6,-0.71,0.0
2026-02-15,PANC_004,Phursungi,0.0,33.2,50.3,575.0,-5.5,3.5,180,1.0,0.0,0.0,0.0,0.7,-0.14,0.0
2026-02-15,PANC_005,Loni Kalbhor,0.0,33.2,50.3,548.0,-32.5,1.5,95,0.0,0.0,0.0,0.0,0.0,-0.81,0.0
2026-02-15,PANC_006,Uruli Kanchan,0.0,33.2,50.3,540.0,-40.5,1.2,45,0.0,0.0,0.0,0.0,1.1,-1.01,0.0
2026-02-15,PANC_007,Khed Shivapur,0.0,33.2,50.3,645.0,64.5,8.5,245,1.0,0.0,0.0,0.0,0.0,1.61,0.0
2026-02-15,PANC_008,Kondhwa Budruk,0.0,33.2,50.3,610.0,29.5,6.1,225,1.0,0.0,0.0,0.0,0.0,0.74,0.0
2026-02-15,PANC_009,Dhayari,0.0,33.2,50.3,620.0,39.5,7.0,260,1.0,0.0,0.0,0.0,0.0,0.99,0.0
2026-02-15,PANC_010,Nanded Gramin,0.0,33.2,50.3,565.0,-15.5,2.8,10,0.0,0.0,0.0,0.0,0.0,-0.39,0.0
2026-02-15,PANC_101,Sampatchak Gramin,0.0,33.2,50.3,53.0,1.2,0.8,10,0.0,0.0,0.0,0.0,0.3,0.03,0.0
2026-02-15,PANC_102,Bairiya,0.0,33.2,50.3,51.5,-0.3,0.5,90,0.0,0.0,0.0,0.0,0.2,-0.01,0.0
2026-02-15,PANC_103,Kanhauli,0.0,33.2,50.3,54.2,2.4,1.1,180,1.0,0.0,0.0,0.0,0.3,0.06,0.0
2026-02-15,PANC_104,Chipura,0.0,33.2,50.3,50.8,-1.0,0.4,45,0.0,0.0,0.0,0.0,0.5,-0.03,0.0
2026-02-15,PANC_105,Sonagopalpur,0.0,33.2,50.3,52.0,0.2,0.6,85,0.0,0.0,0.0,0.0,0.0,0.01,0.0
2026-02-15,PANC_106,Tarangpur,0.0,33.2,50.3,49.5,-2.3,0.3,5,0.0,0.0,0.0,0.0,0.0,-0.06,0.0
2026-02-16,PANC_001,Wagholi,0.0,34.2,68.2,590.0,9.5,4.2,90,0.0,0.0,0.0,0.0,1.3,0.24,0.0
2026-02-16,PANC_002,Hadapsar Rural,0.0,34.2,68.2,560.0,-20.5,2.1,0,0.0,0.0,0.0,0.0,0.0,-0.51,0.0
2026-02-16,PANC_003,Manjari Khurd,0.0,34.2,68.2,552.0,-28.5,1.8,85,0.0,0.0,0.0,0.0,0.4,-0.71,0.0
2026-02-16,PANC_004,Phursungi,0.0,34.2,68.2,575.0,-5.5,3.5,180,1.0,0.0,0.0,0.0,0.0,-0.14,0.0
2026-02-16,PANC_005,Loni Kalbhor,0.0,34.2,68.2,548.0,-32.5,1.5,95,0.0,0.0,0.0,0.0,1.1,-0.81,0.0
2026-02-16,PANC_006,Uruli Kanchan,0.0,34.2,68.2,540.0,-40.5,1.2,45,0.0,0.0,0.0,0.0,0.1,-1.01,0.0
2026-02-16,PANC_007,Khed Shivapur,0.0,34.2,68.2,645.0,64.5,8.5,245,1.0,0.0,0.0,0.0,0.9,1.61,0.0
2026-02-16,PANC_008,Kondhwa Budruk,0.0,34.2,68.2,610.0,29.5,6.1,225,1.0,0.0,0.0,0.0,0.2,0.74,0.0
2026-02-16,PANC_009,Dhayari,0.0,34.2,68.2,620.0,39.5,7.0,260,1.0,0.0,0.0,0.0,0.0,0.99,0.0
2026-02-16,PANC_010,Nanded Gramin,0.0,34.2,68.2,565.0,-15.5,2.8,10,0.0,0.0,0.0,0.0,0.0,-0.39,0.0
2026-02-16,PANC_101,Sampatchak Gramin,0.0,34.2,68.2,53.0,1.2,0.8,10,0.0,0.0,0.0,0.0,0.0,0.03,0.0
2026-02-16,PANC_102,Bairiya,0.0,34.2,68.2,51.5,-0.3,0.5,90,0.0,0.0,0.0,0.0,0.9,-0.01,0.0
2026-02-16,PANC_103,Kanhauli,0.0,34.2,68.2,54.2,2.4,1.1,180,1.0,0.0,0.0,0.0,0.0,0.06,0.0
2026-02-16,PANC_104,Chipura,0.0,34.2,68.2,50.8,-1.0,0.4,45,0.0,0.0,0.0,0.0,0.4,-0.03,0.0
2026-02-16,PANC_105,Sonagopalpur,0.0,34.2,68.2,52.0,0.2,0.6,85,0.0,0.0,0.0,0.0,0.0,0.01,0.0
2026-02-16,PANC_106,Tarangpur,0.0,34.2,68.2,49.5,-2.3,0.3,5,0.0,0.0,0.0,0.0,0.0,-0.06,0.0
2026-02-17,PANC_001,Wagholi,0.0,34.7,52.5,590.0,9.5,4.2,90,0.0,0.0,0.0,0.0,0.0,0.24,0.0
2026-02-17,PANC_002,Hadapsar Rural,0.0,34.7,52.5,560.0,-20.5,2.1,0,0.0,0.0,0.0,0.0,0.6,-0.51,0.0
2026-02-17,PANC_003,Manjari Khurd,0.0,34.7,52.5,552.0,-28.5,1.8,85,0.0,0.0,0.0,0.0,0.0,-0.71,0.0
2026-02-17,PANC_004,Phursungi,0.0,34.7,52.5,575.0,-5.5,3.5,180,1.0,0.0,0.0,0.0,1.0,-0.14,0.0
2026-02-17,PANC_005,Loni Kalbhor,0.0,34.7,52.5,548.0,-32.5,1.5,95,0.0,0.0,0.0,0.0,0.3,-0.81,0.0
2026-02-17,PANC_006,Uruli Kanchan,0.0,34.7,52.5,540.0,-40.5,1.2,45,0.0,0.0,0.0,0.0,0.0,-1.01,0.1
2026-02-17,PANC_007,Khed Shivapur,0.0,34.7,52.5,645.0,64.5,8.5,245,1.0,0.0,0.0,0.0,0.0,1.61,0.0
2026-02-17,PANC_008,Kondhwa Budruk,0.0,34.7,52.5,610.0,29.5,6.1,225,1.0,0.0,0.0,0.0,0.0,0.74,0.0
2026-02-17,PANC_009,Dhayari,0.0,34.7,52.5,620.0,39.5,7.0,260,1.0,0.0,0.0,0.0,0.0,0.99,0.0
2026-02-17,PANC_010,Nanded Gramin,0.0,34.7,52.5,565.0,-15.5,2.8,10,0.0,0.0,0.0,0.0,0.0,-0.39,0.0
2026-02-17,PANC_101,Sampatchak Gramin,0.0,34.7,52.5,53.0,1.2,0.8,10,0.0,0.0,0.0,0.0,0.1,0.03,0.0
2026-02-17,PANC_102,Bairiya,0.0,34.7,52.5,51.5,-0.3,0.5,90,0.0,0.0,0.0,0.0,0.1,-0.01,0.0
2026-02-17,PANC_103,Kanhauli,0.0,34.7,52.5,54.2,2.4,1.1,180,1.0,0.0,0.0,0.0,0.0,0.06,0.0
2026-02-17,PANC_104,Chipura,0.0,34.7,52.5,50.8,-1.0,0.4,45,0.0,0.0,0.0,0.0,0.0,-0.03,0.0
2026-02-17,PANC_105,Sonagopalpur,0.0,34.7,52.5,52.0,0.2,0.6,85,0.0,0.0,0.0,0.0,1.2,0.01,0.0
2026-02-17,PANC_106,Tarangpur,0.0,34.7,52.5,49.5,-2.3,0.3,5,0.0,0.0,0.0,0.0,0.1,-0.06,0.0
2026-02-18,PANC_001,Wagholi,0.0,37.7,62.8,590.0,9.5,4.2,90,0.0,0.0,0.0,0.0,0.0,0.24,0.0
2026-02-18,PANC_002,Hadapsar Rural,0.0,37.7,62.8,560.0,-20.5,2.1,0,0.0,0.0,0.0,0.0,0.0,-0.51,0.0
2026-02-18,PANC_003,Manjari Khurd,0.0,37.7,62.8,552.0,-28.5,1.8,85,0.0,0.0,0.0,0.0,0.4,-0.71,0.0
2026-02-18,PANC_004,Phursungi,0.0,37.7,62.8,575.0,-5.5,3.5,180,1.0,0.0,0.0,0.0,0.4,-0.14,0.0
2026-02-18,PANC_005,Loni Kalbhor,0.0,37.7,62.8,548.0,-32.5,1.5,95,0.0,0.0,0.0,0.0,0.8,-0.81,0.0
2026-02-18,PANC_006,Uruli Kanchan,0.0,37.7,62.8,540.0,-40.5,1.2,45,0.0,0.0,0.0,0.0,0.3,-1.01,0.0
2026-02-18,PANC_007,Khed Shivapur,0.0,37.7,62.8,645.0,64.5,8.5,245,1.0,0.0,0.0,0.0,0.0,1.61,0.0
2026-02-18,PANC_008,Kondhwa Budruk,0.0,37.7,62.8,610.0,29.5,6.1,225,1.0,0.0,0.0,0.0,0.4,0.74,0.0
2026-02-18,PANC_009,Dhayari,0.0,37.7,62.8,620.0,39.5,7.0,260,1.0,0.0,0.0,0.0,0.0,0.99,0.0
2026-02-18,PANC_010,Nanded Gramin,0.0,37.7,62.8,565.0,-15.5,2.8,10,0.0,0.0,0.0,0.0,0.0,-0.39,0.0
2026-02-18,PANC_101,Sampatchak Gramin,0.0,37.7,62.8,53.0,1.2,0.8,10,0.0,0.0,0.0,0.0,0.0,0.03,0.0
2026-02-18,PANC_102,Bairiya,0.0,37.7,62.8,51.5,-0.3,0.5,90,0.0,0.0,0.0,0.0,0.0,-0.01,0.0
2026-02-18,PANC_103,Kanhauli,0.0,37.7,62.8,54.2,2.4,1.1,180,1.0,0.0,0.0,0.0,0.2,0.06,0.0
2026-02-18,PANC_104,Chipura,0.0,37.7,62.8,50.8,-1.0,0.4,45,0.0,0.0,0.0,0.0,0.0,-0.03,0.0
2026-02-18,PANC_105,Sonagopalpur,0.0,37.7,62.8,52.0,0.2,0.6,85,0.0,0.0,0.0,0.0,0.0,0.01,0.0
2026-02-18,PANC_106,Tarangpur,0.0,37.7,62.8,49.5,-2.3,0.3,5,0.0,0.0,0.0,0.0,0.0,-0.06,0.0
2026-02-19,PANC_001,Wagholi,0.0,29.7,64.5,590.0,9.5,4.2,90,0.0,0.0,0.0,0.0,0.6,0.24,0.0
2026-02-19,PANC_002,Hadapsar Rural,0.0,29.7,64.5,560.0,-20.5,2.1,0,0.0,0.0,0.0,0.0,0.3,-0.51,0.0
2026-02-19,PANC_003,Manjari Khurd,0.0,29.7,64.5,552.0,-28.5,1.8,85,0.0,0.0,0.0,0.0,0.0,-0.71,0.0
2026-02-19,PANC_004,Phursungi,0.0,29.7,64.5,575.0,-5.5,3.5,180,1.0,0.0,0.0,0.0,0.0,-0.14,0.0
2026-02-19,PANC_005,Loni Kalbhor,0.0,29.7,64.5,548.0,-32.5,1.5,95,0.0,0.0,0.0,0.0,1.4,-0.81,0.0
2026-02-19,PANC_006,Uruli Kanchan,0.0,29.7,64.5,540.0,-40.5,1.2,45,0.0,0.0,0.0,0.0,0.0,-1.01,0.0
2026-02-19,PANC_007,Khed Shivapur,0.0,29.7,64.5,645.0,64.5,8.5,245,1.0,0.0,0.0,0.0,0.0,1.61,0.0
2026-02-19,PANC_008,Kondhwa Budruk,0.0,29.7,64.5,610.0,29.5,6.1,225,1.0,0.0,0.0,0.0,0.0,0.74,0.0
2026-02-19,PANC_009,Dhayari,0.0,29.7,64.5,620.0,39.5,7.0,260,1.0,0.0,0.0,0.0,0.0,0.99,0.0
2026-02-19,PANC_010,Nanded Gramin,0.0,29.7,64.5,565.0,-15.5,2.8,10,0.0,0.0,0.0,0.0,1.1,-0.39,0.0
2026-02-19,PANC_101,Sampatchak Gramin,0.0,29.7,64.5,53.0,1.2,0.8,10,0.0,0.0,0.0,0.0,0.0,0.03,0.0
2026-02-19,PANC_102,Bairiya,0.0,29.7,64.5,51.5,-0.3,0.5,90,0.0,0.0,0.0,0.0,0.4,-0.01,0.0
2026-02-19,PANC_103,Kanhauli,0.0,29.7,64.5,54.2,2.4,1.1,180,1.0,0.0,0.0,0.0,1.1,0.06,0.0
2026-02-19,PANC_104,Chipura,0.0,29.7,64.5,50.8,-1.0,0.4,45,0.0,0.0,0.0,0.0,0.0,-0.03,0.0
2026-02-19,PANC_105,Sonagopalpur,0.0,29.7,64.5,52.0,0.2,0.6,85,0.0,0.0,0.0,0.0,0.4,0.01,0.0
2026-02-19,PANC_106,Tarangpur,0.0,29.7,64.5,49.5,-2.3,0.3,5,0.0,0.0,0.0,0.0,0.0,-0.06,0.0
2026-02-20,PANC_001,Wagholi,0.0,40.3,53.8,590.0,9.5,4.2,90,0.0,0.0,0.0,0.0,4.0,0.24,4.4
2026-02-20,PANC_002,Hadapsar Rural,0.0,40.3,53.8,560.0,-20.5,2.1,0,0.0,0.0,0.0,0.0,0.1,-0.51,0.0
2026-02-20,PANC_003,Manjari Khurd,0.0,40.3,53.8,552.0,-28.5,1.8,85,0.0,1.47,2.07,1.4,0.0,-0.71,0.0
2026-02-20,PANC_004,Phursungi,0.0,40.3,53.8,575.0,-5.5,3.5,180,1.0,0.0,0.0,0.0,0.0,-0.14,0.0
2026-02-20,PANC_005,Loni Kalbhor,0.0,40.3,53.8,548.0,-32.5,1.5,95,0.0,0.0,0.0,0.0,0.0,-0.81,0.0
2026-02-20,PANC_006,Uruli Kanchan,0.0,40.3,53.8,540.0,-40.5,1.2,45,0.0,0.0,0.0,0.0,0.0,-1.01,0.0
2026-02-20,PANC_007,Khed Shivapur,0.0,40.3,53.8,645.0,64.5,8.5,245,1.0,0.0,0.0,0.0,0.0,1.61,0.0
2026-02-20,PANC_008,Kondhwa Budruk,0.0,40.3,53.8,610.0,29.5,6.1,225,1.0,0.0,0.0,0.0,2.3,0.74,0.0
2026-02-20,PANC_009,Dhayari,0.0,40.3,53.8,620.0,39.5,7.0,260,1.0,0.0,0.0,0.0,0.1,0.99,0.0
2026-02-20,PANC_010,Nanded Gramin,0.0,40.3,53.8,565.0,-15.5,2.8,10,0.0,0.0,0.0,0.0,0.0,-0.39,0.0
2026-02-20,PANC_101,Sampatchak Gramin,0.0,40.3,53.8,53.0,1.2,0.8,10,0.0,0.0,0.0,0.0,0.0,0.03,0.0
2026-02-20,PANC_102,Bairiya,0.0,40.3,53.8,51.5,-0.3,0.5,90,0.0,0.0,0.0,0.0,0.0,-0.01,0.0
2026-02-20,PANC_103,Kanhauli,0.0,40.3,53.8,54.2,2.4,1.1,180,1.0,0.0,0.0,0.0,0.8,0.06,0.0
2026-02-20,PANC_104,Chipura,0.0,40.3,53.8,50.8,-1.0,0.4,45,0.0,0.0,0.0,0.0,0.0,-0.03,0.0
2026-02-20,PANC_105,Sonagopalpur,0.0,40.3,53.8,52.0,0.2,0.6,85,0.0,0.0,0.0,0.0,1.3,0.01,0.0
2026-02-20,PANC_106,Tarangpur,0.0,40.3,53.8,49.5,-2.3,0.3,5,0.0,0.0,0.0,0.0,0.0,-0.06,0.0
2026-02-21,PANC_001,Wagholi,0.0,32.2,54.4,590.0,9.5,4.2,90,0.0,0.0,0.0,0.0,0.0,0.24,0.0
2026-02-21,PANC_002,Hadapsar Rural,0.0,32.2,54.4,560.0,-20.5,2.1,0,0.0,0.0,0.0,0.0,1.1,-0.51,0.0
2026-02-21,PANC_003,Manjari Khurd,0.0,32.2,54.4,552.0,-28.5,1.8,85,0.0,0.0,0.0,0.0,0.0,-0.71,0.0
2026-02-21,PANC_004,Phursungi,0.0,32.2,54.4,575.0,-5.5,3.5,180,1.0,0.0,0.0,0.0,1.1,-0.14,0.0
2026-02-21,PANC_005,Loni Kalbhor,0.0,32.2,54.4,548.0,-32.5,1.5,95,0.0,0.0,0.0,0.0,0.0,-0.81,0.0
2026-02-21,PANC_006,Uruli Kanchan,0.0,32.2,54.4,540.0,-40.5,1.2,45,0.0,0.0,0.0,0.0,0.6,-1.01,0.0
2026-02-21,PANC_007,Khed Shivapur,0.0,32.2,54.4,645.0,64.5,8.5,245,1.0,0.0,0.0,0.0,0.9,1.61,0.0
2026-02-21,PANC_008,Kondhwa Budruk,0.0,32.2,54.4,610.0,29.5,6.1,225,1.0,0.0,0.0,0.0,0.0,0.74,0.0
2026-02-21,PANC_009,Dhayari,0.0,32.2,54.4,620.0,39.5,7.0,260,1.0,0.0,0.0,0.0,0.4,0.99,0.0
2026-02-21,PANC_010,Nanded Gramin,0.0,32.2,54.4,565.0,-15.5,2.8,10,0.0,0.0,0.0,0.0,1.1,-0.39,0.0
2026-02-21,PANC_101,Sampatchak Gramin,0.0,32.2,54.4,53.0,1.2,0.8,10,0.0,0.03,0.05,0.0,0.0,0.03,0.0
2026-02-21,PANC_102,Bairiya,0.0,32.2,54.4,51.5,-0.3,0.5,90,0.0,0.0,0.0,0.0,0.0,-0.01,0.0
2026-02-21,PANC_103,Kanhauli,0.0,32.2,54.4,54.2,2.4,1.1,180,1.0,0.0,0.0,0.0,0.5,0.06,0.1
2026-02-21,PANC_104,Chipura,0.0,32.2,54.4,50.8,-1.0,0.4,45,0.0,0.0,0.0,0.0,0.1,-0.03,0.0
2026-02-21,PANC_105,Sonagopalpur,0.0,32.2,54.4,52.0,0.2,0.6,85,0.0,0.03,0.05,0.0,0.0,0.01,0.0
2026-02-21,PANC_106,Tarangpur,0.0,32.2,54.4,49.5,-2.3,0.3,5,0.0,0.03,0.05,0.0,0.0,-0.06,0.0
2026-02-22,PANC_001,Wagholi,0.0,28.0,48.5,590.0,9.5,4.2,90,0.0,0.0,0.0,0.0,0.7,0.24,0.0
2026-02-22,PANC_002,Hadapsar Rural,0.0,28.0,48.5,560.0,-20.5,2.1,0,0.0,0.0,0.0,0.0,0.0,-0.51,0.0
2026-02-22,PANC_003,Manjari Khurd,0.0,28.0,48.5,552.0,-28.5,1.8,85,0.0,0.0,0.0,0.0,0.0,-0.71,0.0
2026-02-22,PANC_004,Phursungi,0.0,28.0,48.5,575.0,-5.5,3.5,180,1.0,0.0,0.0,0.0,0.0,-0.14,0.0
2026-02-22,PANC_005,Loni Kalbhor,0.0,28.0,48.5,548.0,-32.5,1.5,95,0.0,0.0,0.0,0.0,0.0,-0.81,0.0
2026-02-22,PANC_006,Uruli Kanchan,0.0,28.0,48.5,540.0,-40.5,1.2,45,0.0,0.0,0.0,0.0,0.3,-1.01,0.0
2026-02-22,PANC_007,Khed Shivapur,0.0,28.0,48.5,645.0,64.5,8.5,245,1.0,0.0,0.0,0.0,0.4,1.61,0.0
2026-02-22,PANC_008,Kondhwa Budruk,0.0,28.0,48.5,610.0,29.5,6.1,225,1.0,0.0,0.0,0.0,1.3,0.74,0.0
2026-02-22,PANC_009,Dhayari,0.0,28.0,48.5,620.0,39.5,7.0,260,1.0,0.0,0.0,0.0,0.0,0.99,0.0
2026-02-22,PANC_010,Nanded Gramin,0.0,28.0,48.5,565.0,-15.5,2.8,10,0.0,0.0,0.0,0.0,0.3,-0.39,0.0
2026-02-22,PANC_101,Sampatchak Gramin,0.0,28.0,48.5,53.0,1.2,0.8,10,0.0,0.0,0.0,0.0,0.0,0.03,0.0
2026-02-22,PANC_102,Bairiya,0.0,28.0,48.5,51.5,-0.3,0.5,90,0.0,0.0,0.0,0.0,0.0,-0.01,0.0
2026-02-22,PANC_103,Kanhauli,0.0,28.0,48.5,54.2,2.4,1.1,180,1.0,0.0,0.0,0.0,0.0,0.06,0.0
2026-02-22,PANC_104,Chipura,0.0,28.0,48.5,50.8,-1.0,0.4,45,0.0,0.0,0.0,0.0,0.0,-0.03,0.0
2026-02-22,PANC_105,Sonagopalpur,0.0,28.0,48.5,52.0,0.2,0.6,85,0.0,0.0,0.0,0.0,0.0,0.01,0.0
2026-02-22,PANC_106,Tarangpur,0.0,28.0,48.5,49.5,-2.3,0.3,5,0.0,0.0,0.0,0.0,0.2,-0.06,0.0
2026-02-23,PANC_001,Wagholi,11.8,32.0,55.6,590.0,9.5,4.2,90,0.0,0.03,0.47,11.7,9.4,0.24,11.9
2026-02-23,PANC_002,Hadapsar Rural,11.8,32.0,55.6,560.0,-20.5,2.1,0,0.0,0.5,1.2,11.9,8.4,-0.51,12.5
2026-02-23,PANC_003,Manjari Khurd,11.8,32.0,55.6,552.0,-28.5,1.8,85,0.0,0.13,0.45,12.0,6.8,-0.71,11.5
2026-02-23,PANC_004,Phursungi,11.8,32.0,55.6,575.0,-5.5,3.5,180,1.0,0.03,0.47,12.0,7.8,-0.14,11.4
2026-02-23,PANC_005,Loni Kalbhor,11.8,32.0,55.6,548.0,-32.5,1.5,95,0.0,-0.0,0.5,11.6,8.4,-0.81,11.5
2026-02-23,PANC_006,Uruli Kanchan,11.8,32.0,55.6,540.0,-40.5,1.2,45,0.0,-0.33,0.05,11.5,10.2,-1.01,10.9
2026-02-23,PANC_007,Khed Shivapur,11.8,32.0,55.6,645.0,64.5,8.5,245,1.0,0.37,1.3,12.1,9.3,1.61,11.8
2026-02-23,PANC_008,Kondhwa Budruk,11.8,32.0,55.6,610.0,29.5,6.1,225,1.0,-0.13,0.6,11.7,9.1,0.74,14.0
2026-02-23,PANC_009,Dhayari,11.8,32.0,55.6,620.0,39.5,7.0,260,1.0,0.6,1.14,11.6,7.8,0.99,11.1
2026-02-23,PANC_010,Nanded Gramin,11.8,32.0,55.6,565.0,-15.5,2.8,10,0.0,0.5,1.24,11.3,8.5,-0.39,11.4
2026-02-23,PANC_101,Sampatchak Gramin,11.8,32.0,55.6,53.0,1.2,0.8,10,0.0,-0.73,0.68,11.3,8.8,0.03,11.4
2026-02-23,PANC_102,Bairiya,11.8,32.0,55.6,51.5,-0.3,0.5,90,0.0,0.3,0.57,11.9,7.6,-0.01,11.6
2026-02-23,PANC_103,Kanhauli,11.8,32.0,55.6,54.2,2.4,1.1,180,1.0,-0.37,1.1,11.1,8.5,0.06,11.5
2026-02-23,PANC_104,Chipura,11.8,32.0,55.6,50.8,-1.0,0.4,45,0.0,-0.77,0.66,11.1,8.5,-0.03,12.1
2026-02-23,PANC_105,Sonagopalpur,11.8,32.0,55.6,52.0,0.2,0.6,85,0.0,-0.13,0.31,11.6,6.7,0.01,10.1
2026-02-23,PANC_106,Tarangpur,11.8,32.0,55.6,49.5,-2.3,0.3,5,0.0,-0.3,0.08,11.5,9.8,-0.06,12.8
2026-02-24,PANC_001,Wagholi,0.0,34.2,57.0,590.0,9.5,4.2,90,0.0,0.1,0.14,0.1,0.0,0.24,0.0
2026-02-24,PANC_002,Hadapsar Rural,0.0,34.2,57.0,560.0,-20.5,2.1,0,0.0,0.0,0.0,0.0,0.0,-0.51,0.3
2026-02-24,PANC_003,Manjari Khurd,0.0,34.2,57.0,552.0,-28.5,1.8,85,0.0,0.1,0.14,0.1,0.0,-0.71,0.0
2026-02-24,PANC_004,Phursungi,0.0,34.2,57.0,575.0,-5.5,3.5,180,1.0,0.1,0.14,0.1,0.6,-0.14,0.0
2026-02-24,PANC_005,Loni Kalbhor,0.0,34.2,57.0,548.0,-32.5,1.5,95,0.0,0.1,0.14,0.1,0.0,-0.81,0.0
2026-02-24,PANC_006,Uruli Kanchan,0.0,34.2,57.0,540.0,-40.5,1.2,45,0.0,0.0,0.0,0.0,0.5,-1.01,0.0
2026-02-24,PANC_007,Khed Shivapur,0.0,34.2,57.0,645.0,64.5,8.5,245,1.0,0.0,0.0,0.0,0.0,1.61,0.0
2026-02-24,PANC_008,Kondhwa Budruk,0.0,34.2,57.0,610.0,29.5,6.1,225,1.0,0.1,0.14,0.1,0.0,0.74,0.0
2026-02-24,PANC_009,Dhayari,0.0,34.2,57.0,620.0,39.5,7.0,260,1.0,0.0,0.0,0.0,0.0,0.99,0.0
2026-02-24,PANC_010,Nanded Gramin,0.0,34.2,57.0,565.0,-15.5,2.8,10,0.0,0.0,0.0,0.0,1.2,-0.39,0.0
2026-02-24,PANC_101,Sampatchak Gramin,0.0,34.2,57.0,53.0,1.2,0.8,10,0.0,0.0,0.0,0.0,0.0,0.03,0.0
2026-02-24,PANC_102,Bairiya,0.0,34.2,57.0,51.5,-0.3,0.5,90,0.0,0.0,0.0,0.0,0.0,-0.01,0.0
2026-02-24,PANC_103,Kanhauli,0.0,34.2,57.0,54.2,2.4,1.1,180,1.0,0.0,0.0,0.0,0.3,0.06,0.0
2026-02-24,PANC_104,Chipura,0.0,34.2,57.0,50.8,-1.0,0.4,45,0.0,0.0,0.0,0.0,0.0,-0.03,0.0
2026-02-24,PANC_105,Sonagopalpur,0.0,34.2,57.0,52.0,0.2,0.6,85,0.0,0.0,0.0,0.0,0.0,0.01,0.0
2026-02-24,PANC_106,Tarangpur,0.0,34.2,57.0,49.5,-2.3,0.3,5,0.0,0.0,0.0,0.0,0.4,-0.06,0.0
2026-02-25,PANC_001,Wagholi,0.0,30.5,63.5,590.0,9.5,4.2,90,0.0,0.23,0.33,0.1,0.0,0.24,0.0
2026-02-25,PANC_002,Hadapsar Rural,0.0,30.5,63.5,560.0,-20.5,2.1,0,0.0,0.0,0.0,0.0,0.3,-0.51,0.0
2026-02-25,PANC_003,Manjari Khurd,0.0,30.5,63.5,552.0,-28.5,1.8,85,0.0,0.0,0.0,0.0,0.9,-0.71,0.0
2026-02-25,PANC_004,Phursungi,0.0,30.5,63.5,575.0,-5.5,3.5,180,1.0,0.23,0.33,0.2,0.1,-0.14,0.0
2026-02-25,PANC_005,Loni Kalbhor,0.0,30.5,63.5,548.0,-32.5,1.5,95,0.0,0.0,0.0,0.0,0.6,-0.81,0.7
2026-02-25,PANC_006,Uruli Kanchan,0.0,30.5,63.5,540.0,-40.5,1.2,45,0.0,0.23,0.33,0.4,0.0,-1.01,0.0
2026-02-25,PANC_007,Khed Shivapur,0.0,30.5,63.5,645.0,64.5,8.5,245,1.0,0.0,0.0,0.0,0.9,1.61,0.0
2026-02-25,PANC_008,Kondhwa Budruk,0.0,30.5,63.5,610.0,29.5,6.1,225,1.0,0.0,0.0,0.0,0.1,0.74,0.0
2026-02-25,PANC_009,Dhayari,0.0,30.5,63.5,620.0,39.5,7.0,260,1.0,0.0,0.0,0.0,0.0,0.99,0.0
2026-02-25,PANC_010,Nanded Gramin,0.0,30.5,63.5,565.0,-15.5,2.8,10,0.0,0.0,0.0,0.0,0.0,-0.39,0.0
2026-02-25,PANC_101,Sampatchak Gramin,0.0,30.5,63.5,53.0,1.2,0.8,10,0.0,0.0,0.0,0.0,0.8,0.03,0.0
2026-02-25,PANC_102,Bairiya,0.0,30.5,63.5,51.5,-0.3,0.5,90,0.0,0.0,0.0,0.0,0.0,-0.01,0.0
2026-02-25,PANC_103,Kanhauli,0.0,30.5,63.5,54.2,2.4,1.1,180,1.0,0.0,0.0,0.0,0.8,0.06,0.0
2026-02-25,PANC_104,Chipura,0.0,30.5,63.5,50.8,-1.0,0.4,45,0.0,0.0,0.0,0.0,0.0,-0.03,0.0
2026-02-25,PANC_105,Sonagopalpur,0.0,30.5,63.5,52.0,0.2,0.6,85,0.0,0.0,0.0,0.0,0.6,0.01,0.0
2026-02-25,PANC_106,Tarangpur,0.0,30.5,63.5,49.5,-2.3,0.3,5,0.0,0.0,0.0,0.0,0.2,-0.06,0.0
2026-02-26,PANC_001,Wagholi,0.0,32.7,47.4,590.0,9.5,4.2,90,0.0,2.9,4.1,2.1,0.0,0.24,0.0
2026-02-26,PANC_002,Hadapsar Rural,0.0,32.7,47.4,560.0,-20.5,2.1,0,0.0,0.0,0.0,0.0,6.2,-0.51,8.7
2026-02-26,PANC_003,Manjari Khurd,0.0,32.7,47.4,552.0,-28.5,1.8,85,0.0,2.9,4.1,3.6,0.0,-0.71,0.0
2026-02-26,PANC_004,Phursungi,0.0,32.7,47.4,575.0,-5.5,3.5,180,1.0,2.9,4.1,4.1,1.1,-0.14,0.0
2026-02-26,PANC_005,Loni Kalbhor,0.0,32.7,47.4,548.0,-32.5,1.5,95,0.0,2.9,4.1,1.6,1.3,-0.81,0.0
2026-02-26,PANC_006,Uruli Kanchan,0.0,32.7,47.4,540.0,-40.5,1.2,45,0.0,0.0,0.0,0.0,0.0,-1.01,0.0
2026-02-26,PANC_007,Khed Shivapur,0.0,32.7,47.4,645.0,64.5,8.5,245,1.0,0.0,0.0,0.0,0.7,1.61,0.0
2026-02-26,PANC_008,Kondhwa Budruk,0.0,32.7,47.4,610.0,29.5,6.1,225,1.0,2.9,4.1,3.1,0.9,0.74,0.0
2026-02-26,PANC_009,Dhayari,0.0,32.7,47.4,620.0,39.5,7.0,260,1.0,0.0,0.0,0.0,0.3,0.99,0.0
2026-02-26,PANC_010,Nanded Gramin,0.0,32.7,47.4,565.0,-15.5,2.8,10,0.0,0.0,0.0,0.0,0.5,-0.39,0.0
2026-02-26,PANC_101,Sampatchak Gramin,0.0,32.7,47.4,53.0,1.2,0.8,10,0.0,0.0,0.0,0.0,0.4,0.03,0.0
2026-02-26,PANC_102,Bairiya,0.0,32.7,47.4,51.5,-0.3,0.5,90,0.0,0.0,0.0,0.0,0.7,-0.01,0.0
2026-02-26,PANC_103,Kanhauli,0.0,32.7,47.4,54.2,2.4,1.1,180,1.0,0.0,0.0,0.0,0.0,0.06,0.0
2026-02-26,PANC_104,Chipura,0.0,32.7,47.4,50.8,-1.0,0.4,45,0.0,0.0,0.0,0.0,1.0,-0.03,0.0
2026-02-26,PANC_105,Sonagopalpur,0.0,32.7,47.4,52.0,0.2,0.6,85,0.0,0.0,0.0,0.0,0.2,0.01,0.0
2026-02-26,PANC_106,Tarangpur,0.0,32.7,47.4,49.5,-2.3,0.3,5,0.0,0.0,0.0,0.0,0.1,-0.06,0.0
2026-02-27,PANC_001,Wagholi,0.0,28.9,67.8,590.0,9.5,4.2,90,0.0,0.0,0.0,0.0,0.6,0.24,0.0
2026-02-27,PANC_002,Hadapsar Rural,0.0,28.9,67.8,560.0,-20.5,2.1,0,0.0,1.0,1.41,0.5,0.4,-0.51,0.0
2026-02-27,PANC_003,Manjari Khurd,0.0,28.9,67.8,552.0,-28.5,1.8,85,0.0,0.0,0.0,0.0,1.0,-0.71,0.0
2026-02-27,PANC_004,Phursungi,0.0,28.9,67.8,575.0,-5.5,3.5,180,1.0,0.0,0.0,0.0,0.0,-0.14,0.0
2026-02-27,PANC_005,Loni Kalbhor,0.0,28.9,67.8,548.0,-32.5,1.5,95,0.0,0.0,0.0,0.0,0.5,-0.81,0.0
2026-02-27,PANC_006,Uruli Kanchan,0.0,28.9,67.8,540.0,-40.5,1.2,45,0.0,0.0,0.0,0.0,0.0,-1.01,0.0
2026-02-27,PANC_007,Khed Shivapur,0.0,28.9,67.8,645.0,64.5,8.5,245,1.0,1.0,1.41,0.9,0.0,1.61,0.0
2026-02-27,PANC_008,Kondhwa Budruk,0.0,28.9,67.8,610.0,29.5,6.1,225,1.0,0.0,0.0,0.0,2.0,0.74,3.0
2026-02-27,PANC_009,Dhayari,0.0,28.9,67.8,620.0,39.5,7.0,260,1.0,1.0,1.41,0.2,0.5,0.99,0.0
2026-02-27,PANC_010,Nanded Gramin,0.0,28.9,67.8,565.0,-15.5,2.8,10,0.0,1.0,1.41,0.2,0.2,-0.39,0.0
2026-02-27,PANC_101,Sampatchak Gramin,0.0,28.9,67.8,53.0,1.2,0.8,10,0.0,0.0,0.0,0.0,4.1,0.03,4.0
2026-02-27,PANC_102,Bairiya,0.0,28.9,67.8,51.5,-0.3,0.5,90,0.0,1.33,1.89,2.1,0.0,-0.01,0.0
2026-02-27,PANC_103,Kanhauli,0.0,28.9,67.8,54.2,2.4,1.1,180,1.0,1.33,1.89,2.0,0.6,0.06,0.0
2026-02-27,PANC_104,Chipura,0.0,28.9,67.8,50.8,-1.0,0.4,45,0.0,1.33,1.89,1.3,0.1,-0.03,0.0
2026-02-27,PANC_105,Sonagopalpur,0.0,28.9,67.8,52.0,0.2,0.6,85,0.0,1.33,1.89,1.2,0.0,0.01,0.0
2026-02-27,PANC_106,Tarangpur,0.0,28.9,67.8,49.5,-2.3,0.3,5,0.0,1.33,1.89,1.7,0.0,-0.06,0.0
2026-02-28,PANC_001,Wagholi,0.0,32.7,54.9,590.0,9.5,4.2,90,0.0,0.0,0.0,0.0,0.9,0.24,0.0
2026-02-28,PANC_002,Hadapsar Rural,0.0,32.7,54.9,560.0,-20.5,2.1,0,0.0,0.0,0.0,0.0,0.0,-0.51,0.0
2026-02-28,PANC_003,Manjari Khurd,0.0,32.7,54.9,552.0,-28.5,1.8,85,0.0,0.0,0.0,0.0,0.8,-0.71,0.0
2026-02-28,PANC_004,Phursungi,0.0,32.7,54.9,575.0,-5.5,3.5,180,1.0,0.0,0.0,0.0,0.1,-0.14,0.0
2026-02-28,PANC_005,Loni Kalbhor,0.0,32.7,54.9,548.0,-32.5,1.5,95,0.0,0.0,0.0,0.0,0.9,-0.81,0.0
2026-02-28,PANC_006,Uruli Kanchan,0.0,32.7,54.9,540.0,-40.5,1.2,45,0.0,0.0,0.0,0.0,0.0,-1.01,0.0
2026-02-28,PANC_007,Khed Shivapur,0.0,32.7,54.9,645.0,64.5,8.5,245,1.0,0.0,0.0,0.0,0.0,1.61,0.0
2026-02-28,PANC_008,Kondhwa Budruk,0.0,32.7,54.9,610.0,29.5,6.1,225,1.0,0.0,0.0,0.0,0.4,0.74,0.0
2026-02-28,PANC_009,Dhayari,0.0,32.7,54.9,620.0,39.5,7.0,260,1.0,0.0,0.0,0.0,0.0,0.99,0.0
2026-02-28,PANC_010,Nanded Gramin,0.0,32.7,54.9,565.0,-15.5,2.8,10,0.0,0.0,0.0,0.0,0.0,-0.39,0.0
2026-02-28,PANC_101,Sampatchak Gramin,0.0,32.7,54.9,53.0,1.2,0.8,10,0.0,0.0,0.0,0.0,0.0,0.03,0.0
2026-02-28,PANC_102,Bairiya,0.0,32.7,54.9,51.5,-0.3,0.5,90,0.0,0.0,0.0,0.0,0.0,-0.01,0.0
2026-02-28,PANC_103,Kanhauli,0.0,32.7,54.9,54.2,2.4,1.1,180,1.0,0.0,0.0,0.0,0.0,0.06,0.0
2026-02-28,PANC_104,Chipura,0.0,32.7,54.9,50.8,-1.0,0.4,45,0.0,0.0,0.0,0.0,0.5,-0.03,0.0
2026-02-28,PANC_105,Sonagopalpur,0.0,32.7,54.9,52.0,0.2,0.6,85,0.0,0.0,0.0,0.0,0.3,0.01,0.0
2026-02-28,PANC_106,Tarangpur,0.0,32.7,54.9,49.5,-2.3,0.3,5,0.0,0.0,0.0,0.0,0.1,-0.06,0.0
2026-03-01,PANC_001,Wagholi,0.0,31.0,56.4,590.0,9.5,4.2,90,0.0,0.0,0.0,0.0,1.1,0.24,0.0
2026-03-01,PANC_002,Hadapsar Rural,0.0,31.0,56.4,560.0,-20.5,2.1,0,0.0,0.57,0.8,0.7,0.6,-0.51,0.0
2026-03-01,PANC_003,Manjari Khurd,0.0,31.0,56.4,552.0,-28.5,1.8,85,0.0,0.57,0.8,0.5,0.4,-0.71,0.0
2026-03-01,PANC_004,Phursungi,0.0,31.0,56.4,575.0,-5.5,3.5,180,1.0,0.0,0.0,0.0,2.3,-0.14,1.7
2026-03-01,PANC_005,Loni Kalbhor,0.0,31.0,56.4,548.0,-32.5,1.5,95,0.0,0.57,0.8,0.7,0.0,-0.81,0.0
2026-03-01,PANC_006,Uruli Kanchan,0.0,31.0,56.4,540.0,-40.5,1.2,45,0.0,0.57,0.8,0.4,0.0,-1.01,0.0
2026-03-01,PANC_007,Khed Shivapur,0.0,31.0,56.4,645.0,64.5,8.5,245,1.0,0.0,0.0,0.0,0.2,1.61,0.0
2026-03-01,PANC_008,Kondhwa Budruk,0.0,31.0,56.4,610.0,29.5,6.1,225,1.0,0.57,0.8,0.6,0.0,0.74,0.0
2026-03-01,PANC_009,Dhayari,0.0,31.0,56.4,620.0,39.5,7.0,260,1.0,0.0,0.0,0.0,0.5,0.99,0.0
2026-03-01,PANC_010,Nanded Gramin,0.0,31.0,56.4,565.0,-15.5,2.8,10,0.0,0.0,0.0,0.0,0.0,-0.39,0.0
2026-03-01,PANC_101,Sampatchak Gramin,0.0,31.0,56.4,53.0,1.2,0.8,10,0.0,0.0,0.0,0.0,0.3,0.03,0.0
2026-03-01,PANC_102,Bairiya,0.0,31.0,56.4,51.5,-0.3,0.5,90,0.0,0.0,0.0,0.0,0.0,-0.01,0.0
2026-03-01,PANC_103,Kanhauli,0.0,31.0,56.4,54.2,2.4,1.1,180,1.0,0.0,0.0,0.0,0.4,0.06,0.0
2026-03-01,PANC_104,Chipura,0.0,31.0,56.4,50.8,-1.0,0.4,45,0.0,0.0,0.0,0.0,0.0,-0.03,0.0
2026-03-01,PANC_105,Sonagopalpur,0.0,31.0,56.4,52.0,0.2,0.6,85,0.0,0.0,0.0,0.0,0.8,0.01,0.0
2026-03-01,PANC_106,Tarangpur,0.0,31.0,56.4,49.5,-2.3,0.3,5,0.0,0.0,0.0,0.0,0.8,-0.06,0.0
2026-03-02,PANC_001,Wagholi,0.0,36.9,46.3,590.0,9.5,4.2,90,0.0,0.0,0.0,0.0,0.2,0.24,0.0
2026-03-02,PANC_002,Hadapsar Rural,0.0,36.9,46.3,560.0,-20.5,2.1,0,0.0,0.0,0.0,0.0,1.5,-0.51,0.0
2026-03-02,PANC_003,Manjari Khurd,0.0,36.9,46.3,552.0,-28.5,1.8,85,0.0,0.0,0.0,0.0,0.0,-0.71,0.0
2026-03-02,PANC_004,Phursungi,0.0,36.9,46.3,575.0,-5.5,3.5,180,1.0,0.0,0.0,0.0,0.0,-0.14,0.0
2026-03-02,PANC_005,Loni Kalbhor,0.0,36.9,46.3,548.0,-32.5,1.5,95,0.0,0.0,0.0,0.0,0.5,-0.81,0.0
2026-03-02,PANC_006,Uruli Kanchan,0.0,36.9,46.3,540.0,-40.5,1.2,45,0.0,0.0,0.0,0.0,0.2,-1.01,0.0
2026-03-02,PANC_007,Khed Shivapur,0.0,36.9,46.3,645.0,64.5,8.5,245,1.0,0.0,0.0,0.0,0.0,1.61,0.0
2026-03-02,PANC_008,Kondhwa Budruk,0.0,36.9,46.3,610.0,29.5,6.1,225,1.0,0.0,0.0,0.0,0.0,0.74,0.0
2026-03-02,PANC_009,Dhayari,0.0,36.9,46.3,620.0,39.5,7.0,260,1.0,0.0,0.0,0.0,0.0,0.99,0.0
2026-03-02,PANC_010,Nanded Gramin,0.0,36.9,46.3,565.0,-15.5,2.8,10,0.0,0.0,0.0,0.0,0.4,-0.39,0.0
2026-03-02,PANC_101,Sampatchak Gramin,0.0,36.9,46.3,53.0,1.2,0.8,10,0.0,2.57,3.63,3.1,0.4,0.03,0.0
2026-03-02,PANC_102,Bairiya,0.0,36.9,46.3,51.5,-0.3,0.5,90,0.0,0.0,0.0,0.0,1.7,-0.01,0.0
2026-03-02,PANC_103,Kanhauli,0.0,36.9,46.3,54.2,2.4,1.1,180,1.0,0.0,0.0,0.0,4.5,0.06,7.7
2026-03-02,PANC_104,Chipura,0.0,36.9,46.3,50.8,-1.0,0.4,45,0.0,0.0,0.0,0.0,1.4,-0.03,0.0
2026-03-02,PANC_105,Sonagopalpur,0.0,36.9,46.3,52.0,0.2,0.6,85,0.0,2.57,3.63,3.4,0.0,0.01,0.0
2026-03-02,PANC_106,Tarangpur,0.0,36.9,46.3,49.5,-2.3,0.3,5,0.0,2.57,3.63,2.0,0.0,-0.06,0.0
2026-03-03,PANC_001,Wagholi,0.0,35.4,64.4,590.0,9.5,4.2,90,0.0,0.0,0.0,0.0,1.1,0.24,1.8
2026-03-03,PANC_002,Hadapsar Rural,0.0,35.4,64.4,560.0,-20.5,2.1,0,0.0,0.0,0.0,0.0,0.0,-0.51,0.0
2026-03-03,PANC_003,Manjari Khurd,0.0,35.4,64.4,552.0,-28.5,1.8,85,0.0,0.6,0.85,0.6,0.0,-0.71,0.0
2026-03-03,PANC_004,Phursungi,0.0,35.4,64.4,575.0,-5.5,3.5,180,1.0,0.0,0.0,0.0,0.0,-0.14,0.0
2026-03-03,PANC_005,Loni Kalbhor,0.0,35.4,64.4,548.0,-32.5,1.5,95,0.0,0.0,0.0,0.0,0.9,-0.81,0.0
2026-03-03,PANC_006,Uruli Kanchan,0.0,35.4,64.4,540.0,-40.5,1.2,45,0.0,0.0,0.0,0.0,1.3,-1.01,0.0
2026-03-03,PANC_007,Khed Shivapur,0.0,35.4,64.4,645.0,64.5,8.5,245,1.0,0.0,0.0,0.0,0.8,1.61,0.0
2026-03-03,PANC_008,Kondhwa Budruk,0.0,35.4,64.4,610.0,29.5,6.1,225,1.0,0.0,0.0,0.0,1.0,0.74,0.0
2026-03-03,PANC_009,Dhayari,0.0,35.4,64.4,620.0,39.5,7.0,260,1.0,0.0,0.0,0.0,0.0,0.99,0.0
2026-03-03,PANC_010,Nanded Gramin,0.0,35.4,64.4,565.0,-15.5,2.8,10,0.0,0.0,0.0,0.0,0.0,-0.39,0.0
2026-03-03,PANC_101,Sampatchak Gramin,0.0,35.4,64.4,53.0,1.2,0.8,10,0.0,0.0,0.0,0.0,0.0,0.03,0.0
2026-03-03,PANC_102,Bairiya,0.0,35.4,64.4,51.5,-0.3,0.5,90,0.0,0.0,0.0,0.0,0.5,-0.01,0.0
2026-03-03,PANC_103,Kanhauli,0.0,35.4,64.4,54.2,2.4,1.1,180,1.0,0.0,0.0,0.0,0.2,0.06,0.0
2026-03-03,PANC_104,Chipura,0.0,35.4,64.4,50.8,-1.0,0.4,45,0.0,0.0,0.0,0.0,0.0,-0.03,0.0
2026-03-03,PANC_105,Sonagopalpur,0.0,35.4,64.4,52.0,0.2,0.6,85,0.0,0.0,0.0,0.0,1.0,0.01,0.0
2026-03-03,PANC_106,Tarangpur,0.0,35.4,64.4,49.5,-2.3,0.3,5,0.0,0.0,0.0,0.0,0.3,-0.06,0.0
2026-03-04,PANC_001,Wagholi,0.0,34.9,49.8,590.0,9.5,4.2,90,0.0,0.0,0.0,0.0,0.0,0.24,0.0
2026-03-04,PANC_002,Hadapsar Rural,0.0,34.9,49.8,560.0,-20.5,2.1,0,0.0,0.0,0.0,0.0,0.5,-0.51,0.0
2026-03-04,PANC_003,Manjari Khurd,0.0,34.9,49.8,552.0,-28.5,1.8,85,0.0,0.0,0.0,0.0,0.4,-0.71,0.0
2026-03-04,PANC_004,Phursungi,0.0,34.9,49.8,575.0,-5.5,3.5,180,1.0,0.0,0.0,0.0,0.4,-0.14,0.0
2026-03-04,PANC_005,Loni Kalbhor,0.0,34.9,49.8,548.0,-32.5,1.5,95,0.0,0.0,0.0,0.0,0.0,-0.81,0.0
2026-03-04,PANC_006,Uruli Kanchan,0.0,34.9,49.8,540.0,-40.5,1.2,45,0.0,0.0,0.0,0.0,0.0,-1.01,0.0
2026-03-04,PANC_007,Khed Shivapur,0.0,34.9,49.8,645.0,64.5,8.5,245,1.0,0.0,0.0,0.0,0.0,1.61,0.0
2026-03-04,PANC_008,Kondhwa Budruk,0.0,34.9,49.8,610.0,29.5,6.1,225,1.0,0.0,0.0,0.0,0.6,0.74,0.0
2026-03-04,PANC_009,Dhayari,0.0,34.9,49.8,620.0,39.5,7.0,260,1.0,0.0,0.0,0.0,0.0,0.99,0.0
2026-03-04,PANC_010,Nanded Gramin,0.0,34.9,49.8,565.0,-15.5,2.8,10,0.0,0.0,0.0,0.0,0.7,-0.39,0.0
2026-03-04,PANC_101,Sampatchak Gramin,0.0,34.9,49.8,53.0,1.2,0.8,10,0.0,0.07,0.09,0.1,0.2,0.03,0.0
2026-03-04,PANC_102,Bairiya,0.0,34.9,49.8,51.5,-0.3,0.5,90,0.0,0.0,0.0,0.0,0.0,-0.01,0.0
2026-03-04,PANC_103,Kanhauli,0.0,34.9,49.8,54.2,2.4,1.1,180,1.0,0.0,0.0,0.0,0.0,0.06,0.2
2026-03-04,PANC_104,Chipura,0.0,34.9,49.8,50.8,-1.0,0.4,45,0.0,0.0,0.0,0.0,0.0,-0.03,0.0
2026-03-04,PANC_105,Sonagopalpur,0.0,34.9,49.8,52.0,0.2,0.6,85,0.0,0.07,0.09,0.1,0.0,0.01,0.0
2026-03-04,PANC_106,Tarangpur,0.0,34.9,49.8,49.5,-2.3,0.3,5,0.0,0.07,0.09,0.1,0.0,-0.06,0.0
2026-03-05,PANC_001,Wagholi,0.0,37.5,47.5,590.0,9.5,4.2,90,0.0,0.13,0.19,0.1,0.0,0.24,0.4
2026-03-05,PANC_002,Hadapsar Rural,0.0,37.5,47.5,560.0,-20.5,2.1,0,0.0,0.0,0.0,0.0,0.0,-0.51,0.4
2026-03-05,PANC_003,Manjari Khurd,0.0,37.5,47.5,552.0,-28.5,1.8,85,0.0,0.27,0.19,0.3,0.0,-0.71,0.0
2026-03-05,PANC_004,Phursungi,0.0,37.5,47.5,575.0,-5.5,3.5,180,1.0,0.13,0.19,0.2,0.0,-0.14,0.0
2026-03-05,PANC_005,Loni Kalbhor,0.0,37.5,47.5,548.0,-32.5,1.5,95,0.0,0.13,0.19,0.1,0.0,-0.81,0.0
2026-03-05,PANC_006,Uruli Kanchan,0.0,37.5,47.5,540.0,-40.5,1.2,45,0.0,0.0,0.0,0.0,0.0,-1.01,0.0
2026-03-05,PANC_007,Khed Shivapur,0.0,37.5,47.5,645.0,64.5,8.5,245,1.0,0.0,0.0,0.0,0.0,1.61,0.0
2026-03-05,PANC_008,Kondhwa Budruk,0.0,37.5,47.5,610.0,29.5,6.1,225,1.0,0.13,0.19,0.1,0.0,0.74,0.0
2026-03-05,PANC_009,Dhayari,0.0,37.5,47.5,620.0,39.5,7.0,260,1.0,0.0,0.0,0.0,1.0,0.99,0.0
2026-03-05,PANC_010,Nanded Gramin,0.0,37.5,47.5,565.0,-15.5,2.8,10,0.0,0.0,0.0,0.0,1.8,-0.39,0.0
2026-03-05,PANC_101,Sampatchak Gramin,0.0,37.5,47.5,53.0,1.2,0.8,10,0.0,0.0,0.0,0.0,1.1,0.03,0.0
2026-03-05,PANC_102,Bairiya,0.0,37.5,47.5,51.5,-0.3,0.5,90,0.0,0.0,0.0,0.0,0.0,-0.01,0.0
2026-03-05,PANC_103,Kanhauli,0.0,37.5,47.5,54.2,2.4,1.1,180,1.0,0.0,0.0,0.0,0.0,0.06,0.0
2026-03-05,PANC_104,Chipura,0.0,37.5,47.5,50.8,-1.0,0.4,45,0.0,0.0,0.0,0.0,0.0,-0.03,0.0
2026-03-05,PANC_105,Sonagopalpur,0.0,37.5,47.5,52.0,0.2,0.6,85,0.0,0.0,0.0,0.0,1.4,0.01,0.0
2026-03-05,PANC_106,Tarangpur,0.0,37.5,47.5,49.5,-2.3,0.3,5,0.0,0.0,0.0,0.0,0.0,-0.06,0.0
2026-03-06,PANC_001,Wagholi,0.0,35.1,48.9,590.0,9.5,4.2,90,0.0,0.0,0.0,0.0,0.0,0.24,0.0
2026-03-06,PANC_002,Hadapsar Rural,0.0,35.1,48.9,560.0,-20.5,2.1,0,0.0,0.0,0.0,0.0,0.0,-0.51,0.0
2026-03-06,PANC_003,Manjari Khurd,0.0,35.1,48.9,552.0,-28.5,1.8,85,0.0,0.0,0.0,0.0,0.2,-0.71,0.0
2026-03-06,PANC_004,Phursungi,0.0,35.1,48.9,575.0,-5.5,3.5,180,1.0,0.0,0.0,0.0,0.0,-0.14,0.0
2026-03-06,PANC_005,Loni Kalbhor,0.0,35.1,48.9,548.0,-32.5,1.5,95,0.0,0.0,0.0,0.0,0.2,-0.81,0.0
2026-03-06,PANC_006,Uruli Kanchan,0.0,35.1,48.9,540.0,-40.5,1.2,45,0.0,0.0,0.0,0.0,0.5,-1.01,0.0
2026-03-06,PANC_007,Khed Shivapur,0.0,35.1,48.9,645.0,64.5,8.5,245,1.0,0.0,0.0,0.0,0.2,1.61,0.0
2026-03-06,PANC_008,Kondhwa Budruk,0.0,35.1,48.9,610.0,29.5,6.1,225,1.0,0.0,0.0,0.0,0.0,0.74,0.0
2026-03-06,PANC_009,Dhayari,0.0,35.1,48.9,620.0,39.5,7.0,260,1.0,0.0,0.0,0.0,0.0,0.99,0.0
2026-03-06,PANC_010,Nanded Gramin,0.0,35.1,48.9,565.0,-15.5,2.8,10,0.0,0.0,0.0,0.0,0.0,-0.39,0.0
2026-03-06,PANC_101,Sampatchak Gramin,0.0,35.1,48.9,53.0,1.2,0.8,10,0.0,0.0,0.0,0.0,0.0,0.03,0.0
2026-03-06,PANC_102,Bairiya,0.0,35.1,48.9,51.5,-0.3,0.5,90,0.0,0.0,0.0,0.0,1.6,-0.01,0.0
2026-03-06,PANC_103,Kanhauli,0.0,35.1,48.9,54.2,2.4,1.1,180,1.0,0.0,0.0,0.0,0.0,0.06,0.0
2026-03-06,PANC_104,Chipura,0.0,35.1,48.9,50.8,-1.0,0.4,45,0.0,0.0,0.0,0.0,0.0,-0.03,0.0
2026-03-06,PANC_105,Sonagopalpur,0.0,35.1,48.9,52.0,0.2,0.6,85,0.0,0.0,0.0,0.0,0.3,0.01,0.0
2026-03-06,PANC_106,Tarangpur,0.0,35.1,48.9,49.5,-2.3,0.3,5,0.0,0.0,0.0,0.0,0.0,-0.06,0.0
2026-03-07,PANC_001,Wagholi,0.0,28.8,53.5,590.0,9.5,4.2,90,0.0,0.0,0.0,0.0,0.7,0.24,0.0
2026-03-07,PANC_002,Hadapsar Rural,0.0,28.8,53.5,560.0,-20.5,2.1,0,0.0,0.0,0.0,0.0,0.1,-0.51,0.0
2026-03-07,PANC_003,Manjari Khurd,0.0,28.8,53.5,552.0,-28.5,1.8,85,0.0,0.0,0.0,0.0,0.6,-0.71,0.0
2026-03-07,PANC_004,Phursungi,0.0,28.8,53.5,575.0,-5.5,3.5,180,1.0,0.0,0.0,0.0,0.0,-0.14,0.0
2026-03-07,PANC_005,Loni Kalbhor,0.0,28.8,53.5,548.0,-32.5,1.5,95,0.0,0.0,0.0,0.0,0.1,-0.81,0.0
2026-03-07,PANC_006,Uruli Kanchan,0.0,28.8,53.5,540.0,-40.5,1.2,45,0.0,0.0,0.0,0.0,0.7,-1.01,0.0
2026-03-07,PANC_007,Khed Shivapur,0.0,28.8,53.5,645.0,64.5,8.5,245,1.0,0.0,0.0,0.0,0.1,1.61,0.4
2026-03-07,PANC_008,Kondhwa Budruk,0.0,28.8,53.5,610.0,29.5,6.1,225,1.0,0.0,0.0,0.0,0.4,0.74,0.0
2026-03-07,PANC_009,Dhayari,0.0,28.8,53.5,620.0,39.5,7.0,260,1.0,0.13,0.19,0.0,0.0,0.99,0.0
2026-03-07,PANC_010,Nanded Gramin,0.0,28.8,53.5,565.0,-15.5,2.8,10,0.0,0.13,0.19,0.0,0.0,-0.39,0.0
2026-03-07,PANC_101,Sampatchak Gramin,0.0,28.8,53.5,53.0,1.2,0.8,10,0.0,0.0,0.0,0.0,1.3,0.03,0.0
2026-03-07,PANC_102,Bairiya,0.0,28.8,53.5,51.5,-0.3,0.5,90,0.0,0.37,0.52,0.3,0.5,-0.01,0.0
2026-03-07,PANC_103,Kanhauli,0.0,28.8,53.5,54.2,2.4,1.1,180,1.0,0.0,0.0,0.0,0.0,0.06,0.0
2026-03-07,PANC_104,Chipura,0.0,28.8,53.5,50.8,-1.0,0.4,45,0.0,0.0,0.0,0.0,1.2,-0.03,1.1
2026-03-07,PANC_105,Sonagopalpur,0.0,28.8,53.5,52.0,0.2,0.6,85,0.0,0.37,0.52,0.3,0.0,0.01,0.0
2026-03-07,PANC_106,Tarangpur,0.0,28.8,53.5,49.5,-2.3,0.3,5,0.0,0.0,0.0,0.0,0.0,-0.06,0.0
2026-03-08,PANC_001,Wagholi,0.0,30.7,47.2,590.0,9.5,4.2,90,0.0,0.2,0.28,0.1,0.0,0.24,0.0
2026-03-08,PANC_002,Hadapsar Rural,0.0,30.7,47.2,560.0,-20.5,2.1,0,0.0,0.0,0.0,0.0,0.0,-0.51,0.0
2026-03-08,PANC_003,Manjari Khurd,0.0,30.7,47.2,552.0,-28.5,1.8,85,0.0,0.0,0.0,0.0,0.0,-0.71,0.0
2026-03-08,PANC_004,Phursungi,0.0,30.7,47.2,575.0,-5.5,3.5,180,1.0,0.2,0.28,0.1,0.0,-0.14,0.0
2026-03-08,PANC_005,Loni Kalbhor,0.0,30.7,47.2,548.0,-32.5,1.5,95,0.0,0.0,0.0,0.0,0.2,-0.81,0.6
2026-03-08,PANC_006,Uruli Kanchan,0.0,30.7,47.2,540.0,-40.5,1.2,45,0.0,0.2,0.28,0.3,0.0,-1.01,0.0
2026-03-08,PANC_007,Khed Shivapur,0.0,30.7,47.2,645.0,64.5,8.5,245,1.0,0.0,0.0,0.0,0.0,1.61,0.0
2026-03-08,PANC_008,Kondhwa Budruk,0.0,30.7,47.2,610.0,29.5,6.1,225,1.0,0.0,0.0,0.0,0.0,0.74,0.0
2026-03-08,PANC_009,Dhayari,0.0,30.7,47.2,620.0,39.5,7.0,260,1.0,0.0,0.0,0.0,0.0,0.99,0.0
2026-03-08,PANC_010,Nanded Gramin,0.0,30.7,47.2,565.0,-15.5,2.8,10,0.0,0.0,0.0,0.0,0.1,-0.39,0.0
2026-03-08,PANC_101,Sampatchak Gramin,0.0,30.7,47.2,53.0,1.2,0.8,10,0.0,0.0,0.0,0.0,0.0,0.03,0.0
2026-03-08,PANC_102,Bairiya,0.0,30.7,47.2,51.5,-0.3,0.5,90,0.0,0.0,0.0,0.0,0.9,-0.01,0.0
2026-03-08,PANC_103,Kanhauli,0.0,30.7,47.2,54.2,2.4,1.1,180,1.0,0.0,0.0,0.0,0.4,0.06,0.0
2026-03-08,PANC_104,Chipura,0.0,30.7,47.2,50.8,-1.0,0.4,45,0.0,0.0,0.0,0.0,0.0,-0.03,0.0
2026-03-08,PANC_105,Sonagopalpur,0.0,30.7,47.2,52.0,0.2,0.6,85,0.0,0.0,0.0,0.0,0.4,0.01,0.0
2026-03-08,PANC_106,Tarangpur,0.0,30.7,47.2,49.5,-2.3,0.3,5,0.0,0.0,0.0,0.0,0.5,-0.06,0.0
2026-03-09,PANC_001,Wagholi,0.0,32.2,54.7,590.0,9.5,4.2,90,0.0,0.0,0.0,0.0,0.5,0.24,0.0
2026-03-09,PANC_002,Hadapsar Rural,0.0,32.2,54.7,560.0,-20.5,2.1,0,0.0,0.0,0.0,0.0,0.0,-0.51,0.0
2026-03-09,PANC_003,Manjari Khurd,0.0,32.2,54.7,552.0,-28.5,1.8,85,0.0,0.0,0.0,0.0,0.0,-0.71,0.0
2026-03-09,PANC_004,Phursungi,0.0,32.2,54.7,575.0,-5.5,3.5,180,1.0,0.0,0.0,0.0,0.0,-0.14,0.0
2026-03-09,PANC_005,Loni Kalbhor,0.0,32.2,54.7,548.0,-32.5,1.5,95,0.0,0.0,0.0,0.0,0.5,-0.81,0.0
2026-03-09,PANC_006,Uruli Kanchan,0.0,32.2,54.7,540.0,-40.5,1.2,45,0.0,0.0,0.0,0.0,0.3,-1.01,0.0
2026-03-09,PANC_007,Khed Shivapur,0.0,32.2,54.7,645.0,64.5,8.5,245,1.0,0.0,0.0,0.0,1.5,1.61,0.0
2026-03-09,PANC_008,Kondhwa Budruk,0.0,32.2,54.7,610.0,29.5,6.1,225,1.0,0.0,0.0,0.0,0.1,0.74,0.0
2026-03-09,PANC_009,Dhayari,0.0,32.2,54.7,620.0,39.5,7.0,260,1.0,0.0,0.0,0.0,0.0,0.99,0.0
2026-03-09,PANC_010,Nanded Gramin,0.0,32.2,54.7,565.0,-15.5,2.8,10,0.0,0.0,0.0,0.0,0.9,-0.39,0.0
2026-03-09,PANC_101,Sampatchak Gramin,0.0,32.2,54.7,53.0,1.2,0.8,10,0.0,0.0,0.0,0.0,0.0,0.03,0.0
2026-03-09,PANC_102,Bairiya,0.0,32.2,54.7,51.5,-0.3,0.5,90,0.0,0.03,0.05,0.0,0.3,-0.01,0.0
2026-03-09,PANC_103,Kanhauli,0.0,32.2,54.7,54.2,2.4,1.1,180,1.0,0.0,0.0,0.0,0.4,0.06,0.0
2026-03-09,PANC_104,Chipura,0.0,32.2,54.7,50.8,-1.0,0.4,45,0.0,0.0,0.0,0.0,0.0,-0.03,0.1
2026-03-09,PANC_105,Sonagopalpur,0.0,32.2,54.7,52.0,0.2,0.6,85,0.0,0.03,0.05,0.0,0.3,0.01,0.0
2026-03-09,PANC_106,Tarangpur,0.0,32.2,54.7,49.5,-2.3,0.3,5,0.0,0.0,0.0,0.0,1.7,-0.06,0.0
2026-03-10,PANC_001,Wagholi,0.0,33.7,68.4,590.0,9.5,4.2,90,0.0,0.0,0.0,0.0,0.4,0.24,0.0
2026-03-10,PANC_002,Hadapsar Rural,0.0,33.7,68.4,560.0,-20.5,2.1,0,0.0,0.0,0.0,0.0,0.0,-0.51,0.0
2026-03-10,PANC_003,Manjari Khurd,0.0,33.7,68.4,552.0,-28.5,1.8,85,0.0,0.0,0.0,0.0,0.0,-0.71,0.0
2026-03-10,PANC_004,Phursungi,0.0,33.7,68.4,575.0,-5.5,3.5,180,1.0,0.0,0.0,0.0,0.0,-0.14,0.0
2026-03-10,PANC_005,Loni Kalbhor,0.0,33.7,68.4,548.0,-32.5,1.5,95,0.0,0.0,0.0,0.0,0.0,-0.81,0.0
2026-03-10,PANC_006,Uruli Kanchan,0.0,33.7,68.4,540.0,-40.5,1.2,45,0.0,0.0,0.0,0.0,0.8,-1.01,0.0
2026-03-10,PANC_007,Khed Shivapur,0.0,33.7,68.4,645.0,64.5,8.5,245,1.0,0.0,0.0,0.0,0.2,1.61,0.0
2026-03-10,PANC_008,Kondhwa Budruk,0.0,33.7,68.4,610.0,29.5,6.1,225,1.0,0.0,0.0,0.0,1.3,0.74,0.0
2026-03-10,PANC_009,Dhayari,0.0,33.7,68.4,620.0,39.5,7.0,260,1.0,0.0,0.0,0.0,1.0,0.99,0.0
2026-03-10,PANC_010,Nanded Gramin,0.0,33.7,68.4,565.0,-15.5,2.8,10,0.0,0.0,0.0,0.0,0.0,-0.39,0.0
2026-03-10,PANC_101,Sampatchak Gramin,0.0,33.7,68.4,53.0,1.2,0.8,10,0.0,0.0,0.0,0.0,0.0,0.03,0.0
2026-03-10,PANC_102,Bairiya,0.0,33.7,68.4,51.5,-0.3,0.5,90,0.0,0.0,0.0,0.0,1.1,-0.01,0.0
2026-03-10,PANC_103,Kanhauli,0.0,33.7,68.4,54.2,2.4,1.1,180,1.0,0.0,0.0,0.0,1.1,0.06,0.0
2026-03-10,PANC_104,Chipura,0.0,33.7,68.4,50.8,-1.0,0.4,45,0.0,0.0,0.0,0.0,0.0,-0.03,0.0
2026-03-10,PANC_105,Sonagopalpur,0.0,33.7,68.4,52.0,0.2,0.6,85,0.0,0.0,0.0,0.0,1.2,0.01,0.0
2026-03-10,PANC_106,Tarangpur,0.0,33.7,68.4,49.5,-2.3,0.3,5,0.0,0.0,0.0,0.0,0.3,-0.06,0.0
2026-03-11,PANC_001,Wagholi,0.0,39.9,58.8,590.0,9.5,4.2,90,0.0,0.0,0.0,0.0,0.7,0.24,0.0
2026-03-11,PANC_002,Hadapsar Rural,0.0,39.9,58.8,560.0,-20.5,2.1,0,0.0,0.0,0.0,0.0,0.0,-0.51,0.0
2026-03-11,PANC_003,Manjari Khurd,0.0,39.9,58.8,552.0,-28.5,1.8,85,0.0,0.0,0.0,0.0,0.0,-0.71,0.0
2026-03-11,PANC_004,Phursungi,0.0,39.9,58.8,575.0,-5.5,3.5,180,1.0,0.0,0.0,0.0,0.3,-0.14,0.0
2026-03-11,PANC_005,Loni Kalbhor,0.0,39.9,58.8,548.0,-32.5,1.5,95,0.0,0.0,0.0,0.0,0.0,-0.81,0.0
2026-03-11,PANC_006,Uruli Kanchan,0.0,39.9,58.8,540.0,-40.5,1.2,45,0.0,0.0,0.0,0.0,0.0,-1.01,0.0
2026-03-11,PANC_007,Khed Shivapur,0.0,39.9,58.8,645.0,64.5,8.5,245,1.0,0.5,0.71,0.4,0.3,1.61,0.0
2026-03-11,PANC_008,Kondhwa Budruk,0.0,39.9,58.8,610.0,29.5,6.1,225,1.0,0.0,0.0,0.0,0.8,0.74,0.0
2026-03-11,PANC_009,Dhayari,0.0,39.9,58.8,620.0,39.5,7.0,260,1.0,0.5,0.71,1.3,0.0,0.99,0.0
2026-03-11,PANC_010,Nanded Gramin,0.0,39.9,58.8,565.0,-15.5,2.8,10,0.0,0.0,0.0,0.0,0.6,-0.39,1.5
2026-03-11,PANC_101,Sampatchak Gramin,0.0,39.9,58.8,53.0,1.2,0.8,10,0.0,0.0,0.0,0.0,0.0,0.03,0.0
2026-03-11,PANC_102,Bairiya,0.0,39.9,58.8,51.5,-0.3,0.5,90,0.0,0.0,0.0,0.0,0.0,-0.01,0.0
2026-03-11,PANC_103,Kanhauli,0.0,39.9,58.8,54.2,2.4,1.1,180,1.0,0.0,0.0,0.0,0.0,0.06,0.0
2026-03-11,PANC_104,Chipura,0.0,39.9,58.8,50.8,-1.0,0.4,45,0.0,0.0,0.0,0.0,0.0,-0.03,0.0
2026-03-11,PANC_105,Sonagopalpur,0.0,39.9,58.8,52.0,0.2,0.6,85,0.0,0.0,0.0,0.0,0.0,0.01,0.0
2026-03-11,PANC_106,Tarangpur,0.0,39.9,58.8,49.5,-2.3,0.3,5,0.0,0.0,0.0,0.0,0.0,-0.06,0.0
2026-03-12,PANC_001,Wagholi,0.0,32.4,59.0,590.0,9.5,4.2,90,0.0,0.0,0.0,0.0,1.6,0.24,0.0
2026-03-12,PANC_002,Hadapsar Rural,0.0,32.4,59.0,560.0,-20.5,2.1,0,0.0,0.0,0.0,0.0,1.4,-0.51,0.0
2026-03-12,PANC_003,Manjari Khurd,0.0,32.4,59.0,552.0,-28.5,1.8,85,0.0,0.0,0.0,0.0,0.6,-0.71,0.0
2026-03-12,PANC_004,Phursungi,0.0,32.4,59.0,575.0,-5.5,3.5,180,1.0,0.0,0.0,0.0,0.0,-0.14,0.0
2026-03-12,PANC_005,Loni Kalbhor,0.0,32.4,59.0,548.0,-32.5,1.5,95,0.0,0.0,0.0,0.0,0.0,-0.81,0.0
2026-03-12,PANC_006,Uruli Kanchan,0.0,32.4,59.0,540.0,-40.5,1.2,45,0.0,0.0,0.0,0.0,0.0,-1.01,0.0
2026-03-12,PANC_007,Khed Shivapur,0.0,32.4,59.0,645.0,64.5,8.5,245,1.0,0.0,0.0,0.0,0.0,1.61,0.0
2026-03-12,PANC_008,Kondhwa Budruk,0.0,32.4,59.0,610.0,29.5,6.1,225,1.0,0.0,0.0,0.0,0.0,0.74,0.0
2026-03-12,PANC_009,Dhayari,0.0,32.4,59.0,620.0,39.5,7.0,260,1.0,0.0,0.0,0.0,0.2,0.99,0.0
2026-03-12,PANC_010,Nanded Gramin,0.0,32.4,59.0,565.0,-15.5,2.8,10,0.0,0.0,0.0,0.0,0.0,-0.39,0.0
2026-03-12,PANC_101,Sampatchak Gramin,0.0,32.4,59.0,53.0,1.2,0.8,10,0.0,0.0,0.0,0.0,1.3,0.03,0.0
2026-03-12,PANC_102,Bairiya,0.0,32.4,59.0,51.5,-0.3,0.5,90,0.0,0.0,0.0,0.0,1.2,-0.01,0.0
2026-03-12,PANC_103,Kanhauli,0.0,32.4,59.0,54.2,2.4,1.1,180,1.0,0.0,0.0,0.0,0.0,0.06,0.0
2026-03-12,PANC_104,Chipura,0.0,32.4,59.0,50.8,-1.0,0.4,45,0.0,0.0,0.0,0.0,0.0,-0.03,0.0
2026-03-12,PANC_105,Sonagopalpur,0.0,32.4,59.0,52.0,0.2,0.6,85,0.0,0.0,0.0,0.0,0.0,0.01,0.0
2026-03-12,PANC_106,Tarangpur,0.0,32.4,59.0,49.5,-2.3,0.3,5,0.0,0.0,0.0,0.0,1.0,-0.06,0.0
2026-03-13,PANC_001,Wagholi,0.0,38.9,48.6,590.0,9.5,4.2,90,0.0,0.0,0.0,0.0,0.0,0.24,0.0
2026-03-13,PANC_002,Hadapsar Rural,0.0,38.9,48.6,560.0,-20.5,2.1,0,0.0,0.0,0.0,0.0,0.0,-0.51,0.0
2026-03-13,PANC_003,Manjari Khurd,0.0,38.9,48.6,552.0,-28.5,1.8,85,0.0,0.0,0.0,0.0,0.0,-0.71,0.0
2026-03-13,PANC_004,Phursungi,0.0,38.9,48.6,575.0,-5.5,3.5,180,1.0,0.0,0.0,0.0,0.0,-0.14,0.0
2026-03-13,PANC_005,Loni Kalbhor,0.0,38.9,48.6,548.0,-32.5,1.5,95,0.0,0.0,0.0,0.0,0.0,-0.81,0.0
2026-03-13,PANC_006,Uruli Kanchan,0.0,38.9,48.6,540.0,-40.5,1.2,45,0.0,0.0,0.0,0.0,0.3,-1.01,0.0
2026-03-13,PANC_007,Khed Shivapur,0.0,38.9,48.6,645.0,64.5,8.5,245,1.0,0.0,0.0,0.0,0.3,1.61,0.0
2026-03-13,PANC_008,Kondhwa Budruk,0.0,38.9,48.6,610.0,29.5,6.1,225,1.0,0.0,0.0,0.0,0.3,0.74,0.0
2026-03-13,PANC_009,Dhayari,0.0,38.9,48.6,620.0,39.5,7.0,260,1.0,0.0,0.0,0.0,0.0,0.99,0.0
2026-03-13,PANC_010,Nanded Gramin,0.0,38.9,48.6,565.0,-15.5,2.8,10,0.0,0.0,0.0,0.0,0.0,-0.39,0.0
2026-03-13,PANC_101,Sampatchak Gramin,0.0,38.9,48.6,53.0,1.2,0.8,10,0.0,0.17,0.24,0.2,0.0,0.03,0.0
2026-03-13,PANC_102,Bairiya,0.0,38.9,48.6,51.5,-0.3,0.5,90,0.0,0.0,0.0,0.0,0.4,-0.01,0.5
2026-03-13,PANC_103,Kanhauli,0.0,38.9,48.6,54.2,2.4,1.1,180,1.0,0.0,0.0,0.0,0.0,0.06,0.0
2026-03-13,PANC_104,Chipura,0.0,38.9,48.6,50.8,-1.0,0.4,45,0.0,0.17,0.24,0.2,0.2,-0.03,0.0
2026-03-13,PANC_105,Sonagopalpur,0.0,38.9,48.6,52.0,0.2,0.6,85,0.0,0.0,0.0,0.0,0.8,0.01,0.0
2026-03-13,PANC_106,Tarangpur,0.0,38.9,48.6,49.5,-2.3,0.3,5,0.0,0.17,0.24,0.2,0.0,-0.06,0.0
2026-03-14,PANC_001,Wagholi,0.0,38.0,52.3,590.0,9.5,4.2,90,0.0,0.0,0.0,0.0,0.0,0.24,0.0
2026-03-14,PANC_002,Hadapsar Rural,0.0,38.0,52.3,560.0,-20.5,2.1,0,0.0,0.0,0.0,0.0,0.0,-0.51,0.0
2026-03-14,PANC_003,Manjari Khurd,0.0,38.0,52.3,552.0,-28.5,1.8,85,0.0,0.0,0.0,0.0,0.0,-0.71,0.0
2026-03-14,PANC_004,Phursungi,0.0,38.0,52.3,575.0,-5.5,3.5,180,1.0,0.0,0.0,0.0,0.1,-0.14,0.0
2026-03-14,PANC_005,Loni Kalbhor,0.0,38.0,52.3,548.0,-32.5,1.5,95,0.0,0.0,0.0,0.0,0.0,-0.81,0.0
2026-03-14,PANC_006,Uruli Kanchan,0.0,38.0,52.3,540.0,-40.5,1.2,45,0.0,0.0,0.0,0.0,0.7,-1.01,0.0
2026-03-14,PANC_007,Khed Shivapur,0.0,38.0,52.3,645.0,64.5,8.5,245,1.0,0.0,0.0,0.0,7.7,1.61,9.7
2026-03-14,PANC_008,Kondhwa Budruk,0.0,38.0,52.3,610.0,29.5,6.1,225,1.0,0.0,0.0,0.0,0.4,0.74,0.0
2026-03-14,PANC_009,Dhayari,0.0,38.0,52.3,620.0,39.5,7.0,260,1.0,3.23,4.57,0.4,0.0,0.99,0.0
2026-03-14,PANC_010,Nanded Gramin,0.0,38.0,52.3,565.0,-15.5,2.8,10,0.0,3.23,4.57,0.3,0.0,-0.39,0.0
2026-03-14,PANC_101,Sampatchak Gramin,0.0,38.0,52.3,53.0,1.2,0.8,10,0.0,0.0,0.0,0.0,0.0,0.03,0.0
2026-03-14,PANC_102,Bairiya,0.0,38.0,52.3,51.5,-0.3,0.5,90,0.0,0.0,0.0,0.0,0.1,-0.01,0.0
2026-03-14,PANC_103,Kanhauli,0.0,38.0,52.3,54.2,2.4,1.1,180,1.0,0.0,0.0,0.0,0.4,0.06,0.0
2026-03-14,PANC_104,Chipura,0.0,38.0,52.3,50.8,-1.0,0.4,45,0.0,0.0,0.0,0.0,0.0,-0.03,0.0
2026-03-14,PANC_105,Sonagopalpur,0.0,38.0,52.3,52.0,0.2,0.6,85,0.0,0.0,0.0,0.0,0.0,0.01,0.0
2026-03-14,PANC_106,Tarangpur,0.0,38.0,52.3,49.5,-2.3,0.3,5,0.0,0.0,0.0,0.0,0.5,-0.06,0.0
2026-03-15,PANC_001,Wagholi,0.0,33.8,53.5,590.0,9.5,4.2,90,0.0,0.0,0.0,0.0,0.0,0.24,0.0
2026-03-15,PANC_002,Hadapsar Rural,0.0,33.8,53.5,560.0,-20.5,2.1,0,0.0,0.0,0.0,0.0,0.1,-0.51,0.0
2026-03-15,PANC_003,Manjari Khurd,0.0,33.8,53.5,552.0,-28.5,1.8,85,0.0,0.0,0.0,0.0,0.5,-0.71,0.0
2026-03-15,PANC_004,Phursungi,0.0,33.8,53.5,575.0,-5.5,3.5,180,1.0,0.0,0.0,0.0,0.0,-0.14,0.0
2026-03-15,PANC_005,Loni Kalbhor,0.0,33.8,53.5,548.0,-32.5,1.5,95,0.0,0.0,0.0,0.0,0.7,-0.81,0.0
2026-03-15,PANC_006,Uruli Kanchan,0.0,33.8,53.5,540.0,-40.5,1.2,45,0.0,0.0,0.0,0.0,0.7,-1.01,0.0
2026-03-15,PANC_007,Khed Shivapur,0.0,33.8,53.5,645.0,64.5,8.5,245,1.0,0.0,0.0,0.0,0.0,1.61,0.0
2026-03-15,PANC_008,Kondhwa Budruk,0.0,33.8,53.5,610.0,29.5,6.1,225,1.0,0.0,0.0,0.0,1.0,0.74,0.0
2026-03-15,PANC_009,Dhayari,0.0,33.8,53.5,620.0,39.5,7.0,260,1.0,0.0,0.0,0.0,0.0,0.99,0.0
2026-03-15,PANC_010,Nanded Gramin,0.0,33.8,53.5,565.0,-15.5,2.8,10,0.0,0.0,0.0,0.0,0.3,-0.39,0.0
2026-03-15,PANC_101,Sampatchak Gramin,0.0,33.8,53.5,53.0,1.2,0.8,10,0.0,0.0,0.0,0.0,0.0,0.03,0.0
2026-03-15,PANC_102,Bairiya,0.0,33.8,53.5,51.5,-0.3,0.5,90,0.0,0.0,0.0,0.0,0.0,-0.01,0.0
2026-03-15,PANC_103,Kanhauli,0.0,33.8,53.5,54.2,2.4,1.1,180,1.0,0.0,0.0,0.0,0.0,0.06,0.0
2026-03-15,PANC_104,Chipura,0.0,33.8,53.5,50.8,-1.0,0.4,45,0.0,0.0,0.0,0.0,0.5,-0.03,0.0
2026-03-15,PANC_105,Sonagopalpur,0.0,33.8,53.5,52.0,0.2,0.6,85,0.0,0.0,0.0,0.0,0.0,0.01,0.0
2026-03-15,PANC_106,Tarangpur,0.0,33.8,53.5,49.5,-2.3,0.3,5,0.0,0.0,0.0,0.0,0.8,-0.06,0.0
2026-03-16,PANC_001,Wagholi,0.0,29.0,48.8,590.0,9.5,4.2,90,0.0,0.1,0.14,0.2,1.1,0.24,0.0
2026-03-16,PANC_002,Hadapsar Rural,0.0,29.0,48.8,560.0,-20.5,2.1,0,0.0,0.1,0.14,0.1,0.3,-0.51,0.0
2026-03-16,PANC_003,Manjari Khurd,0.0,29.0,48.8,552.0,-28.5,1.8,85,0.0,0.0,0.0,0.0,0.0,-0.71,0.3
2026-03-16,PANC_004,Phursungi,0.0,29.0,48.8,575.0,-5.5,3.5,180,1.0,0.1,0.14,0.1,0.0,-0.14,0.0
2026-03-16,PANC_005,Loni Kalbhor,0.0,29.0,48.8,548.0,-32.5,1.5,95,0.0,0.1,0.14,0.1,0.0,-0.81,0.0
2026-03-16,PANC_006,Uruli Kanchan,0.0,29.0,48.8,540.0,-40.5,1.2,45,0.0,0.1,0.14,0.1,0.0,-1.01,0.0
2026-03-16,PANC_007,Khed Shivapur,0.0,29.0,48.8,645.0,64.5,8.5,245,1.0,0.0,0.0,0.0,0.8,1.61,0.0
2026-03-16,PANC_008,Kondhwa Budruk,0.0,29.0,48.8,610.0,29.5,6.1,225,1.0,0.0,0.0,0.0,0.0,0.74,0.0
2026-03-16,PANC_009,Dhayari,0.0,29.0,48.8,620.0,39.5,7.0,260,1.0,0.0,0.0,0.0,0.9,0.99,0.0
2026-03-16,PANC_010,Nanded Gramin,0.0,29.0,48.8,565.0,-15.5,2.8,10,0.0,0.0,0.0,0.0,0.0,-0.39,0.0
2026-03-16,PANC_101,Sampatchak Gramin,0.0,29.0,48.8,53.0,1.2,0.8,10,0.0,0.0,0.0,0.0,1.3,0.03,0.7
2026-03-16,PANC_102,Bairiya,0.0,29.0,48.8,51.5,-0.3,0.5,90,0.0,1.73,1.98,1.2,0.6,-0.01,0.0
2026-03-16,PANC_103,Kanhauli,0.0,29.0,48.8,54.2,2.4,1.1,180,1.0,1.73,1.98,1.0,0.0,0.06,0.0
2026-03-16,PANC_104,Chipura,0.0,29.0,48.8,50.8,-1.0,0.4,45,0.0,0.23,0.33,0.2,1.1,-0.03,0.0
2026-03-16,PANC_105,Sonagopalpur,0.0,29.0,48.8,52.0,0.2,0.6,85,0.0,0.23,0.33,0.2,0.1,0.01,0.0
2026-03-16,PANC_106,Tarangpur,0.0,29.0,48.8,49.5,-2.3,0.3,5,0.0,0.23,0.33,0.3,3.7,-0.06,4.5
2026-03-17,PANC_001,Wagholi,0.0,36.9,45.5,590.0,9.5,4.2,90,0.0,0.0,0.0,0.0,0.4,0.24,0.0
2026-03-17,PANC_002,Hadapsar Rural,0.0,36.9,45.5,560.0,-20.5,2.1,0,0.0,0.0,0.0,0.0,0.0,-0.51,0.0
2026-03-17,PANC_003,Manjari Khurd,0.0,36.9,45.5,552.0,-28.5,1.8,85,0.0,0.0,0.0,0.0,0.0,-0.71,0.0
2026-03-17,PANC_004,Phursungi,0.0,36.9,45.5,575.0,-5.5,3.5,180,1.0,0.0,0.0,0.0,0.0,-0.14,0.0
2026-03-17,PANC_005,Loni Kalbhor,0.0,36.9,45.5,548.0,-32.5,1.5,95,0.0,0.0,0.0,0.0,0.0,-0.81,0.0
2026-03-17,PANC_006,Uruli Kanchan,0.0,36.9,45.5,540.0,-40.5,1.2,45,0.0,0.0,0.0,0.0,0.6,-1.01,0.0
2026-03-17,PANC_007,Khed Shivapur,0.0,36.9,45.5,645.0,64.5,8.5,245,1.0,0.0,0.0,0.0,0.7,1.61,0.0
2026-03-17,PANC_008,Kondhwa Budruk,0.0,36.9,45.5,610.0,29.5,6.1,225,1.0,0.0,0.0,0.0,0.0,0.74,0.0
2026-03-17,PANC_009,Dhayari,0.0,36.9,45.5,620.0,39.5,7.0,260,1.0,0.0,0.0,0.0,0.0,0.99,0.0
2026-03-17,PANC_010,Nanded Gramin,0.0,36.9,45.5,565.0,-15.5,2.8,10,0.0,0.0,0.0,0.0,0.0,-0.39,0.0
2026-03-17,PANC_101,Sampatchak Gramin,0.0,36.9,45.5,53.0,1.2,0.8,10,0.0,0.0,0.0,0.0,0.0,0.03,0.0
2026-03-17,PANC_102,Bairiya,0.0,36.9,45.5,51.5,-0.3,0.5,90,0.0,0.53,0.75,0.5,0.4,-0.01,0.0
2026-03-17,PANC_103,Kanhauli,0.0,36.9,45.5,54.2,2.4,1.1,180,1.0,0.0,0.0,0.0,0.0,0.06,0.0
2026-03-17,PANC_104,Chipura,0.0,36.9,45.5,50.8,-1.0,0.4,45,0.0,0.0,0.0,0.0,0.7,-0.03,1.6
2026-03-17,PANC_105,Sonagopalpur,0.0,36.9,45.5,52.0,0.2,0.6,85,0.0,0.53,0.75,0.4,1.0,0.01,0.0
2026-03-17,PANC_106,Tarangpur,0.0,36.9,45.5,49.5,-2.3,0.3,5,0.0,0.0,0.0,0.0,0.0,-0.06,0.0
2026-03-18,PANC_001,Wagholi,0.0,27.1,45.8,590.0,9.5,4.2,90,0.0,0.0,0.0,0.0,0.4,0.24,0.0
2026-03-18,PANC_002,Hadapsar Rural,0.0,27.1,45.8,560.0,-20.5,2.1,0,0.0,0.0,0.0,0.0,0.4,-0.51,0.0
2026-03-18,PANC_003,Manjari Khurd,0.0,27.1,45.8,552.0,-28.5,1.8,85,0.0,0.0,0.0,0.0,1.7,-0.71,0.0
2026-03-18,PANC_004,Phursungi,0.0,27.1,45.8,575.0,-5.5,3.5,180,1.0,0.0,0.0,0.0,1.4,-0.14,0.0
2026-03-18,PANC_005,Loni Kalbhor,0.0,27.1,45.8,548.0,-32.5,1.5,95,0.0,0.0,0.0,0.0,0.0,-0.81,0.0
2026-03-18,PANC_006,Uruli Kanchan,0.0,27.1,45.8,540.0,-40.5,1.2,45,0.0,0.0,0.0,0.0,1.6,-1.01,0.0
2026-03-18,PANC_007,Khed Shivapur,0.0,27.1,45.8,645.0,64.5,8.5,245,1.0,0.0,0.0,0.0,0.0,1.61,0.0
2026-03-18,PANC_008,Kondhwa Budruk,0.0,27.1,45.8,610.0,29.5,6.1,225,1.0,0.0,0.0,0.0,0.3,0.74,0.0
2026-03-18,PANC_009,Dhayari,0.0,27.1,45.8,620.0,39.5,7.0,260,1.0,0.0,0.0,0.0,0.0,0.99,0.0
2026-03-18,PANC_010,Nanded Gramin,0.0,27.1,45.8,565.0,-15.5,2.8,10,0.0,0.0,0.0,0.0,0.8,-0.39,0.0
2026-03-18,PANC_101,Sampatchak Gramin,0.0,27.1,45.8,53.0,1.2,0.8,10,0.0,0.0,0.0,0.0,0.0,0.03,0.0
2026-03-18,PANC_102,Bairiya,0.0,27.1,45.8,51.5,-0.3,0.5,90,0.0,0.0,0.0,0.0,0.0,-0.01,0.0
2026-03-18,PANC_103,Kanhauli,0.0,27.1,45.8,54.2,2.4,1.1,180,1.0,0.0,0.0,0.0,1.0,0.06,0.0
2026-03-18,PANC_104,Chipura,0.0,27.1,45.8,50.8,-1.0,0.4,45,0.0,0.0,0.0,0.0,1.1,-0.03,0.0
2026-03-18,PANC_105,Sonagopalpur,0.0,27.1,45.8,52.0,0.2,0.6,85,0.0,0.0,0.0,0.0,1.2,0.01,0.0
2026-03-18,PANC_106,Tarangpur,0.0,27.1,45.8,49.5,-2.3,0.3,5,0.0,0.0,0.0,0.0,0.0,-0.06,0.0
2026-03-19,PANC_001,Wagholi,0.0,32.9,51.5,590.0,9.5,4.2,90,0.0,0.0,0.0,0.0,0.0,0.24,0.0
2026-03-19,PANC_002,Hadapsar Rural,0.0,32.9,51.5,560.0,-20.5,2.1,0,0.0,0.0,0.0,0.0,0.9,-0.51,0.0
2026-03-19,PANC_003,Manjari Khurd,0.0,32.9,51.5,552.0,-28.5,1.8,85,0.0,0.0,0.0,0.0,0.0,-0.71,0.0
2026-03-19,PANC_004,Phursungi,0.0,32.9,51.5,575.0,-5.5,3.5,180,1.0,0.0,0.0,0.0,0.2,-0.14,0.0
2026-03-19,PANC_005,Loni Kalbhor,0.0,32.9,51.5,548.0,-32.5,1.5,95,0.0,0.0,0.0,0.0,0.0,-0.81,0.0
2026-03-19,PANC_006,Uruli Kanchan,0.0,32.9,51.5,540.0,-40.5,1.2,45,0.0,0.0,0.0,0.0,0.0,-1.01,0.0
2026-03-19,PANC_007,Khed Shivapur,0.0,32.9,51.5,645.0,64.5,8.5,245,1.0,0.0,0.0,0.0,1.5,1.61,1.4
2026-03-19,PANC_008,Kondhwa Budruk,0.0,32.9,51.5,610.0,29.5,6.1,225,1.0,0.0,0.0,0.0,0.9,0.74,0.0
2026-03-19,PANC_009,Dhayari,0.0,32.9,51.5,620.0,39.5,7.0,260,1.0,0.47,0.66,0.1,1.6,0.99,0.0
2026-03-19,PANC_010,Nanded Gramin,0.0,32.9,51.5,565.0,-15.5,2.8,10,0.0,0.47,0.66,0.0,0.0,-0.39,0.0
2026-03-19,PANC_101,Sampatchak Gramin,0.0,32.9,51.5,53.0,1.2,0.8,10,0.0,0.0,0.0,0.0,1.2,0.03,0.0
2026-03-19,PANC_102,Bairiya,0.0,32.9,51.5,51.5,-0.3,0.5,90,0.0,0.0,0.0,0.0,1.1,-0.01,0.0
2026-03-19,PANC_103,Kanhauli,0.0,32.9,51.5,54.2,2.4,1.1,180,1.0,0.0,0.0,0.0,0.0,0.06,0.0
2026-03-19,PANC_104,Chipura,0.0,32.9,51.5,50.8,-1.0,0.4,45,0.0,0.0,0.0,0.0,1.1,-0.03,0.0
2026-03-19,PANC_105,Sonagopalpur,0.0,32.9,51.5,52.0,0.2,0.6,85,0.0,0.0,0.0,0.0,0.8,0.01,0.0
2026-03-19,PANC_106,Tarangpur,0.0,32.9,51.5,49.5,-2.3,0.3,5,0.0,0.0,0.0,0.0,0.9,-0.06,0.0
2026-03-20,PANC_001,Wagholi,0.0,33.8,43.4,590.0,9.5,4.2,90,0.0,0.0,0.0,0.0,0.0,0.24,0.0
2026-03-20,PANC_002,Hadapsar Rural,0.0,33.8,43.4,560.0,-20.5,2.1,0,0.0,0.0,0.0,0.0,0.4,-0.51,0.0
2026-03-20,PANC_003,Manjari Khurd,0.0,33.8,43.4,552.0,-28.5,1.8,85,0.0,0.0,0.0,0.0,0.0,-0.71,0.0
2026-03-20,PANC_004,Phursungi,0.0,33.8,43.4,575.0,-5.5,3.5,180,1.0,0.0,0.0,0.0,0.0,-0.14,0.0
2026-03-20,PANC_005,Loni Kalbhor,0.0,33.8,43.4,548.0,-32.5,1.5,95,0.0,0.0,0.0,0.0,0.5,-0.81,0.0
2026-03-20,PANC_006,Uruli Kanchan,0.0,33.8,43.4,540.0,-40.5,1.2,45,0.0,0.0,0.0,0.0,0.0,-1.01,0.0
2026-03-20,PANC_007,Khed Shivapur,0.0,33.8,43.4,645.0,64.5,8.5,245,1.0,0.0,0.0,0.0,0.0,1.61,0.0
2026-03-20,PANC_008,Kondhwa Budruk,0.0,33.8,43.4,610.0,29.5,6.1,225,1.0,0.0,0.0,0.0,0.9,0.74,0.0
2026-03-20,PANC_009,Dhayari,0.0,33.8,43.4,620.0,39.5,7.0,260,1.0,0.0,0.0,0.0,0.0,0.99,0.0
2026-03-20,PANC_010,Nanded Gramin,0.0,33.8,43.4,565.0,-15.5,2.8,10,0.0,0.0,0.0,0.0,0.0,-0.39,0.0
2026-03-20,PANC_101,Sampatchak Gramin,0.0,33.8,43.4,53.0,1.2,0.8,10,0.0,0.0,0.0,0.0,0.0,0.03,0.0
2026-03-20,PANC_102,Bairiya,0.0,33.8,43.4,51.5,-0.3,0.5,90,0.0,0.0,0.0,0.0,0.3,-0.01,0.0
2026-03-20,PANC_103,Kanhauli,0.0,33.8,43.4,54.2,2.4,1.1,180,1.0,0.0,0.0,0.0,0.3,0.06,0.0
2026-03-20,PANC_104,Chipura,0.0,33.8,43.4,50.8,-1.0,0.4,45,0.0,0.0,0.0,0.0,0.7,-0.03,0.0
2026-03-20,PANC_105,Sonagopalpur,0.0,33.8,43.4,52.0,0.2,0.6,85,0.0,0.0,0.0,0.0,0.0,0.01,0.0
2026-03-20,PANC_106,Tarangpur,0.0,33.8,43.4,49.5,-2.3,0.3,5,0.0,0.0,0.0,0.0,0.0,-0.06,0.0
2026-03-21,PANC_001,Wagholi,0.0,33.9,59.2,590.0,9.5,4.2,90,0.0,0.0,0.0,0.0,1.3,0.24,0.0
2026-03-21,PANC_002,Hadapsar Rural,0.0,33.9,59.2,560.0,-20.5,2.1,0,0.0,0.0,0.0,0.0,0.4,-0.51,0.0
2026-03-21,PANC_003,Manjari Khurd,0.0,33.9,59.2,552.0,-28.5,1.8,85,0.0,0.0,0.0,0.0,0.1,-0.71,0.0
2026-03-21,PANC_004,Phursungi,0.0,33.9,59.2,575.0,-5.5,3.5,180,1.0,0.0,0.0,0.0,0.3,-0.14,0.0
2026-03-21,PANC_005,Loni Kalbhor,0.0,33.9,59.2,548.0,-32.5,1.5,95,0.0,0.0,0.0,0.0,1.4,-0.81,0.0
2026-03-21,PANC_006,Uruli Kanchan,0.0,33.9,59.2,540.0,-40.5,1.2,45,0.0,0.0,0.0,0.0,0.0,-1.01,0.0
2026-03-21,PANC_007,Khed Shivapur,0.0,33.9,59.2,645.0,64.5,8.5,245,1.0,0.0,0.0,0.0,0.0,1.61,0.0
2026-03-21,PANC_008,Kondhwa Budruk,0.0,33.9,59.2,610.0,29.5,6.1,225,1.0,0.0,0.0,0.0,0.0,0.74,0.0
2026-03-21,PANC_009,Dhayari,0.0,33.9,59.2,620.0,39.5,7.0,260,1.0,0.0,0.0,0.0,0.0,0.99,0.0
2026-03-21,PANC_010,Nanded Gramin,0.0,33.9,59.2,565.0,-15.5,2.8,10,0.0,0.0,0.0,0.0,0.2,-0.39,0.0
2026-03-21,PANC_101,Sampatchak Gramin,0.0,33.9,59.2,53.0,1.2,0.8,10,0.0,0.77,1.08,0.4,0.0,0.03,0.0
2026-03-21,PANC_102,Bairiya,0.0,33.9,59.2,51.5,-0.3,0.5,90,0.0,0.0,0.0,0.0,0.0,-0.01,0.0
2026-03-21,PANC_103,Kanhauli,0.0,33.9,59.2,54.2,2.4,1.1,180,1.0,0.77,1.08,0.8,0.0,0.06,0.0
2026-03-21,PANC_104,Chipura,0.0,33.9,59.2,50.8,-1.0,0.4,45,0.0,0.77,1.08,0.6,0.0,-0.03,0.0
2026-03-21,PANC_105,Sonagopalpur,0.0,33.9,59.2,52.0,0.2,0.6,85,0.0,0.0,0.0,0.0,2.9,0.01,2.3
2026-03-21,PANC_106,Tarangpur,0.0,33.9,59.2,49.5,-2.3,0.3,5,0.0,0.0,0.0,0.0,0.0,-0.06,0.0
2026-03-22,PANC_001,Wagholi,0.0,35.4,59.7,590.0,9.5,4.2,90,0.0,0.0,0.0,0.0,0.1,0.24,0.0
2026-03-22,PANC_002,Hadapsar Rural,0.0,35.4,59.7,560.0,-20.5,2.1,0,0.0,0.0,0.0,0.0,0.0,-0.51,0.0
2026-03-22,PANC_003,Manjari Khurd,0.0,35.4,59.7,552.0,-28.5,1.8,85,0.0,0.0,0.0,0.0,0.0,-0.71,0.0
2026-03-22,PANC_004,Phursungi,0.0,35.4,59.7,575.0,-5.5,3.5,180,1.0,0.0,0.0,0.0,0.5,-0.14,0.0
2026-03-22,PANC_005,Loni Kalbhor,0.0,35.4,59.7,548.0,-32.5,1.5,95,0.0,0.0,0.0,0.0,0.0,-0.81,0.0
2026-03-22,PANC_006,Uruli Kanchan,0.0,35.4,59.7,540.0,-40.5,1.2,45,0.0,0.0,0.0,0.0,0.1,-1.01,0.0
2026-03-22,PANC_007,Khed Shivapur,0.0,35.4,59.7,645.0,64.5,8.5,245,1.0,0.0,0.0,0.0,0.3,1.61,0.0
2026-03-22,PANC_008,Kondhwa Budruk,0.0,35.4,59.7,610.0,29.5,6.1,225,1.0,0.0,0.0,0.0,1.2,0.74,0.0
2026-03-22,PANC_009,Dhayari,0.0,35.4,59.7,620.0,39.5,7.0,260,1.0,0.0,0.0,0.0,1.0,0.99,0.0
2026-03-22,PANC_010,Nanded Gramin,0.0,35.4,59.7,565.0,-15.5,2.8,10,0.0,0.0,0.0,0.0,0.7,-0.39,0.0
2026-03-22,PANC_101,Sampatchak Gramin,0.0,35.4,59.7,53.0,1.2,0.8,10,0.0,0.0,0.0,0.0,0.0,0.03,0.0
2026-03-22,PANC_102,Bairiya,0.0,35.4,59.7,51.5,-0.3,0.5,90,0.0,1.2,1.7,0.6,0.7,-0.01,0.0
2026-03-22,PANC_103,Kanhauli,0.0,35.4,59.7,54.2,2.4,1.1,180,1.0,1.2,1.7,0.5,0.6,0.06,0.0
2026-03-22,PANC_104,Chipura,0.0,35.4,59.7,50.8,-1.0,0.4,45,0.0,0.0,0.0,0.0,0.2,-0.03,0.0
2026-03-22,PANC_105,Sonagopalpur,0.0,35.4,59.7,52.0,0.2,0.6,85,0.0,0.0,0.0,0.0,0.0,0.01,0.0
2026-03-22,PANC_106,Tarangpur,0.0,35.4,59.7,49.5,-2.3,0.3,5,0.0,0.0,0.0,0.0,2.1,-0.06,3.6
2026-03-23,PANC_001,Wagholi,0.0,30.7,54.1,590.0,9.5,4.2,90,0.0,0.0,0.0,0.0,0.0,0.24,0.0
2026-03-23,PANC_002,Hadapsar Rural,0.0,30.7,54.1,560.0,-20.5,2.1,0,0.0,0.0,0.0,0.0,0.0,-0.51,0.0
2026-03-23,PANC_003,Manjari Khurd,0.0,30.7,54.1,552.0,-28.5,1.8,85,0.0,0.0,0.0,0.0,0.1,-0.71,0.0
2026-03-23,PANC_004,Phursungi,0.0,30.7,54.1,575.0,-5.5,3.5,180,1.0,0.0,0.0,0.0,0.0,-0.14,0.0
2026-03-23,PANC_005,Loni Kalbhor,0.0,30.7,54.1,548.0,-32.5,1.5,95,0.0,0.0,0.0,0.0,1.8,-0.81,0.0
2026-03-23,PANC_006,Uruli Kanchan,0.0,30.7,54.1,540.0,-40.5,1.2,45,0.0,0.0,0.0,0.0,1.0,-1.01,0.0
2026-03-23,PANC_007,Khed Shivapur,0.0,30.7,54.1,645.0,64.5,8.5,245,1.0,0.0,0.0,0.0,0.1,1.61,0.0
2026-03-23,PANC_008,Kondhwa Budruk,0.0,30.7,54.1,610.0,29.5,6.1,225,1.0,0.0,0.0,0.0,0.0,0.74,0.0
2026-03-23,PANC_009,Dhayari,0.0,30.7,54.1,620.0,39.5,7.0,260,1.0,0.0,0.0,0.0,0.4,0.99,0.0
2026-03-23,PANC_010,Nanded Gramin,0.0,30.7,54.1,565.0,-15.5,2.8,10,0.0,0.0,0.0,0.0,0.6,-0.39,0.0
2026-03-23,PANC_101,Sampatchak Gramin,0.0,30.7,54.1,53.0,1.2,0.8,10,0.0,0.0,0.0,0.0,0.2,0.03,0.0
2026-03-23,PANC_102,Bairiya,0.0,30.7,54.1,51.5,-0.3,0.5,90,0.0,0.0,0.0,0.0,0.0,-0.01,0.0
2026-03-23,PANC_103,Kanhauli,0.0,30.7,54.1,54.2,2.4,1.1,180,1.0,0.0,0.0,0.0,0.0,0.06,0.0
2026-03-23,PANC_104,Chipura,0.0,30.7,54.1,50.8,-1.0,0.4,45,0.0,0.0,0.0,0.0,0.1,-0.03,0.0
2026-03-23,PANC_105,Sonagopalpur,0.0,30.7,54.1,52.0,0.2,0.6,85,0.0,0.0,0.0,0.0,0.2,0.01,0.0
2026-03-23,PANC_106,Tarangpur,0.0,30.7,54.1,49.5,-2.3,0.3,5,0.0,0.0,0.0,0.0,0.3,-0.06,0.0
2026-03-24,PANC_001,Wagholi,0.0,37.3,63.6,590.0,9.5,4.2,90,0.0,0.0,0.0,0.0,0.8,0.24,0.0
2026-03-24,PANC_002,Hadapsar Rural,0.0,37.3,63.6,560.0,-20.5,2.1,0,0.0,0.0,0.0,0.0,1.9,-0.51,0.0
2026-03-24,PANC_003,Manjari Khurd,0.0,37.3,63.6,552.0,-28.5,1.8,85,0.0,0.0,0.0,0.0,0.3,-0.71,0.0
2026-03-24,PANC_004,Phursungi,0.0,37.3,63.6,575.0,-5.5,3.5,180,1.0,0.0,0.0,0.0,0.0,-0.14,0.0
2026-03-24,PANC_005,Loni Kalbhor,0.0,37.3,63.6,548.0,-32.5,1.5,95,0.0,0.0,0.0,0.0,0.0,-0.81,0.0
2026-03-24,PANC_006,Uruli Kanchan,0.0,37.3,63.6,540.0,-40.5,1.2,45,0.0,0.0,0.0,0.0,0.3,-1.01,0.0
2026-03-24,PANC_007,Khed Shivapur,0.0,37.3,63.6,645.0,64.5,8.5,245,1.0,0.0,0.0,0.0,0.4,1.61,0.0
2026-03-24,PANC_008,Kondhwa Budruk,0.0,37.3,63.6,610.0,29.5,6.1,225,1.0,0.0,0.0,0.0,0.0,0.74,0.0
2026-03-24,PANC_009,Dhayari,0.0,37.3,63.6,620.0,39.5,7.0,260,1.0,0.0,0.0,0.0,0.0,0.99,0.0
2026-03-24,PANC_010,Nanded Gramin,0.0,37.3,63.6,565.0,-15.5,2.8,10,0.0,0.0,0.0,0.0,0.0,-0.39,0.0
2026-03-24,PANC_101,Sampatchak Gramin,0.0,37.3,63.6,53.0,1.2,0.8,10,0.0,0.0,0.0,0.0,2.1,0.03,2.3
2026-03-24,PANC_102,Bairiya,0.0,37.3,63.6,51.5,-0.3,0.5,90,0.0,0.77,1.08,1.2,0.7,-0.01,0.0
2026-03-24,PANC_103,Kanhauli,0.0,37.3,63.6,54.2,2.4,1.1,180,1.0,0.77,1.08,1.2,0.0,0.06,0.0
2026-03-24,PANC_104,Chipura,0.0,37.3,63.6,50.8,-1.0,0.4,45,0.0,0.77,1.08,0.7,0.2,-0.03,0.0
2026-03-24,PANC_105,Sonagopalpur,0.0,37.3,63.6,52.0,0.2,0.6,85,0.0,0.77,1.08,0.7,0.5,0.01,0.0
2026-03-24,PANC_106,Tarangpur,0.0,37.3,63.6,49.5,-2.3,0.3,5,0.0,0.77,1.08,1.0,0.0,-0.06,0.0
2026-03-25,PANC_001,Wagholi,0.0,30.7,51.1,590.0,9.5,4.2,90,0.0,0.0,0.0,0.0,1.4,0.24,0.0
2026-03-25,PANC_002,Hadapsar Rural,0.0,30.7,51.1,560.0,-20.5,2.1,0,0.0,1.53,2.17,2.0,0.1,-0.51,0.0
2026-03-25,PANC_003,Manjari Khurd,0.0,30.7,51.1,552.0,-28.5,1.8,85,0.0,1.53,2.17,1.3,0.0,-0.71,0.0
2026-03-25,PANC_004,Phursungi,0.0,30.7,51.1,575.0,-5.5,3.5,180,1.0,0.0,0.0,0.0,3.2,-0.14,4.6
2026-03-25,PANC_005,Loni Kalbhor,0.0,30.7,51.1,548.0,-32.5,1.5,95,0.0,1.53,2.17,1.8,0.0,-0.81,0.0
2026-03-25,PANC_006,Uruli Kanchan,0.0,30.7,51.1,540.0,-40.5,1.2,45,0.0,1.53,2.17,1.0,0.0,-1.01,0.0
2026-03-25,PANC_007,Khed Shivapur,0.0,30.7,51.1,645.0,64.5,8.5,245,1.0,0.0,0.0,0.0,0.3,1.61,0.0
2026-03-25,PANC_008,Kondhwa Budruk,0.0,30.7,51.1,610.0,29.5,6.1,225,1.0,1.53,2.17,1.5,0.0,0.74,0.0
2026-03-25,PANC_009,Dhayari,0.0,30.7,51.1,620.0,39.5,7.0,260,1.0,0.0,0.0,0.0,0.2,0.99,0.0
2026-03-25,PANC_010,Nanded Gramin,0.0,30.7,51.1,565.0,-15.5,2.8,10,0.0,0.0,0.0,0.0,0.0,-0.39,0.0
2026-03-25,PANC_101,Sampatchak Gramin,0.0,30.7,51.1,53.0,1.2,0.8,10,0.0,0.0,0.0,0.0,0.0,0.03,0.0
2026-03-25,PANC_102,Bairiya,0.0,30.7,51.1,51.5,-0.3,0.5,90,0.0,0.0,0.0,0.0,0.0,-0.01,0.0
2026-03-25,PANC_103,Kanhauli,0.0,30.7,51.1,54.2,2.4,1.1,180,1.0,0.0,0.0,0.0,0.2,0.06,0.0
2026-03-25,PANC_104,Chipura,0.0,30.7,51.1,50.8,-1.0,0.4,45,0.0,0.0,0.0,0.0,0.0,-0.03,0.0
2026-03-25,PANC_105,Sonagopalpur,0.0,30.7,51.1,52.0,0.2,0.6,85,0.0,0.0,0.0,0.0,0.2,0.01,0.0
2026-03-25,PANC_106,Tarangpur,0.0,30.7,51.1,49.5,-2.3,0.3,5,0.0,0.0,0.0,0.0,0.6,-0.06,0.0
2026-03-26,PANC_001,Wagholi,0.0,35.5,64.8,590.0,9.5,4.2,90,0.0,0.0,0.0,0.0,0.0,0.24,0.0
2026-03-26,PANC_002,Hadapsar Rural,0.0,35.5,64.8,560.0,-20.5,2.1,0,0.0,0.0,0.0,0.0,0.3,-0.51,0.0
2026-03-26,PANC_003,Manjari Khurd,0.0,35.5,64.8,552.0,-28.5,1.8,85,0.0,0.0,0.0,0.0,0.5,-0.71,0.0
2026-03-26,PANC_004,Phursungi,0.0,35.5,64.8,575.0,-5.5,3.5,180,1.0,0.0,0.0,0.0,0.8,-0.14,0.0
2026-03-26,PANC_005,Loni Kalbhor,0.0,35.5,64.8,548.0,-32.5,1.5,95,0.0,0.0,0.0,0.0,0.0,-0.81,0.0
2026-03-26,PANC_006,Uruli Kanchan,0.0,35.5,64.8,540.0,-40.5,1.2,45,0.0,0.0,0.0,0.0,0.8,-1.01,0.0
2026-03-26,PANC_007,Khed Shivapur,0.0,35.5,64.8,645.0,64.5,8.5,245,1.0,0.0,0.0,0.0,0.0,1.61,0.0
2026-03-26,PANC_008,Kondhwa Budruk,0.0,35.5,64.8,610.0,29.5,6.1,225,1.0,0.0,0.0,0.0,0.0,0.74,0.0
2026-03-26,PANC_009,Dhayari,0.0,35.5,64.8,620.0,39.5,7.0,260,1.0,0.0,0.0,0.0,0.1,0.99,0.0
2026-03-26,PANC_010,Nanded Gramin,0.0,35.5,64.8,565.0,-15.5,2.8,10,0.0,0.0,0.0,0.0,0.3,-0.39,0.0
2026-03-26,PANC_101,Sampatchak Gramin,0.0,35.5,64.8,53.0,1.2,0.8,10,0.0,0.0,0.0,0.0,0.0,0.03,0.0
2026-03-26,PANC_102,Bairiya,0.0,35.5,64.8,51.5,-0.3,0.5,90,0.0,0.0,0.0,0.0,0.2,-0.01,0.0
2026-03-26,PANC_103,Kanhauli,0.0,35.5,64.8,54.2,2.4,1.1,180,1.0,0.0,0.0,0.0,0.0,0.06,0.0
2026-03-26,PANC_104,Chipura,0.0,35.5,64.8,50.8,-1.0,0.4,45,0.0,0.0,0.0,0.0,0.0,-0.03,0.0
2026-03-26,PANC_105,Sonagopalpur,0.0,35.5,64.8,52.0,0.2,0.6,85,0.0,0.0,0.0,0.0,0.8,0.01,0.0
2026-03-26,PANC_106,Tarangpur,0.0,35.5,64.8,49.5,-2.3,0.3,5,0.0,0.0,0.0,0.0,0.7,-0.06,0.0
2026-03-27,PANC_001,Wagholi,0.0,32.1,40.1,590.0,9.5,4.2,90,0.0,0.0,0.0,0.0,0.2,0.24,0.0
2026-03-27,PANC_002,Hadapsar Rural,0.0,32.1,40.1,560.0,-20.5,2.1,0,0.0,0.0,0.0,0.0,1.1,-0.51,0.0
2026-03-27,PANC_003,Manjari Khurd,0.0,32.1,40.1,552.0,-28.5,1.8,85,0.0,0.0,0.0,0.0,0.5,-0.71,0.0
2026-03-27,PANC_004,Phursungi,0.0,32.1,40.1,575.0,-5.5,3.5,180,1.0,0.0,0.0,0.0,0.0,-0.14,0.0
2026-03-27,PANC_005,Loni Kalbhor,0.0,32.1,40.1,548.0,-32.5,1.5,95,0.0,0.0,0.0,0.0,0.5,-0.81,0.0
2026-03-27,PANC_006,Uruli Kanchan,0.0,32.1,40.1,540.0,-40.5,1.2,45,0.0,0.0,0.0,0.0,0.4,-1.01,0.0
2026-03-27,PANC_007,Khed Shivapur,0.0,32.1,40.1,645.0,64.5,8.5,245,1.0,0.0,0.0,0.0,0.6,1.61,0.0
2026-03-27,PANC_008,Kondhwa Budruk,0.0,32.1,40.1,610.0,29.5,6.1,225,1.0,0.0,0.0,0.0,0.0,0.74,0.0
2026-03-27,PANC_009,Dhayari,0.0,32.1,40.1,620.0,39.5,7.0,260,1.0,0.0,0.0,0.0,0.0,0.99,0.0
2026-03-27,PANC_010,Nanded Gramin,0.0,32.1,40.1,565.0,-15.5,2.8,10,0.0,0.0,0.0,0.0,0.8,-0.39,0.0
2026-03-27,PANC_101,Sampatchak Gramin,0.0,32.1,40.1,53.0,1.2,0.8,10,0.0,0.0,0.0,0.0,0.0,0.03,0.0
2026-03-27,PANC_102,Bairiya,0.0,32.1,40.1,51.5,-0.3,0.5,90,0.0,0.0,0.0,0.0,0.3,-0.01,0.0
2026-03-27,PANC_103,Kanhauli,0.0,32.1,40.1,54.2,2.4,1.1,180,1.0,0.0,0.0,0.0,0.0,0.06,0.0
2026-03-27,PANC_104,Chipura,0.0,32.1,40.1,50.8,-1.0,0.4,45,0.0,0.0,0.0,0.0,0.0,-0.03,0.0
2026-03-27,PANC_105,Sonagopalpur,0.0,32.1,40.1,52.0,0.2,0.6,85,0.0,0.0,0.0,0.0,0.3,0.01,0.0
2026-03-27,PANC_106,Tarangpur,0.0,32.1,40.1,49.5,-2.3,0.3,5,0.0,0.0,0.0,0.0,0.2,-0.06,0.0
2026-03-28,PANC_001,Wagholi,0.0,30.7,57.2,590.0,9.5,4.2,90,0.0,0.0,0.0,0.0,0.0,0.24,0.0
2026-03-28,PANC_002,Hadapsar Rural,0.0,30.7,57.2,560.0,-20.5,2.1,0,0.0,0.0,0.0,0.0,0.3,-0.51,0.0
2026-03-28,PANC_003,Manjari Khurd,0.0,30.7,57.2,552.0,-28.5,1.8,85,0.0,0.0,0.0,0.0,0.1,-0.71,0.0
2026-03-28,PANC_004,Phursungi,0.0,30.7,57.2,575.0,-5.5,3.5,180,1.0,0.0,0.0,0.0,0.0,-0.14,0.0
2026-03-28,PANC_005,Loni Kalbhor,0.0,30.7,57.2,548.0,-32.5,1.5,95,0.0,0.0,0.0,0.0,0.4,-0.81,0.0
2026-03-28,PANC_006,Uruli Kanchan,0.0,30.7,57.2,540.0,-40.5,1.2,45,0.0,0.0,0.0,0.0,0.0,-1.01,0.0
2026-03-28,PANC_007,Khed Shivapur,0.0,30.7,57.2,645.0,64.5,8.5,245,1.0,0.43,0.61,0.4,2.2,1.61,0.0
2026-03-28,PANC_008,Kondhwa Budruk,0.0,30.7,57.2,610.0,29.5,6.1,225,1.0,0.0,0.0,0.0,0.0,0.74,0.0
2026-03-28,PANC_009,Dhayari,0.0,30.7,57.2,620.0,39.5,7.0,260,1.0,0.43,0.61,1.1,0.0,0.99,0.0
2026-03-28,PANC_010,Nanded Gramin,0.0,30.7,57.2,565.0,-15.5,2.8,10,0.0,0.0,0.0,0.0,0.3,-0.39,1.3
2026-03-28,PANC_101,Sampatchak Gramin,0.0,30.7,57.2,53.0,1.2,0.8,10,0.0,0.0,0.0,0.0,1.0,0.03,0.0
2026-03-28,PANC_102,Bairiya,0.0,30.7,57.2,51.5,-0.3,0.5,90,0.0,0.0,0.0,0.0,0.0,-0.01,0.0
2026-03-28,PANC_103,Kanhauli,0.0,30.7,57.2,54.2,2.4,1.1,180,1.0,0.0,0.0,0.0,0.0,0.06,0.0
2026-03-28,PANC_104,Chipura,0.0,30.7,57.2,50.8,-1.0,0.4,45,0.0,0.0,0.0,0.0,0.6,-0.03,0.0
2026-03-28,PANC_105,Sonagopalpur,0.0,30.7,57.2,52.0,0.2,0.6,85,0.0,0.0,0.0,0.0,0.0,0.01,0.0
2026-03-28,PANC_106,Tarangpur,0.0,30.7,57.2,49.5,-2.3,0.3,5,0.0,0.0,0.0,0.0,0.5,-0.06,0.0
2026-03-29,PANC_001,Wagholi,0.0,33.3,59.8,590.0,9.5,4.2,90,0.0,0.0,0.0,0.0,0.0,0.24,0.0
2026-03-29,PANC_002,Hadapsar Rural,0.0,33.3,59.8,560.0,-20.5,2.1,0,0.0,0.0,0.0,0.0,0.0,-0.51,0.0
2026-03-29,PANC_003,Manjari Khurd,0.0,33.3,59.8,552.0,-28.5,1.8,85,0.0,0.0,0.0,0.0,0.0,-0.71,0.0
2026-03-29,PANC_004,Phursungi,0.0,33.3,59.8,575.0,-5.5,3.5,180,1.0,0.0,0.0,0.0,1.3,-0.14,0.0
2026-03-29,PANC_005,Loni Kalbhor,0.0,33.3,59.8,548.0,-32.5,1.5,95,0.0,0.0,0.0,0.0,0.9,-0.81,0.0
2026-03-29,PANC_006,Uruli Kanchan,0.0,33.3,59.8,540.0,-40.5,1.2,45,0.0,0.0,0.0,0.0,0.0,-1.01,0.0
2026-03-29,PANC_007,Khed Shivapur,0.0,33.3,59.8,645.0,64.5,8.5,245,1.0,0.0,0.0,0.0,0.0,1.61,0.0
2026-03-29,PANC_008,Kondhwa Budruk,0.0,33.3,59.8,610.0,29.5,6.1,225,1.0,0.0,0.0,0.0,1.7,0.74,0.0
2026-03-29,PANC_009,Dhayari,0.0,33.3,59.8,620.0,39.5,7.0,260,1.0,0.0,0.0,0.0,0.0,0.99,0.0
2026-03-29,PANC_010,Nanded Gramin,0.0,33.3,59.8,565.0,-15.5,2.8,10,0.0,0.0,0.0,0.0,0.0,-0.39,0.0
2026-03-29,PANC_101,Sampatchak Gramin,0.0,33.3,59.8,53.0,1.2,0.8,10,0.0,0.0,0.0,0.0,0.0,0.03,0.0
2026-03-29,PANC_102,Bairiya,0.0,33.3,59.8,51.5,-0.3,0.5,90,0.0,0.0,0.0,0.0,0.0,-0.01,0.0
2026-03-29,PANC_103,Kanhauli,0.0,33.3,59.8,54.2,2.4,1.1,180,1.0,0.0,0.0,0.0,0.0,0.06,0.0
2026-03-29,PANC_104,Chipura,0.0,33.3,59.8,50.8,-1.0,0.4,45,0.0,0.0,0.0,0.0,0.0,-0.03,0.0
2026-03-29,PANC_105,Sonagopalpur,0.0,33.3,59.8,52.0,0.2,0.6,85,0.0,0.0,0.0,0.0,0.0,0.01,0.0
2026-03-29,PANC_106,Tarangpur,0.0,33.3,59.8,49.5,-2.3,0.3,5,0.0,0.0,0.0,0.0,1.1,-0.06,0.0
2026-03-30,PANC_001,Wagholi,0.0,32.1,46.3,590.0,9.5,4.2,90,0.0,0.0,0.0,0.0,1.2,0.24,0.0
2026-03-30,PANC_002,Hadapsar Rural,0.0,32.1,46.3,560.0,-20.5,2.1,0,0.0,0.0,0.0,0.0,0.6,-0.51,0.0
2026-03-30,PANC_003,Manjari Khurd,0.0,32.1,46.3,552.0,-28.5,1.8,85,0.0,0.0,0.0,0.0,0.6,-0.71,0.0
2026-03-30,PANC_004,Phursungi,0.0,32.1,46.3,575.0,-5.5,3.5,180,1.0,0.0,0.0,0.0,0.6,-0.14,0.0
2026-03-30,PANC_005,Loni Kalbhor,0.0,32.1,46.3,548.0,-32.5,1.5,95,0.0,0.0,0.0,0.0,0.0,-0.81,0.0
2026-03-30,PANC_006,Uruli Kanchan,0.0,32.1,46.3,540.0,-40.5,1.2,45,0.0,0.0,0.0,0.0,0.5,-1.01,0.0
2026-03-30,PANC_007,Khed Shivapur,0.0,32.1,46.3,645.0,64.5,8.5,245,1.0,0.0,0.0,0.0,1.1,1.61,0.0
2026-03-30,PANC_008,Kondhwa Budruk,0.0,32.1,46.3,610.0,29.5,6.1,225,1.0,0.0,0.0,0.0,0.0,0.74,0.0
2026-03-30,PANC_009,Dhayari,0.0,32.1,46.3,620.0,39.5,7.0,260,1.0,0.0,0.0,0.0,0.0,0.99,0.0
2026-03-30,PANC_010,Nanded Gramin,0.0,32.1,46.3,565.0,-15.5,2.8,10,0.0,0.0,0.0,0.0,0.3,-0.39,0.0
2026-03-30,PANC_101,Sampatchak Gramin,0.0,32.1,46.3,53.0,1.2,0.8,10,0.0,0.0,0.0,0.0,0.0,0.03,0.0
2026-03-30,PANC_102,Bairiya,0.0,32.1,46.3,51.5,-0.3,0.5,90,0.0,0.0,0.0,0.0,0.0,-0.01,0.0
2026-03-30,PANC_103,Kanhauli,0.0,32.1,46.3,54.2,2.4,1.1,180,1.0,0.0,0.0,0.0,0.5,0.06,0.0
2026-03-30,PANC_104,Chipura,0.0,32.1,46.3,50.8,-1.0,0.4,45,0.0,0.0,0.0,0.0,0.4,-0.03,0.0
2026-03-30,PANC_105,Sonagopalpur,0.0,32.1,46.3,52.0,0.2,0.6,85,0.0,0.0,0.0,0.0,0.0,0.01,0.0
2026-03-30,PANC_106,Tarangpur,0.0,32.1,46.3,49.5,-2.3,0.3,5,0.0,0.0,0.0,0.0,1.5,-0.06,0.0
2026-03-31,PANC_001,Wagholi,0.0,37.3,57.7,590.0,9.5,4.2,90,0.0,0.0,0.0,0.0,1.1,0.24,0.0
2026-03-31,PANC_002,Hadapsar Rural,0.0,37.3,57.7,560.0,-20.5,2.1,0,0.0,0.0,0.0,0.0,0.0,-0.51,0.0
2026-03-31,PANC_003,Manjari Khurd,0.0,37.3,57.7,552.0,-28.5,1.8,85,0.0,0.0,0.0,0.0,0.4,-0.71,0.0
2026-03-31,PANC_004,Phursungi,0.0,37.3,57.7,575.0,-5.5,3.5,180,1.0,0.0,0.0,0.0,0.0,-0.14,0.0
2026-03-31,PANC_005,Loni Kalbhor,0.0,37.3,57.7,548.0,-32.5,1.5,95,0.0,0.0,0.0,0.0,1.6,-0.81,0.0
2026-03-31,PANC_006,Uruli Kanchan,0.0,37.3,57.7,540.0,-40.5,1.2,45,0.0,0.0,0.0,0.0,0.9,-1.01,0.0
2026-03-31,PANC_007,Khed Shivapur,0.0,37.3,57.7,645.0,64.5,8.5,245,1.0,0.0,0.0,0.0,0.1,1.61,0.0
2026-03-31,PANC_008,Kondhwa Budruk,0.0,37.3,57.7,610.0,29.5,6.1,225,1.0,0.0,0.0,0.0,0.2,0.74,0.0
2026-03-31,PANC_009,Dhayari,0.0,37.3,57.7,620.0,39.5,7.0,260,1.0,0.0,0.0,0.0,1.2,0.99,0.0
2026-03-31,PANC_010,Nanded Gramin,0.0,37.3,57.7,565.0,-15.5,2.8,10,0.0,0.0,0.0,0.0,0.5,-0.39,0.0
2026-03-31,PANC_101,Sampatchak Gramin,0.0,37.3,57.7,53.0,1.2,0.8,10,0.0,0.0,0.0,0.0,1.2,0.03,0.0
2026-03-31,PANC_102,Bairiya,0.0,37.3,57.7,51.5,-0.3,0.5,90,0.0,0.0,0.0,0.0,0.0,-0.01,0.0
2026-03-31,PANC_103,Kanhauli,0.0,37.3,57.7,54.2,2.4,1.1,180,1.0,0.0,0.0,0.0,0.4,0.06,0.0
2026-03-31,PANC_104,Chipura,0.0,37.3,57.7,50.8,-1.0,0.4,45,0.0,0.0,0.0,0.0,0.0,-0.03,0.0
2026-03-31,PANC_105,Sonagopalpur,0.0,37.3,57.7,52.0,0.2,0.6,85,0.0,0.0,0.0,0.0,1.4,0.01,0.0
2026-03-31,PANC_106,Tarangpur,0.0,37.3,57.7,49.5,-2.3,0.3,5,0.0,0.0,0.0,0.0,1.2,-0.06,0.0
2026-04-01,PANC_001,Wagholi,0.0,42.9,71.6,590.0,9.5,4.2,90,0.0,0.13,0.19,0.2,0.0,0.24,0.0
2026-04-01,PANC_002,Hadapsar Rural,0.0,42.9,71.6,560.0,-20.5,2.1,0,0.0,0.13,0.19,0.2,0.0,-0.51,0.0
2026-04-01,PANC_003,Manjari Khurd,0.0,42.9,71.6,552.0,-28.5,1.8,85,0.0,0.0,0.0,0.0,0.0,-0.71,0.4
2026-04-01,PANC_004,Phursungi,0.0,42.9,71.6,575.0,-5.5,3.5,180,1.0,0.13,0.19,0.1,0.0,-0.14,0.0
2026-04-01,PANC_005,Loni Kalbhor,0.0,42.9,71.6,548.0,-32.5,1.5,95,0.0,0.13,0.19,0.2,0.4,-0.81,0.0
2026-04-01,PANC_006,Uruli Kanchan,0.0,42.9,71.6,540.0,-40.5,1.2,45,0.0,0.13,0.19,0.1,0.9,-1.01,0.0
2026-04-01,PANC_007,Khed Shivapur,0.0,42.9,71.6,645.0,64.5,8.5,245,1.0,0.37,0.52,0.4,0.0,1.61,0.0
2026-04-01,PANC_008,Kondhwa Budruk,0.0,42.9,71.6,610.0,29.5,6.1,225,1.0,0.37,0.52,0.3,0.3,0.74,0.0
2026-04-01,PANC_009,Dhayari,0.0,42.9,71.6,620.0,39.5,7.0,260,1.0,0.0,0.0,0.0,0.0,0.99,1.1
2026-04-01,PANC_010,Nanded Gramin,0.0,42.9,71.6,565.0,-15.5,2.8,10,0.0,0.37,0.52,1.0,0.5,-0.39,0.0
2026-04-01,PANC_101,Sampatchak Gramin,0.0,42.9,71.6,53.0,1.2,0.8,10,0.0,0.0,0.0,0.0,0.0,0.03,0.0
2026-04-01,PANC_102,Bairiya,0.0,42.9,71.6,51.5,-0.3,0.5,90,0.0,0.0,0.0,0.0,0.0,-0.01,0.0
2026-04-01,PANC_103,Kanhauli,0.0,42.9,71.6,54.2,2.4,1.1,180,1.0,0.0,0.0,0.0,0.6,0.06,0.0
2026-04-01,PANC_104,Chipura,0.0,42.9,71.6,50.8,-1.0,0.4,45,0.0,0.0,0.0,0.0,0.0,-0.03,0.0
2026-04-01,PANC_105,Sonagopalpur,0.0,42.9,71.6,52.0,0.2,0.6,85,0.0,0.0,0.0,0.0,0.0,0.01,0.0
2026-04-01,PANC_106,Tarangpur,0.0,42.9,71.6,49.5,-2.3,0.3,5,0.0,0.0,0.0,0.0,0.0,-0.06,0.0
2026-04-02,PANC_001,Wagholi,0.0,35.4,47.5,590.0,9.5,4.2,90,0.0,0.0,0.0,0.0,0.0,0.24,0.0
2026-04-02,PANC_002,Hadapsar Rural,0.0,35.4,47.5,560.0,-20.5,2.1,0,0.0,0.0,0.0,0.0,0.6,-0.51,0.0
2026-04-02,PANC_003,Manjari Khurd,0.0,35.4,47.5,552.0,-28.5,1.8,85,0.0,0.0,0.0,0.0,1.8,-0.71,0.0
2026-04-02,PANC_004,Phursungi,0.0,35.4,47.5,575.0,-5.5,3.5,180,1.0,0.0,0.0,0.0,0.5,-0.14,0.0
2026-04-02,PANC_005,Loni Kalbhor,0.0,35.4,47.5,548.0,-32.5,1.5,95,0.0,0.0,0.0,0.0,0.0,-0.81,0.0
2026-04-02,PANC_006,Uruli Kanchan,0.0,35.4,47.5,540.0,-40.5,1.2,45,0.0,0.0,0.0,0.0,0.0,-1.01,0.0
2026-04-02,PANC_007,Khed Shivapur,0.0,35.4,47.5,645.0,64.5,8.5,245,1.0,0.0,0.0,0.0,0.0,1.61,0.0
2026-04-02,PANC_008,Kondhwa Budruk,0.0,35.4,47.5,610.0,29.5,6.1,225,1.0,0.0,0.0,0.0,0.1,0.74,0.0
2026-04-02,PANC_009,Dhayari,0.0,35.4,47.5,620.0,39.5,7.0,260,1.0,0.0,0.0,0.0,0.0,0.99,0.0
2026-04-02,PANC_010,Nanded Gramin,0.0,35.4,47.5,565.0,-15.5,2.8,10,0.0,0.0,0.0,0.0,0.0,-0.39,0.0
2026-04-02,PANC_101,Sampatchak Gramin,0.0,35.4,47.5,53.0,1.2,0.8,10,0.0,0.0,0.0,0.0,1.3,0.03,0.0
2026-04-02,PANC_102,Bairiya,0.0,35.4,47.5,51.5,-0.3,0.5,90,0.0,1.17,1.65,0.6,0.0,-0.01,0.0
2026-04-02,PANC_103,Kanhauli,0.0,35.4,47.5,54.2,2.4,1.1,180,1.0,1.17,1.65,0.5,0.6,0.06,0.0
2026-04-02,PANC_104,Chipura,0.0,35.4,47.5,50.8,-1.0,0.4,45,0.0,0.0,0.0,0.0,0.0,-0.03,0.0
2026-04-02,PANC_105,Sonagopalpur,0.0,35.4,47.5,52.0,0.2,0.6,85,0.0,0.0,0.0,0.0,1.5,0.01,0.0
2026-04-02,PANC_106,Tarangpur,0.0,35.4,47.5,49.5,-2.3,0.3,5,0.0,0.0,0.0,0.0,2.9,-0.06,3.5
2026-04-03,PANC_001,Wagholi,0.0,31.8,50.6,590.0,9.5,4.2,90,0.0,0.0,0.0,0.0,0.0,0.24,0.0
2026-04-03,PANC_002,Hadapsar Rural,0.0,31.8,50.6,560.0,-20.5,2.1,0,0.0,0.0,0.0,0.0,0.6,-0.51,0.0
2026-04-03,PANC_003,Manjari Khurd,0.0,31.8,50.6,552.0,-28.5,1.8,85,0.0,0.0,0.0,0.0,1.2,-0.71,0.0
2026-04-03,PANC_004,Phursungi,0.0,31.8,50.6,575.0,-5.5,3.5,180,1.0,0.0,0.0,0.0,0.0,-0.14,0.0
2026-04-03,PANC_005,Loni Kalbhor,0.0,31.8,50.6,548.0,-32.5,1.5,95,0.0,0.0,0.0,0.0,0.1,-0.81,0.0
2026-04-03,PANC_006,Uruli Kanchan,0.0,31.8,50.6,540.0,-40.5,1.2,45,0.0,0.0,0.0,0.0,0.0,-1.01,0.0
2026-04-03,PANC_007,Khed Shivapur,0.0,31.8,50.6,645.0,64.5,8.5,245,1.0,2.33,3.3,2.8,2.0,1.61,0.0
2026-04-03,PANC_008,Kondhwa Budruk,0.0,31.8,50.6,610.0,29.5,6.1,225,1.0,2.33,3.3,2.1,0.0,0.74,0.0
2026-04-03,PANC_009,Dhayari,0.0,31.8,50.6,620.0,39.5,7.0,260,1.0,0.0,0.0,0.0,5.8,0.99,7.0
2026-04-03,PANC_010,Nanded Gramin,0.0,31.8,50.6,565.0,-15.5,2.8,10,0.0,2.33,3.3,6.4,0.0,-0.39,0.0
2026-04-03,PANC_101,Sampatchak Gramin,0.0,31.8,50.6,53.0,1.2,0.8,10,0.0,0.0,0.0,0.0,0.0,0.03,0.0
2026-04-03,PANC_102,Bairiya,0.0,31.8,50.6,51.5,-0.3,0.5,90,0.0,0.0,0.0,0.0,0.0,-0.01,0.0
2026-04-03,PANC_103,Kanhauli,0.0,31.8,50.6,54.2,2.4,1.1,180,1.0,0.0,0.0,0.0,1.3,0.06,0.0
2026-04-03,PANC_104,Chipura,0.0,31.8,50.6,50.8,-1.0,0.4,45,0.0,0.0,0.0,0.0,0.8,-0.03,0.0
2026-04-03,PANC_105,Sonagopalpur,0.0,31.8,50.6,52.0,0.2,0.6,85,0.0,0.0,0.0,0.0,1.6,0.01,0.0
2026-04-03,PANC_106,Tarangpur,0.0,31.8,50.6,49.5,-2.3,0.3,5,0.0,0.0,0.0,0.0,0.0,-0.06,0.0
2026-04-04,PANC_001,Wagholi,0.0,30.8,53.7,590.0,9.5,4.2,90,0.0,0.0,0.0,0.0,0.0,0.24,0.0
2026-04-04,PANC_002,Hadapsar Rural,0.0,30.8,53.7,560.0,-20.5,2.1,0,0.0,0.0,0.0,0.0,0.0,-0.51,0.0
2026-04-04,PANC_003,Manjari Khurd,0.0,30.8,53.7,552.0,-28.5,1.8,85,0.0,0.0,0.0,0.0,0.3,-0.71,0.0
2026-04-04,PANC_004,Phursungi,0.0,30.8,53.7,575.0,-5.5,3.5,180,1.0,0.0,0.0,0.0,0.1,-0.14,0.0
2026-04-04,PANC_005,Loni Kalbhor,0.0,30.8,53.7,548.0,-32.5,1.5,95,0.0,0.0,0.0,0.0,0.0,-0.81,0.0
2026-04-04,PANC_006,Uruli Kanchan,0.0,30.8,53.7,540.0,-40.5,1.2,45,0.0,0.0,0.0,0.0,0.0,-1.01,0.0
2026-04-04,PANC_007,Khed Shivapur,0.0,30.8,53.7,645.0,64.5,8.5,245,1.0,0.0,0.0,0.0,0.4,1.61,0.0
2026-04-04,PANC_008,Kondhwa Budruk,0.0,30.8,53.7,610.0,29.5,6.1,225,1.0,0.0,0.0,0.0,0.0,0.74,0.0
2026-04-04,PANC_009,Dhayari,0.0,30.8,53.7,620.0,39.5,7.0,260,1.0,0.0,0.0,0.0,0.1,0.99,0.0
2026-04-04,PANC_010,Nanded Gramin,0.0,30.8,53.7,565.0,-15.5,2.8,10,0.0,0.0,0.0,0.0,0.3,-0.39,0.0
2026-04-04,PANC_101,Sampatchak Gramin,0.0,30.8,53.7,53.0,1.2,0.8,10,0.0,0.0,0.0,0.0,0.8,0.03,0.0
2026-04-04,PANC_102,Bairiya,0.0,30.8,53.7,51.5,-0.3,0.5,90,0.0,0.0,0.0,0.0,1.7,-0.01,0.0
2026-04-04,PANC_103,Kanhauli,0.0,30.8,53.7,54.2,2.4,1.1,180,1.0,0.0,0.0,0.0,0.2,0.06,0.0
2026-04-04,PANC_104,Chipura,0.0,30.8,53.7,50.8,-1.0,0.4,45,0.0,0.0,0.0,0.0,0.0,-0.03,0.0
2026-04-04,PANC_105,Sonagopalpur,0.0,30.8,53.7,52.0,0.2,0.6,85,0.0,0.0,0.0,0.0,1.3,0.01,0.0
2026-04-04,PANC_106,Tarangpur,0.0,30.8,53.7,49.5,-2.3,0.3,5,0.0,0.0,0.0,0.0,0.8,-0.06,0.0
2026-04-05,PANC_001,Wagholi,0.0,35.0,60.4,590.0,9.5,4.2,90,0.0,0.0,0.0,0.0,0.0,0.24,0.0
2026-04-05,PANC_002,Hadapsar Rural,0.0,35.0,60.4,560.0,-20.5,2.1,0,0.0,0.0,0.0,0.0,0.0,-0.51,0.0
2026-04-05,PANC_003,Manjari Khurd,0.0,35.0,60.4,552.0,-28.5,1.8,85,0.0,0.0,0.0,0.0,0.0,-0.71,0.0
2026-04-05,PANC_004,Phursungi,0.0,35.0,60.4,575.0,-5.5,3.5,180,1.0,0.0,0.0,0.0,0.0,-0.14,0.0
2026-04-05,PANC_005,Loni Kalbhor,0.0,35.0,60.4,548.0,-32.5,1.5,95,0.0,0.0,0.0,0.0,0.0,-0.81,0.0
2026-04-05,PANC_006,Uruli Kanchan,0.0,35.0,60.4,540.0,-40.5,1.2,45,0.0,0.0,0.0,0.0,1.1,-1.01,0.0
2026-04-05,PANC_007,Khed Shivapur,0.0,35.0,60.4,645.0,64.5,8.5,245,1.0,0.0,0.0,0.0,0.0,1.61,0.0
2026-04-05,PANC_008,Kondhwa Budruk,0.0,35.0,60.4,610.0,29.5,6.1,225,1.0,0.0,0.0,0.0,1.1,0.74,0.0
2026-04-05,PANC_009,Dhayari,0.0,35.0,60.4,620.0,39.5,7.0,260,1.0,0.0,0.0,0.0,1.3,0.99,0.0
2026-04-05,PANC_010,Nanded Gramin,0.0,35.0,60.4,565.0,-15.5,2.8,10,0.0,0.0,0.0,0.0,0.0,-0.39,0.0
2026-04-05,PANC_101,Sampatchak Gramin,0.0,35.0,60.4,53.0,1.2,0.8,10,0.0,0.0,0.0,0.0,0.1,0.03,0.0
2026-04-05,PANC_102,Bairiya,0.0,35.0,60.4,51.5,-0.3,0.5,90,0.0,0.0,0.0,0.0,0.0,-0.01,0.0
2026-04-05,PANC_103,Kanhauli,0.0,35.0,60.4,54.2,2.4,1.1,180,1.0,0.0,0.0,0.0,0.0,0.06,0.0
2026-04-05,PANC_104,Chipura,0.0,35.0,60.4,50.8,-1.0,0.4,45,0.0,0.0,0.0,0.0,0.0,-0.03,0.0
2026-04-05,PANC_105,Sonagopalpur,0.0,35.0,60.4,52.0,0.2,0.6,85,0.0,0.0,0.0,0.0,0.6,0.01,0.0
2026-04-05,PANC_106,Tarangpur,0.0,35.0,60.4,49.5,-2.3,0.3,5,0.0,0.0,0.0,0.0,1.6,-0.06,0.0
2026-04-06,PANC_001,Wagholi,0.0,34.1,59.4,590.0,9.5,4.2,90,0.0,0.0,0.0,0.0,0.0,0.24,0.0
2026-04-06,PANC_002,Hadapsar Rural,0.0,34.1,59.4,560.0,-20.5,2.1,0,0.0,0.0,0.0,0.0,0.0,-0.51,0.0
2026-04-06,PANC_003,Manjari Khurd,0.0,34.1,59.4,552.0,-28.5,1.8,85,0.0,0.0,0.0,0.0,0.8,-0.71,0.0
2026-04-06,PANC_004,Phursungi,0.0,34.1,59.4,575.0,-5.5,3.5,180,1.0,0.0,0.0,0.0,0.8,-0.14,0.0
2026-04-06,PANC_005,Loni Kalbhor,0.0,34.1,59.4,548.0,-32.5,1.5,95,0.0,0.0,0.0,0.0,0.1,-0.81,0.0
2026-04-06,PANC_006,Uruli Kanchan,0.0,34.1,59.4,540.0,-40.5,1.2,45,0.0,0.0,0.0,0.0,0.0,-1.01,0.0
2026-04-06,PANC_007,Khed Shivapur,0.0,34.1,59.4,645.0,64.5,8.5,245,1.0,0.0,0.0,0.0,1.5,1.61,0.0
2026-04-06,PANC_008,Kondhwa Budruk,0.0,34.1,59.4,610.0,29.5,6.1,225,1.0,0.0,0.0,0.0,0.5,0.74,0.0
2026-04-06,PANC_009,Dhayari,0.0,34.1,59.4,620.0,39.5,7.0,260,1.0,0.0,0.0,0.0,0.2,0.99,0.0
2026-04-06,PANC_010,Nanded Gramin,0.0,34.1,59.4,565.0,-15.5,2.8,10,0.0,0.0,0.0,0.0,0.0,-0.39,0.0
2026-04-06,PANC_101,Sampatchak Gramin,0.0,34.1,59.4,53.0,1.2,0.8,10,0.0,0.0,0.0,0.0,0.0,0.03,0.0
2026-04-06,PANC_102,Bairiya,0.0,34.1,59.4,51.5,-0.3,0.5,90,0.0,0.0,0.0,0.0,0.0,-0.01,0.0
2026-04-06,PANC_103,Kanhauli,0.0,34.1,59.4,54.2,2.4,1.1,180,1.0,0.0,0.0,0.0,0.6,0.06,0.0
2026-04-06,PANC_104,Chipura,0.0,34.1,59.4,50.8,-1.0,0.4,45,0.0,0.0,0.0,0.0,0.8,-0.03,0.0
2026-04-06,PANC_105,Sonagopalpur,0.0,34.1,59.4,52.0,0.2,0.6,85,0.0,0.0,0.0,0.0,0.2,0.01,0.0
2026-04-06,PANC_106,Tarangpur,0.0,34.1,59.4,49.5,-2.3,0.3,5,0.0,0.0,0.0,0.0,0.0,-0.06,0.0
2026-04-07,PANC_001,Wagholi,0.0,33.5,53.6,590.0,9.5,4.2,90,0.0,0.1,0.14,0.2,0.1,0.24,0.0
2026-04-07,PANC_002,Hadapsar Rural,0.0,33.5,53.6,560.0,-20.5,2.1,0,0.0,0.1,0.14,0.1,0.0,-0.51,0.0
2026-04-07,PANC_003,Manjari Khurd,0.0,33.5,53.6,552.0,-28.5,1.8,85,0.0,0.0,0.0,0.0,0.0,-0.71,0.3
2026-04-07,PANC_004,Phursungi,0.0,33.5,53.6,575.0,-5.5,3.5,180,1.0,0.1,0.14,0.1,1.9,-0.14,0.0
2026-04-07,PANC_005,Loni Kalbhor,0.0,33.5,53.6,548.0,-32.5,1.5,95,0.0,0.1,0.14,0.1,0.0,-0.81,0.0
2026-04-07,PANC_006,Uruli Kanchan,0.0,33.5,53.6,540.0,-40.5,1.2,45,0.0,0.1,0.14,0.1,0.3,-1.01,0.0
2026-04-07,PANC_007,Khed Shivapur,0.0,33.5,53.6,645.0,64.5,8.5,245,1.0,0.0,0.0,0.0,1.7,1.61,0.0
2026-04-07,PANC_008,Kondhwa Budruk,0.0,33.5,53.6,610.0,29.5,6.1,225,1.0,0.0,0.0,0.0,0.0,0.74,0.0
2026-04-07,PANC_009,Dhayari,0.0,33.5,53.6,620.0,39.5,7.0,260,1.0,0.0,0.0,0.0,1.5,0.99,0.0
2026-04-07,PANC_010,Nanded Gramin,0.0,33.5,53.6,565.0,-15.5,2.8,10,0.0,0.0,0.0,0.0,0.0,-0.39,0.0
2026-04-07,PANC_101,Sampatchak Gramin,0.0,33.5,53.6,53.0,1.2,0.8,10,0.0,0.0,0.0,0.0,0.0,0.03,0.0
2026-04-07,PANC_102,Bairiya,0.0,33.5,53.6,51.5,-0.3,0.5,90,0.0,0.0,0.0,0.0,0.0,-0.01,0.0
2026-04-07,PANC_103,Kanhauli,0.0,33.5,53.6,54.2,2.4,1.1,180,1.0,0.0,0.0,0.0,0.0,0.06,0.0
2026-04-07,PANC_104,Chipura,0.0,33.5,53.6,50.8,-1.0,0.4,45,0.0,0.0,0.0,0.0,0.0,-0.03,0.0
2026-04-07,PANC_105,Sonagopalpur,0.0,33.5,53.6,52.0,0.2,0.6,85,0.0,0.0,0.0,0.0,0.0,0.01,0.0
2026-04-07,PANC_106,Tarangpur,0.0,33.5,53.6,49.5,-2.3,0.3,5,0.0,0.0,0.0,0.0,0.8,-0.06,0.0
2026-04-08,PANC_001,Wagholi,15.5,30.3,60.0,590.0,9.5,4.2,90,0.0,-0.87,0.33,14.8,11.1,0.24,13.8
2026-04-08,PANC_002,Hadapsar Rural,15.5,30.3,60.0,560.0,-20.5,2.1,0,0.0,0.47,0.66,16.0,10.4,-0.51,14.4
2026-04-08,PANC_003,Manjari Khurd,15.5,30.3,60.0,552.0,-28.5,1.8,85,0.0,-0.53,1.25,14.9,12.0,-0.71,15.1
2026-04-08,PANC_004,Phursungi,15.5,30.3,60.0,575.0,-5.5,3.5,180,1.0,-0.87,0.33,14.6,13.2,-0.14,16.7
2026-04-08,PANC_005,Loni Kalbhor,15.5,30.3,60.0,548.0,-32.5,1.5,95,0.0,-0.1,0.96,15.6,11.2,-0.81,14.4
2026-04-08,PANC_006,Uruli Kanchan,15.5,30.3,60.0,540.0,-40.5,1.2,45,0.0,-0.1,0.96,15.1,10.6,-1.01,14.4
2026-04-08,PANC_007,Khed Shivapur,15.5,30.3,60.0,645.0,64.5,8.5,245,1.0,-0.27,0.62,15.2,12.2,1.61,16.1
2026-04-08,PANC_008,Kondhwa Budruk,15.5,30.3,60.0,610.0,29.5,6.1,225,1.0,-0.23,1.02,15.3,10.6,0.74,16.1
2026-04-08,PANC_009,Dhayari,15.5,30.3,60.0,620.0,39.5,7.0,260,1.0,0.2,0.57,15.1,12.4,0.99,14.7
2026-04-08,PANC_010,Nanded Gramin,15.5,30.3,60.0,565.0,-15.5,2.8,10,0.0,0.13,0.66,14.8,10.7,-0.39,14.9
2026-04-08,PANC_101,Sampatchak Gramin,15.5,30.3,60.0,53.0,1.2,0.8,10,0.0,0.2,1.07,15.5,12.2,0.03,16.6
2026-04-08,PANC_102,Bairiya,15.5,30.3,60.0,51.5,-0.3,0.5,90,0.0,0.4,0.67,16.0,9.7,-0.01,14.3
2026-04-08,PANC_103,Kanhauli,15.5,30.3,60.0,54.2,2.4,1.1,180,1.0,1.03,0.33,16.6,12.5,0.06,15.9
2026-04-08,PANC_104,Chipura,15.5,30.3,60.0,50.8,-1.0,0.4,45,0.0,0.43,1.16,15.7,11.7,-0.03,15.0
2026-04-08,PANC_105,Sonagopalpur,15.5,30.3,60.0,52.0,0.2,0.6,85,0.0,0.33,0.65,15.9,12.4,0.01,16.9
2026-04-08,PANC_106,Tarangpur,15.5,30.3,60.0,49.5,-2.3,0.3,5,0.0,0.1,0.96,15.7,10.2,-0.06,16.1
2026-04-09,PANC_001,Wagholi,0.0,30.9,72.2,590.0,9.5,4.2,90,0.0,0.0,0.0,0.0,0.0,0.24,0.0
2026-04-09,PANC_002,Hadapsar Rural,0.0,30.9,72.2,560.0,-20.5,2.1,0,0.0,0.0,0.0,0.0,0.0,-0.51,0.0
2026-04-09,PANC_003,Manjari Khurd,0.0,30.9,72.2,552.0,-28.5,1.8,85,0.0,0.0,0.0,0.0,0.2,-0.71,0.0
2026-04-09,PANC_004,Phursungi,0.0,30.9,72.2,575.0,-5.5,3.5,180,1.0,0.0,0.0,0.0,0.0,-0.14,0.0
2026-04-09,PANC_005,Loni Kalbhor,0.0,30.9,72.2,548.0,-32.5,1.5,95,0.0,0.0,0.0,0.0,0.0,-0.81,0.0
2026-04-09,PANC_006,Uruli Kanchan,0.0,30.9,72.2,540.0,-40.5,1.2,45,0.0,0.0,0.0,0.0,0.8,-1.01,0.0
2026-04-09,PANC_007,Khed Shivapur,0.0,30.9,72.2,645.0,64.5,8.5,245,1.0,0.0,0.0,0.0,0.0,1.61,0.0
2026-04-09,PANC_008,Kondhwa Budruk,0.0,30.9,72.2,610.0,29.5,6.1,225,1.0,0.0,0.0,0.0,0.0,0.74,0.0
2026-04-09,PANC_009,Dhayari,0.0,30.9,72.2,620.0,39.5,7.0,260,1.0,0.0,0.0,0.0,1.8,0.99,0.0
2026-04-09,PANC_010,Nanded Gramin,0.0,30.9,72.2,565.0,-15.5,2.8,10,0.0,0.0,0.0,0.0,1.5,-0.39,0.0
2026-04-09,PANC_101,Sampatchak Gramin,0.0,30.9,72.2,53.0,1.2,0.8,10,0.0,0.0,0.0,0.0,0.4,0.03,0.0
2026-04-09,PANC_102,Bairiya,0.0,30.9,72.2,51.5,-0.3,0.5,90,0.0,0.0,0.0,0.0,0.9,-0.01,0.0
2026-04-09,PANC_103,Kanhauli,0.0,30.9,72.2,54.2,2.4,1.1,180,1.0,0.0,0.0,0.0,0.0,0.06,0.0
2026-04-09,PANC_104,Chipura,0.0,30.9,72.2,50.8,-1.0,0.4,45,0.0,0.0,0.0,0.0,0.0,-0.03,0.0
2026-04-09,PANC_105,Sonagopalpur,0.0,30.9,72.2,52.0,0.2,0.6,85,0.0,0.0,0.0,0.0,0.0,0.01,0.0
2026-04-09,PANC_106,Tarangpur,0.0,30.9,72.2,49.5,-2.3,0.3,5,0.0,0.0,0.0,0.0,0.0,-0.06,0.0
2026-04-10,PANC_001,Wagholi,0.0,31.5,50.8,590.0,9.5,4.2,90,0.0,0.0,0.0,0.0,0.0,0.24,0.0
2026-04-10,PANC_002,Hadapsar Rural,0.0,31.5,50.8,560.0,-20.5,2.1,0,0.0,0.0,0.0,0.0,0.0,-0.51,0.0
2026-04-10,PANC_003,Manjari Khurd,0.0,31.5,50.8,552.0,-28.5,1.8,85,0.0,0.0,0.0,0.0,0.0,-0.71,0.0
2026-04-10,PANC_004,Phursungi,0.0,31.5,50.8,575.0,-5.5,3.5,180,1.0,0.0,0.0,0.0,0.0,-0.14,0.0
2026-04-10,PANC_005,Loni Kalbhor,0.0,31.5,50.8,548.0,-32.5,1.5,95,0.0,0.0,0.0,0.0,1.9,-0.81,0.0
2026-04-10,PANC_006,Uruli Kanchan,0.0,31.5,50.8,540.0,-40.5,1.2,45,0.0,0.0,0.0,0.0,0.6,-1.01,0.0
2026-04-10,PANC_007,Khed Shivapur,0.0,31.5,50.8,645.0,64.5,8.5,245,1.0,0.0,0.0,0.0,0.2,1.61,0.0
2026-04-10,PANC_008,Kondhwa Budruk,0.0,31.5,50.8,610.0,29.5,6.1,225,1.0,0.0,0.0,0.0,0.0,0.74,0.0
2026-04-10,PANC_009,Dhayari,0.0,31.5,50.8,620.0,39.5,7.0,260,1.0,0.0,0.0,0.0,0.0,0.99,0.0
2026-04-10,PANC_010,Nanded Gramin,0.0,31.5,50.8,565.0,-15.5,2.8,10,0.0,0.0,0.0,0.0,0.9,-0.39,0.0
2026-04-10,PANC_101,Sampatchak Gramin,0.0,31.5,50.8,53.0,1.2,0.8,10,0.0,0.0,0.0,0.0,0.0,0.03,0.0
2026-04-10,PANC_102,Bairiya,0.0,31.5,50.8,51.5,-0.3,0.5,90,0.0,0.0,0.0,0.0,0.5,-0.01,0.0
2026-04-10,PANC_103,Kanhauli,0.0,31.5,50.8,54.2,2.4,1.1,180,1.0,0.0,0.0,0.0,0.0,0.06,0.0
2026-04-10,PANC_104,Chipura,0.0,31.5,50.8,50.8,-1.0,0.4,45,0.0,0.0,0.0,0.0,1.6,-0.03,0.0
2026-04-10,PANC_105,Sonagopalpur,0.0,31.5,50.8,52.0,0.2,0.6,85,0.0,0.0,0.0,0.0,0.6,0.01,0.0
2026-04-10,PANC_106,Tarangpur,0.0,31.5,50.8,49.5,-2.3,0.3,5,0.0,0.0,0.0,0.0,1.0,-0.06,0.0
2026-04-11,PANC_001,Wagholi,0.0,31.2,54.0,590.0,9.5,4.2,90,0.0,0.0,0.0,0.0,0.0,0.24,0.0
2026-04-11,PANC_002,Hadapsar Rural,0.0,31.2,54.0,560.0,-20.5,2.1,0,0.0,0.0,0.0,0.0,1.1,-0.51,0.0
2026-04-11,PANC_003,Manjari Khurd,0.0,31.2,54.0,552.0,-28.5,1.8,85,0.0,0.0,0.0,0.0,0.1,-0.71,0.0
2026-04-11,PANC_004,Phursungi,0.0,31.2,54.0,575.0,-5.5,3.5,180,1.0,0.0,0.0,0.0,0.0,-0.14,0.0
2026-04-11,PANC_005,Loni Kalbhor,0.0,31.2,54.0,548.0,-32.5,1.5,95,0.0,0.0,0.0,0.0,0.9,-0.81,0.0
2026-04-11,PANC_006,Uruli Kanchan,0.0,31.2,54.0,540.0,-40.5,1.2,45,0.0,0.0,0.0,0.0,0.0,-1.01,0.0
2026-04-11,PANC_007,Khed Shivapur,0.0,31.2,54.0,645.0,64.5,8.5,245,1.0,0.0,0.0,0.0,0.0,1.61,0.0
2026-04-11,PANC_008,Kondhwa Budruk,0.0,31.2,54.0,610.0,29.5,6.1,225,1.0,0.0,0.0,0.0,0.1,0.74,0.0
2026-04-11,PANC_009,Dhayari,0.0,31.2,54.0,620.0,39.5,7.0,260,1.0,0.0,0.0,0.0,0.0,0.99,0.0
2026-04-11,PANC_010,Nanded Gramin,0.0,31.2,54.0,565.0,-15.5,2.8,10,0.0,0.0,0.0,0.0,0.1,-0.39,0.0
2026-04-11,PANC_101,Sampatchak Gramin,0.0,31.2,54.0,53.0,1.2,0.8,10,0.0,0.0,0.0,0.0,0.0,0.03,0.0
2026-04-11,PANC_102,Bairiya,0.0,31.2,54.0,51.5,-0.3,0.5,90,0.0,1.67,2.36,1.5,0.0,-0.01,0.0
2026-04-11,PANC_103,Kanhauli,0.0,31.2,54.0,54.2,2.4,1.1,180,1.0,0.0,0.0,0.0,0.1,0.06,0.0
2026-04-11,PANC_104,Chipura,0.0,31.2,54.0,50.8,-1.0,0.4,45,0.0,0.0,0.0,0.0,2.7,-0.03,5.0
2026-04-11,PANC_105,Sonagopalpur,0.0,31.2,54.0,52.0,0.2,0.6,85,0.0,1.67,2.36,1.3,0.1,0.01,0.0
2026-04-11,PANC_106,Tarangpur,0.0,31.2,54.0,49.5,-2.3,0.3,5,0.0,0.0,0.0,0.0,1.1,-0.06,0.0
2026-04-12,PANC_001,Wagholi,0.0,32.2,58.7,590.0,9.5,4.2,90,0.0,0.0,0.0,0.0,0.6,0.24,0.0
2026-04-12,PANC_002,Hadapsar Rural,0.0,32.2,58.7,560.0,-20.5,2.1,0,0.0,0.03,0.05,0.0,0.7,-0.51,0.0
2026-04-12,PANC_003,Manjari Khurd,0.0,32.2,58.7,552.0,-28.5,1.8,85,0.0,0.03,0.05,0.0,0.0,-0.71,0.0
2026-04-12,PANC_004,Phursungi,0.0,32.2,58.7,575.0,-5.5,3.5,180,1.0,0.0,0.0,0.0,0.1,-0.14,0.1
2026-04-12,PANC_005,Loni Kalbhor,0.0,32.2,58.7,548.0,-32.5,1.5,95,0.0,0.03,0.05,0.0,0.1,-0.81,0.0
2026-04-12,PANC_006,Uruli Kanchan,0.0,32.2,58.7,540.0,-40.5,1.2,45,0.0,0.03,0.05,0.0,0.0,-1.01,0.0
2026-04-12,PANC_007,Khed Shivapur,0.0,32.2,58.7,645.0,64.5,8.5,245,1.0,0.0,0.0,0.0,0.8,1.61,0.0
2026-04-12,PANC_008,Kondhwa Budruk,0.0,32.2,58.7,610.0,29.5,6.1,225,1.0,0.03,0.05,0.0,0.5,0.74,0.0
2026-04-12,PANC_009,Dhayari,0.0,32.2,58.7,620.0,39.5,7.0,260,1.0,0.0,0.0,0.0,0.4,0.99,0.0
2026-04-12,PANC_010,Nanded Gramin,0.0,32.2,58.7,565.0,-15.5,2.8,10,0.0,0.0,0.0,0.0,0.1,-0.39,0.0
2026-04-12,PANC_101,Sampatchak Gramin,0.0,32.2,58.7,53.0,1.2,0.8,10,0.0,0.0,0.0,0.0,1.5,0.03,0.0
2026-04-12,PANC_102,Bairiya,0.0,32.2,58.7,51.5,-0.3,0.5,90,0.0,0.0,0.0,0.0,1.2,-0.01,0.0
2026-04-12,PANC_103,Kanhauli,0.0,32.2,58.7,54.2,2.4,1.1,180,1.0,0.0,0.0,0.0,0.7,0.06,0.0
2026-04-12,PANC_104,Chipura,0.0,32.2,58.7,50.8,-1.0,0.4,45,0.0,0.0,0.0,0.0,0.6,-0.03,0.0
2026-04-12,PANC_105,Sonagopalpur,0.0,32.2,58.7,52.0,0.2,0.6,85,0.0,0.0,0.0,0.0,0.0,0.01,0.0
2026-04-12,PANC_106,Tarangpur,0.0,32.2,58.7,49.5,-2.3,0.3,5,0.0,0.0,0.0,0.0,0.0,-0.06,0.0
2026-04-13,PANC_001,Wagholi,0.0,34.9,61.7,590.0,9.5,4.2,90,0.0,0.73,1.04,0.5,0.0,0.24,0.0
2026-04-13,PANC_002,Hadapsar Rural,0.0,34.9,61.7,560.0,-20.5,2.1,0,0.0,0.0,0.0,0.0,1.5,-0.51,2.2
2026-04-13,PANC_003,Manjari Khurd,0.0,34.9,61.7,552.0,-28.5,1.8,85,0.0,0.73,1.04,0.9,1.0,-0.71,0.0
2026-04-13,PANC_004,Phursungi,0.0,34.9,61.7,575.0,-5.5,3.5,180,1.0,0.73,1.04,1.0,0.0,-0.14,0.0
2026-04-13,PANC_005,Loni Kalbhor,0.0,34.9,61.7,548.0,-32.5,1.5,95,0.0,0.73,1.04,0.4,0.0,-0.81,0.0
2026-04-13,PANC_006,Uruli Kanchan,0.0,34.9,61.7,540.0,-40.5,1.2,45,0.0,0.0,0.0,0.0,0.0,-1.01,0.0
2026-04-13,PANC_007,Khed Shivapur,0.0,34.9,61.7,645.0,64.5,8.5,245,1.0,0.0,0.0,0.0,0.0,1.61,0.0
2026-04-13,PANC_008,Kondhwa Budruk,0.0,34.9,61.7,610.0,29.5,6.1,225,1.0,0.73,1.04,0.8,0.1,0.74,0.0
2026-04-13,PANC_009,Dhayari,0.0,34.9,61.7,620.0,39.5,7.0,260,1.0,0.0,0.0,0.0,0.3,0.99,0.0
2026-04-13,PANC_010,Nanded Gramin,0.0,34.9,61.7,565.0,-15.5,2.8,10,0.0,0.0,0.0,0.0,0.0,-0.39,0.0
2026-04-13,PANC_101,Sampatchak Gramin,0.0,34.9,61.7,53.0,1.2,0.8,10,0.0,0.0,0.0,0.0,0.0,0.03,0.0
2026-04-13,PANC_102,Bairiya,0.0,34.9,61.7,51.5,-0.3,0.5,90,0.0,0.27,0.38,0.2,1.3,-0.01,0.0
2026-04-13,PANC_103,Kanhauli,0.0,34.9,61.7,54.2,2.4,1.1,180,1.0,0.0,0.0,0.0,1.9,0.06,0.0
2026-04-13,PANC_104,Chipura,0.0,34.9,61.7,50.8,-1.0,0.4,45,0.0,0.0,0.0,0.0,0.7,-0.03,0.8
2026-04-13,PANC_105,Sonagopalpur,0.0,34.9,61.7,52.0,0.2,0.6,85,0.0,0.27,0.38,0.2,0.0,0.01,0.0
2026-04-13,PANC_106,Tarangpur,0.0,34.9,61.7,49.5,-2.3,0.3,5,0.0,0.0,0.0,0.0,1.2,-0.06,0.0
2026-04-14,PANC_001,Wagholi,0.0,28.7,48.9,590.0,9.5,4.2,90,0.0,0.0,0.0,0.0,0.6,0.24,0.0
2026-04-14,PANC_002,Hadapsar Rural,0.0,28.7,48.9,560.0,-20.5,2.1,0,0.0,0.0,0.0,0.0,0.0,-0.51,0.0
2026-04-14,PANC_003,Manjari Khurd,0.0,28.7,48.9,552.0,-28.5,1.8,85,0.0,0.0,0.0,0.0,0.9,-0.71,0.0
2026-04-14,PANC_004,Phursungi,0.0,28.7,48.9,575.0,-5.5,3.5,180,1.0,0.0,0.0,0.0,0.0,-0.14,0.0
2026-04-14,PANC_005,Loni Kalbhor,0.0,28.7,48.9,548.0,-32.5,1.5,95,0.0,0.0,0.0,0.0,0.0,-0.81,0.0
2026-04-14,PANC_006,Uruli Kanchan,0.0,28.7,48.9,540.0,-40.5,1.2,45,0.0,0.0,0.0,0.0,0.0,-1.01,0.0
2026-04-14,PANC_007,Khed Shivapur,0.0,28.7,48.9,645.0,64.5,8.5,245,1.0,0.0,0.0,0.0,1.0,1.61,0.0
2026-04-14,PANC_008,Kondhwa Budruk,0.0,28.7,48.9,610.0,29.5,6.1,225,1.0,0.0,0.0,0.0,1.2,0.74,0.0
2026-04-14,PANC_009,Dhayari,0.0,28.7,48.9,620.0,39.5,7.0,260,1.0,0.0,0.0,0.0,0.9,0.99,0.0
2026-04-14,PANC_010,Nanded Gramin,0.0,28.7,48.9,565.0,-15.5,2.8,10,0.0,0.0,0.0,0.0,0.4,-0.39,0.0
2026-04-14,PANC_101,Sampatchak Gramin,0.0,28.7,48.9,53.0,1.2,0.8,10,0.0,0.0,0.0,0.0,0.2,0.03,0.0
2026-04-14,PANC_102,Bairiya,0.0,28.7,48.9,51.5,-0.3,0.5,90,0.0,0.0,0.0,0.0,0.0,-0.01,0.0
2026-04-14,PANC_103,Kanhauli,0.0,28.7,48.9,54.2,2.4,1.1,180,1.0,0.0,0.0,0.0,0.0,0.06,0.0
2026-04-14,PANC_104,Chipura,0.0,28.7,48.9,50.8,-1.0,0.4,45,0.0,0.0,0.0,0.0,0.0,-0.03,0.0
2026-04-14,PANC_105,Sonagopalpur,0.0,28.7,48.9,52.0,0.2,0.6,85,0.0,0.0,0.0,0.0,0.0,0.01,0.0
2026-04-14,PANC_106,Tarangpur,0.0,28.7,48.9,49.5,-2.3,0.3,5,0.0,0.0,0.0,0.0,0.8,-0.06,0.0
2026-04-15,PANC_001,Wagholi,0.0,30.9,61.5,590.0,9.5,4.2,90,0.0,0.0,0.0,0.0,0.0,0.24,0.0
2026-04-15,PANC_002,Hadapsar Rural,0.0,30.9,61.5,560.0,-20.5,2.1,0,0.0,0.43,0.61,0.2,1.2,-0.51,0.0
2026-04-15,PANC_003,Manjari Khurd,0.0,30.9,61.5,552.0,-28.5,1.8,85,0.0,0.0,0.0,0.0,0.2,-0.71,0.0
2026-04-15,PANC_004,Phursungi,0.0,30.9,61.5,575.0,-5.5,3.5,180,1.0,0.0,0.0,0.0,0.0,-0.14,0.0
2026-04-15,PANC_005,Loni Kalbhor,0.0,30.9,61.5,548.0,-32.5,1.5,95,0.0,0.0,0.0,0.0,0.0,-0.81,0.0
2026-04-15,PANC_006,Uruli Kanchan,0.0,30.9,61.5,540.0,-40.5,1.2,45,0.0,0.0,0.0,0.0,0.1,-1.01,0.0
2026-04-15,PANC_007,Khed Shivapur,0.0,30.9,61.5,645.0,64.5,8.5,245,1.0,0.43,0.61,0.4,0.0,1.61,0.0
2026-04-15,PANC_008,Kondhwa Budruk,0.0,30.9,61.5,610.0,29.5,6.1,225,1.0,0.0,0.0,0.0,0.1,0.74,1.3
2026-04-15,PANC_009,Dhayari,0.0,30.9,61.5,620.0,39.5,7.0,260,1.0,0.43,0.61,0.1,1.0,0.99,0.0
2026-04-15,PANC_010,Nanded Gramin,0.0,30.9,61.5,565.0,-15.5,2.8,10,0.0,0.43,0.61,0.1,0.0,-0.39,0.0
2026-04-15,PANC_101,Sampatchak Gramin,0.0,30.9,61.5,53.0,1.2,0.8,10,0.0,0.0,0.0,0.0,0.1,0.03,0.0
2026-04-15,PANC_102,Bairiya,0.0,30.9,61.5,51.5,-0.3,0.5,90,0.0,0.0,0.0,0.0,0.2,-0.01,0.0
2026-04-15,PANC_103,Kanhauli,0.0,30.9,61.5,54.2,2.4,1.1,180,1.0,0.0,0.0,0.0,0.0,0.06,0.0
2026-04-15,PANC_104,Chipura,0.0,30.9,61.5,50.8,-1.0,0.4,45,0.0,0.0,0.0,0.0,1.2,-0.03,0.0
2026-04-15,PANC_105,Sonagopalpur,0.0,30.9,61.5,52.0,0.2,0.6,85,0.0,0.0,0.0,0.0,0.0,0.01,0.0
2026-04-15,PANC_106,Tarangpur,0.0,30.9,61.5,49.5,-2.3,0.3,5,0.0,0.0,0.0,0.0,0.2,-0.06,0.0
2026-04-16,PANC_001,Wagholi,0.0,33.7,68.9,590.0,9.5,4.2,90,0.0,0.0,0.0,0.0,0.0,0.24,0.0
2026-04-16,PANC_002,Hadapsar Rural,0.0,33.7,68.9,560.0,-20.5,2.1,0,0.0,0.0,0.0,0.0,0.1,-0.51,0.0
2026-04-16,PANC_003,Manjari Khurd,0.0,33.7,68.9,552.0,-28.5,1.8,85,0.0,0.0,0.0,0.0,0.6,-0.71,0.0
2026-04-16,PANC_004,Phursungi,0.0,33.7,68.9,575.0,-5.5,3.5,180,1.0,0.0,0.0,0.0,0.5,-0.14,0.0
2026-04-16,PANC_005,Loni Kalbhor,0.0,33.7,68.9,548.0,-32.5,1.5,95,0.0,0.0,0.0,0.0,0.9,-0.81,0.0
2026-04-16,PANC_006,Uruli Kanchan,0.0,33.7,68.9,540.0,-40.5,1.2,45,0.0,0.0,0.0,0.0,0.0,-1.01,0.0
2026-04-16,PANC_007,Khed Shivapur,0.0,33.7,68.9,645.0,64.5,8.5,245,1.0,0.0,0.0,0.0,0.0,1.61,0.0
2026-04-16,PANC_008,Kondhwa Budruk,0.0,33.7,68.9,610.0,29.5,6.1,225,1.0,0.0,0.0,0.0,0.0,0.74,0.0
2026-04-16,PANC_009,Dhayari,0.0,33.7,68.9,620.0,39.5,7.0,260,1.0,0.0,0.0,0.0,0.3,0.99,0.0
2026-04-16,PANC_010,Nanded Gramin,0.0,33.7,68.9,565.0,-15.5,2.8,10,0.0,0.0,0.0,0.0,1.4,-0.39,0.0
2026-04-16,PANC_101,Sampatchak Gramin,0.0,33.7,68.9,53.0,1.2,0.8,10,0.0,0.23,0.33,0.3,0.0,0.03,0.0
2026-04-16,PANC_102,Bairiya,0.0,33.7,68.9,51.5,-0.3,0.5,90,0.0,0.0,0.0,0.0,1.1,-0.01,0.7
2026-04-16,PANC_103,Kanhauli,0.0,33.7,68.9,54.2,2.4,1.1,180,1.0,0.0,0.0,0.0,0.8,0.06,0.0
2026-04-16,PANC_104,Chipura,0.0,33.7,68.9,50.8,-1.0,0.4,45,0.0,0.23,0.33,0.3,0.0,-0.03,0.0
2026-04-16,PANC_105,Sonagopalpur,0.0,33.7,68.9,52.0,0.2,0.6,85,0.0,0.0,0.0,0.0,0.3,0.01,0.0
2026-04-16,PANC_106,Tarangpur,0.0,33.7,68.9,49.5,-2.3,0.3,5,0.0,0.23,0.33,0.2,0.0,-0.06,0.0
2026-04-17,PANC_001,Wagholi,0.0,32.6,54.6,590.0,9.5,4.2,90,0.0,0.0,0.0,0.0,0.0,0.24,0.0
2026-04-17,PANC_002,Hadapsar Rural,0.0,32.6,54.6,560.0,-20.5,2.1,0,0.0,0.0,0.0,0.0,0.0,-0.51,0.0
2026-04-17,PANC_003,Manjari Khurd,0.0,32.6,54.6,552.0,-28.5,1.8,85,0.0,0.0,0.0,0.0,0.6,-0.71,0.0
2026-04-17,PANC_004,Phursungi,0.0,32.6,54.6,575.0,-5.5,3.5,180,1.0,0.0,0.0,0.0,0.0,-0.14,0.0
2026-04-17,PANC_005,Loni Kalbhor,0.0,32.6,54.6,548.0,-32.5,1.5,95,0.0,0.0,0.0,0.0,0.0,-0.81,0.0
2026-04-17,PANC_006,Uruli Kanchan,0.0,32.6,54.6,540.0,-40.5,1.2,45,0.0,0.0,0.0,0.0,0.0,-1.01,0.0
2026-04-17,PANC_007,Khed Shivapur,0.0,32.6,54.6,645.0,64.5,8.5,245,1.0,0.0,0.0,0.0,0.3,1.61,0.0
2026-04-17,PANC_008,Kondhwa Budruk,0.0,32.6,54.6,610.0,29.5,6.1,225,1.0,0.0,0.0,0.0,0.2,0.74,0.0
2026-04-17,PANC_009,Dhayari,0.0,32.6,54.6,620.0,39.5,7.0,260,1.0,0.0,0.0,0.0,0.0,0.99,0.0
2026-04-17,PANC_010,Nanded Gramin,0.0,32.6,54.6,565.0,-15.5,2.8,10,0.0,0.0,0.0,0.0,0.0,-0.39,0.0
2026-04-17,PANC_101,Sampatchak Gramin,0.0,32.6,54.6,53.0,1.2,0.8,10,0.0,0.0,0.0,0.0,1.2,0.03,0.0
2026-04-17,PANC_102,Bairiya,0.0,32.6,54.6,51.5,-0.3,0.5,90,0.0,0.0,0.0,0.0,0.0,-0.01,0.0
2026-04-17,PANC_103,Kanhauli,0.0,32.6,54.6,54.2,2.4,1.1,180,1.0,0.0,0.0,0.0,0.0,0.06,0.0
2026-04-17,PANC_104,Chipura,0.0,32.6,54.6,50.8,-1.0,0.4,45,0.0,0.0,0.0,0.0,0.4,-0.03,0.0
2026-04-17,PANC_105,Sonagopalpur,0.0,32.6,54.6,52.0,0.2,0.6,85,0.0,0.0,0.0,0.0,0.0,0.01,0.0
2026-04-17,PANC_106,Tarangpur,0.0,32.6,54.6,49.5,-2.3,0.3,5,0.0,0.0,0.0,0.0,0.0,-0.06,0.0
2026-04-18,PANC_001,Wagholi,0.0,35.0,72.7,590.0,9.5,4.2,90,0.0,0.0,0.0,0.0,0.9,0.24,0.0
2026-04-18,PANC_002,Hadapsar Rural,0.0,35.0,72.7,560.0,-20.5,2.1,0,0.0,0.0,0.0,0.0,0.0,-0.51,0.0
2026-04-18,PANC_003,Manjari Khurd,0.0,35.0,72.7,552.0,-28.5,1.8,85,0.0,0.0,0.0,0.0,0.1,-0.71,0.0
2026-04-18,PANC_004,Phursungi,0.0,35.0,72.7,575.0,-5.5,3.5,180,1.0,0.0,0.0,0.0,0.0,-0.14,0.0
2026-04-18,PANC_005,Loni Kalbhor,0.0,35.0,72.7,548.0,-32.5,1.5,95,0.0,0.0,0.0,0.0,0.5,-0.81,0.0
2026-04-18,PANC_006,Uruli Kanchan,0.0,35.0,72.7,540.0,-40.5,1.2,45,0.0,0.0,0.0,0.0,0.1,-1.01,0.0
2026-04-18,PANC_007,Khed Shivapur,0.0,35.0,72.7,645.0,64.5,8.5,245,1.0,0.0,0.0,0.0,1.3,1.61,0.0
2026-04-18,PANC_008,Kondhwa Budruk,0.0,35.0,72.7,610.0,29.5,6.1,225,1.0,0.0,0.0,0.0,0.0,0.74,0.0
2026-04-18,PANC_009,Dhayari,0.0,35.0,72.7,620.0,39.5,7.0,260,1.0,0.0,0.0,0.0,0.4,0.99,0.0
2026-04-18,PANC_010,Nanded Gramin,0.0,35.0,72.7,565.0,-15.5,2.8,10,0.0,0.0,0.0,0.0,0.0,-0.39,0.0
2026-04-18,PANC_101,Sampatchak Gramin,0.0,35.0,72.7,53.0,1.2,0.8,10,0.0,0.0,0.0,0.0,0.0,0.03,0.0
2026-04-18,PANC_102,Bairiya,0.0,35.0,72.7,51.5,-0.3,0.5,90,0.0,0.0,0.0,0.0,0.0,-0.01,0.0
2026-04-18,PANC_103,Kanhauli,0.0,35.0,72.7,54.2,2.4,1.1,180,1.0,0.0,0.0,0.0,1.1,0.06,0.0
2026-04-18,PANC_104,Chipura,0.0,35.0,72.7,50.8,-1.0,0.4,45,0.0,0.0,0.0,0.0,0.8,-0.03,0.0
2026-04-18,PANC_105,Sonagopalpur,0.0,35.0,72.7,52.0,0.2,0.6,85,0.0,0.0,0.0,0.0,0.0,0.01,0.0
2026-04-18,PANC_106,Tarangpur,0.0,35.0,72.7,49.5,-2.3,0.3,5,0.0,0.0,0.0,0.0,0.2,-0.06,0.0
2026-04-19,PANC_001,Wagholi,0.0,33.1,64.5,590.0,9.5,4.2,90,0.0,0.0,0.0,0.0,0.0,0.24,0.0
2026-04-19,PANC_002,Hadapsar Rural,0.0,33.1,64.5,560.0,-20.5,2.1,0,0.0,0.0,0.0,0.0,1.5,-0.51,0.0
2026-04-19,PANC_003,Manjari Khurd,0.0,33.1,64.5,552.0,-28.5,1.8,85,0.0,0.0,0.0,0.0,0.6,-0.71,0.0
2026-04-19,PANC_004,Phursungi,0.0,33.1,64.5,575.0,-5.5,3.5,180,1.0,0.0,0.0,0.0,0.0,-0.14,0.0
2026-04-19,PANC_005,Loni Kalbhor,0.0,33.1,64.5,548.0,-32.5,1.5,95,0.0,0.0,0.0,0.0,0.0,-0.81,0.0
2026-04-19,PANC_006,Uruli Kanchan,0.0,33.1,64.5,540.0,-40.5,1.2,45,0.0,0.0,0.0,0.0,0.0,-1.01,0.0
2026-04-19,PANC_007,Khed Shivapur,0.0,33.1,64.5,645.0,64.5,8.5,245,1.0,0.0,0.0,0.0,1.7,1.61,0.0
2026-04-19,PANC_008,Kondhwa Budruk,0.0,33.1,64.5,610.0,29.5,6.1,225,1.0,0.0,0.0,0.0,0.0,0.74,0.0
2026-04-19,PANC_009,Dhayari,0.0,33.1,64.5,620.0,39.5,7.0,260,1.0,0.0,0.0,0.0,0.0,0.99,0.0
2026-04-19,PANC_010,Nanded Gramin,0.0,33.1,64.5,565.0,-15.5,2.8,10,0.0,0.0,0.0,0.0,0.4,-0.39,0.0
2026-04-19,PANC_101,Sampatchak Gramin,0.0,33.1,64.5,53.0,1.2,0.8,10,0.0,0.0,0.0,0.0,1.0,0.03,0.0
2026-04-19,PANC_102,Bairiya,0.0,33.1,64.5,51.5,-0.3,0.5,90,0.0,0.0,0.0,0.0,0.0,-0.01,0.0
2026-04-19,PANC_103,Kanhauli,0.0,33.1,64.5,54.2,2.4,1.1,180,1.0,0.0,0.0,0.0,0.0,0.06,0.0
2026-04-19,PANC_104,Chipura,0.0,33.1,64.5,50.8,-1.0,0.4,45,0.0,0.0,0.0,0.0,0.2,-0.03,0.0
2026-04-19,PANC_105,Sonagopalpur,0.0,33.1,64.5,52.0,0.2,0.6,85,0.0,0.0,0.0,0.0,1.1,0.01,0.0
2026-04-19,PANC_106,Tarangpur,0.0,33.1,64.5,49.5,-2.3,0.3,5,0.0,0.0,0.0,0.0,0.0,-0.06,0.0
2026-04-20,PANC_001,Wagholi,0.0,30.5,64.8,590.0,9.5,4.2,90,0.0,0.0,0.0,0.0,0.1,0.24,0.0
2026-04-20,PANC_002,Hadapsar Rural,0.0,30.5,64.8,560.0,-20.5,2.1,0,0.0,0.0,0.0,0.0,0.0,-0.51,0.0
2026-04-20,PANC_003,Manjari Khurd,0.0,30.5,64.8,552.0,-28.5,1.8,85,0.0,0.0,0.0,0.0,1.8,-0.71,0.0
2026-04-20,PANC_004,Phursungi,0.0,30.5,64.8,575.0,-5.5,3.5,180,1.0,0.0,0.0,0.0,0.0,-0.14,0.0
2026-04-20,PANC_005,Loni Kalbhor,0.0,30.5,64.8,548.0,-32.5,1.5,95,0.0,0.0,0.0,0.0,0.9,-0.81,0.0
2026-04-20,PANC_006,Uruli Kanchan,0.0,30.5,64.8,540.0,-40.5,1.2,45,0.0,0.0,0.0,0.0,0.0,-1.01,0.0
2026-04-20,PANC_007,Khed Shivapur,0.0,30.5,64.8,645.0,64.5,8.5,245,1.0,0.0,0.0,0.0,1.2,1.61,0.0
2026-04-20,PANC_008,Kondhwa Budruk,0.0,30.5,64.8,610.0,29.5,6.1,225,1.0,0.0,0.0,0.0,0.0,0.74,0.0
2026-04-20,PANC_009,Dhayari,0.0,30.5,64.8,620.0,39.5,7.0,260,1.0,0.0,0.0,0.0,0.0,0.99,0.0
2026-04-20,PANC_010,Nanded Gramin,0.0,30.5,64.8,565.0,-15.5,2.8,10,0.0,0.0,0.0,0.0,0.0,-0.39,0.0
2026-04-20,PANC_101,Sampatchak Gramin,0.0,30.5,64.8,53.0,1.2,0.8,10,0.0,0.0,0.0,0.0,0.0,0.03,0.0
2026-04-20,PANC_102,Bairiya,0.0,30.5,64.8,51.5,-0.3,0.5,90,0.0,0.0,0.0,0.0,0.5,-0.01,0.0
2026-04-20,PANC_103,Kanhauli,0.0,30.5,64.8,54.2,2.4,1.1,180,1.0,0.0,0.0,0.0,0.0,0.06,0.0
2026-04-20,PANC_104,Chipura,0.0,30.5,64.8,50.8,-1.0,0.4,45,0.0,0.0,0.0,0.0,0.5,-0.03,0.0
2026-04-20,PANC_105,Sonagopalpur,0.0,30.5,64.8,52.0,0.2,0.6,85,0.0,0.0,0.0,0.0,0.0,0.01,0.0
2026-04-20,PANC_106,Tarangpur,0.0,30.5,64.8,49.5,-2.3,0.3,5,0.0,0.0,0.0,0.0,0.0,-0.06,0.0
2026-04-21,PANC_001,Wagholi,0.0,31.2,52.6,590.0,9.5,4.2,90,0.0,0.0,0.0,0.0,0.4,0.24,0.0
2026-04-21,PANC_002,Hadapsar Rural,0.0,31.2,52.6,560.0,-20.5,2.1,0,0.0,0.0,0.0,0.0,0.1,-0.51,0.0
2026-04-21,PANC_003,Manjari Khurd,0.0,31.2,52.6,552.0,-28.5,1.8,85,0.0,0.0,0.0,0.0,1.7,-0.71,0.0
2026-04-21,PANC_004,Phursungi,0.0,31.2,52.6,575.0,-5.5,3.5,180,1.0,0.0,0.0,0.0,0.0,-0.14,0.0
2026-04-21,PANC_005,Loni Kalbhor,0.0,31.2,52.6,548.0,-32.5,1.5,95,0.0,0.0,0.0,0.0,0.0,-0.81,0.0
2026-04-21,PANC_006,Uruli Kanchan,0.0,31.2,52.6,540.0,-40.5,1.2,45,0.0,0.0,0.0,0.0,0.3,-1.01,0.0
2026-04-21,PANC_007,Khed Shivapur,0.0,31.2,52.6,645.0,64.5,8.5,245,1.0,0.93,1.32,1.1,0.0,1.61,0.0
2026-04-21,PANC_008,Kondhwa Budruk,0.0,31.2,52.6,610.0,29.5,6.1,225,1.0,0.93,1.32,0.8,0.4,0.74,0.0
2026-04-21,PANC_009,Dhayari,0.0,31.2,52.6,620.0,39.5,7.0,260,1.0,0.0,0.0,0.0,1.4,0.99,2.8
2026-04-21,PANC_010,Nanded Gramin,0.0,31.2,52.6,565.0,-15.5,2.8,10,0.0,0.93,1.32,2.5,0.0,-0.39,0.0
2026-04-21,PANC_101,Sampatchak Gramin,0.0,31.2,52.6,53.0,1.2,0.8,10,0.0,0.0,0.0,0.0,1.5,0.03,0.0
2026-04-21,PANC_102,Bairiya,0.0,31.2,52.6,51.5,-0.3,0.5,90,0.0,0.0,0.0,0.0,0.0,-0.01,0.0
2026-04-21,PANC_103,Kanhauli,0.0,31.2,52.6,54.2,2.4,1.1,180,1.0,0.0,0.0,0.0,0.0,0.06,0.0
2026-04-21,PANC_104,Chipura,0.0,31.2,52.6,50.8,-1.0,0.4,45,0.0,0.0,0.0,0.0,0.9,-0.03,0.0
2026-04-21,PANC_105,Sonagopalpur,0.0,31.2,52.6,52.0,0.2,0.6,85,0.0,0.0,0.0,0.0,0.0,0.01,0.0
2026-04-21,PANC_106,Tarangpur,0.0,31.2,52.6,49.5,-2.3,0.3,5,0.0,0.0,0.0,0.0,0.0,-0.06,0.0
2026-04-22,PANC_001,Wagholi,0.0,34.7,64.5,590.0,9.5,4.2,90,0.0,0.0,0.0,0.0,1.6,0.24,0.0
2026-04-22,PANC_002,Hadapsar Rural,0.0,34.7,64.5,560.0,-20.5,2.1,0,0.0,0.0,0.0,0.0,0.0,-0.51,0.0
2026-04-22,PANC_003,Manjari Khurd,0.0,34.7,64.5,552.0,-28.5,1.8,85,0.0,0.0,0.0,0.0,0.0,-0.71,0.0
2026-04-22,PANC_004,Phursungi,0.0,34.7,64.5,575.0,-5.5,3.5,180,1.0,0.0,0.0,0.0,0.0,-0.14,0.0
2026-04-22,PANC_005,Loni Kalbhor,0.0,34.7,64.5,548.0,-32.5,1.5,95,0.0,0.0,0.0,0.0,0.4,-0.81,0.0
2026-04-22,PANC_006,Uruli Kanchan,0.0,34.7,64.5,540.0,-40.5,1.2,45,0.0,0.0,0.0,0.0,0.7,-1.01,0.0
2026-04-22,PANC_007,Khed Shivapur,0.0,34.7,64.5,645.0,64.5,8.5,245,1.0,0.0,0.0,0.0,0.8,1.61,0.0
2026-04-22,PANC_008,Kondhwa Budruk,0.0,34.7,64.5,610.0,29.5,6.1,225,1.0,0.0,0.0,0.0,0.4,0.74,0.0
2026-04-22,PANC_009,Dhayari,0.0,34.7,64.5,620.0,39.5,7.0,260,1.0,0.0,0.0,0.0,0.0,0.99,0.0
2026-04-22,PANC_010,Nanded Gramin,0.0,34.7,64.5,565.0,-15.5,2.8,10,0.0,0.0,0.0,0.0,0.0,-0.39,0.0
2026-04-22,PANC_101,Sampatchak Gramin,0.0,34.7,64.5,53.0,1.2,0.8,10,0.0,0.0,0.0,0.0,1.8,0.03,0.0
2026-04-22,PANC_102,Bairiya,0.0,34.7,64.5,51.5,-0.3,0.5,90,0.0,0.0,0.0,0.0,0.3,-0.01,0.0
2026-04-22,PANC_103,Kanhauli,0.0,34.7,64.5,54.2,2.4,1.1,180,1.0,0.0,0.0,0.0,0.3,0.06,0.0
2026-04-22,PANC_104,Chipura,0.0,34.7,64.5,50.8,-1.0,0.4,45,0.0,0.0,0.0,0.0,0.3,-0.03,0.0
2026-04-22,PANC_105,Sonagopalpur,0.0,34.7,64.5,52.0,0.2,0.6,85,0.0,0.0,0.0,0.0,0.3,0.01,0.0
2026-04-22,PANC_106,Tarangpur,0.0,34.7,64.5,49.5,-2.3,0.3,5,0.0,0.0,0.0,0.0,0.0,-0.06,0.0
2026-04-23,PANC_001,Wagholi,0.0,32.3,41.8,590.0,9.5,4.2,90,0.0,0.0,0.0,0.0,0.3,0.24,0.0
2026-04-23,PANC_002,Hadapsar Rural,0.0,32.3,41.8,560.0,-20.5,2.1,0,0.0,0.0,0.0,0.0,0.6,-0.51,0.0
2026-04-23,PANC_003,Manjari Khurd,0.0,32.3,41.8,552.0,-28.5,1.8,85,0.0,0.0,0.0,0.0,0.0,-0.71,0.0
2026-04-23,PANC_004,Phursungi,0.0,32.3,41.8,575.0,-5.5,3.5,180,1.0,0.0,0.0,0.0,0.8,-0.14,0.0
2026-04-23,PANC_005,Loni Kalbhor,0.0,32.3,41.8,548.0,-32.5,1.5,95,0.0,0.0,0.0,0.0,0.9,-0.81,0.0
2026-04-23,PANC_006,Uruli Kanchan,0.0,32.3,41.8,540.0,-40.5,1.2,45,0.0,0.0,0.0,0.0,0.0,-1.01,0.0
2026-04-23,PANC_007,Khed Shivapur,0.0,32.3,41.8,645.0,64.5,8.5,245,1.0,0.0,0.0,0.0,1.0,1.61,0.0
2026-04-23,PANC_008,Kondhwa Budruk,0.0,32.3,41.8,610.0,29.5,6.1,225,1.0,0.0,0.0,0.0,0.8,0.74,0.0
2026-04-23,PANC_009,Dhayari,0.0,32.3,41.8,620.0,39.5,7.0,260,1.0,0.0,0.0,0.0,0.0,0.99,0.0
2026-04-23,PANC_010,Nanded Gramin,0.0,32.3,41.8,565.0,-15.5,2.8,10,0.0,0.0,0.0,0.0,0.0,-0.39,0.0
2026-04-23,PANC_101,Sampatchak Gramin,0.0,32.3,41.8,53.0,1.2,0.8,10,0.0,0.0,0.0,0.0,0.0,0.03,0.0
2026-04-23,PANC_102,Bairiya,0.0,32.3,41.8,51.5,-0.3,0.5,90,0.0,0.0,0.0,0.0,0.0,-0.01,0.0
2026-04-23,PANC_103,Kanhauli,0.0,32.3,41.8,54.2,2.4,1.1,180,1.0,0.0,0.0,0.0,1.1,0.06,0.0
2026-04-23,PANC_104,Chipura,0.0,32.3,41.8,50.8,-1.0,0.4,45,0.0,0.0,0.0,0.0,0.0,-0.03,0.0
2026-04-23,PANC_105,Sonagopalpur,0.0,32.3,41.8,52.0,0.2,0.6,85,0.0,0.0,0.0,0.0,0.7,0.01,0.0
2026-04-23,PANC_106,Tarangpur,0.0,32.3,41.8,49.5,-2.3,0.3,5,0.0,0.0,0.0,0.0,0.0,-0.06,0.0
2026-04-24,PANC_001,Wagholi,0.0,33.2,63.4,590.0,9.5,4.2,90,0.0,0.0,0.0,0.0,0.0,0.24,0.0
2026-04-24,PANC_002,Hadapsar Rural,0.0,33.2,63.4,560.0,-20.5,2.1,0,0.0,0.0,0.0,0.0,0.0,-0.51,0.0
2026-04-24,PANC_003,Manjari Khurd,0.0,33.2,63.4,552.0,-28.5,1.8,85,0.0,0.0,0.0,0.0,0.0,-0.71,0.0
2026-04-24,PANC_004,Phursungi,0.0,33.2,63.4,575.0,-5.5,3.5,180,1.0,0.0,0.0,0.0,1.4,-0.14,0.0
2026-04-24,PANC_005,Loni Kalbhor,0.0,33.2,63.4,548.0,-32.5,1.5,95,0.0,0.0,0.0,0.0,0.8,-0.81,0.0
2026-04-24,PANC_006,Uruli Kanchan,0.0,33.2,63.4,540.0,-40.5,1.2,45,0.0,0.0,0.0,0.0,0.0,-1.01,0.0
2026-04-24,PANC_007,Khed Shivapur,0.0,33.2,63.4,645.0,64.5,8.5,245,1.0,0.0,0.0,0.0,0.0,1.61,0.0
2026-04-24,PANC_008,Kondhwa Budruk,0.0,33.2,63.4,610.0,29.5,6.1,225,1.0,0.0,0.0,0.0,0.2,0.74,0.0
2026-04-24,PANC_009,Dhayari,0.0,33.2,63.4,620.0,39.5,7.0,260,1.0,0.0,0.0,0.0,0.3,0.99,0.0
2026-04-24,PANC_010,Nanded Gramin,0.0,33.2,63.4,565.0,-15.5,2.8,10,0.0,0.0,0.0,0.0,0.0,-0.39,0.0
2026-04-24,PANC_101,Sampatchak Gramin,0.0,33.2,63.4,53.0,1.2,0.8,10,0.0,0.0,0.0,0.0,0.9,0.03,0.0
2026-04-24,PANC_102,Bairiya,0.0,33.2,63.4,51.5,-0.3,0.5,90,0.0,0.03,0.05,0.0,0.7,-0.01,0.0
2026-04-24,PANC_103,Kanhauli,0.0,33.2,63.4,54.2,2.4,1.1,180,1.0,0.0,0.0,0.0,0.4,0.06,0.0
2026-04-24,PANC_104,Chipura,0.0,33.2,63.4,50.8,-1.0,0.4,45,0.0,0.0,0.0,0.0,1.2,-0.03,0.1
2026-04-24,PANC_105,Sonagopalpur,0.0,33.2,63.4,52.0,0.2,0.6,85,0.0,0.03,0.05,0.0,0.4,0.01,0.0
2026-04-24,PANC_106,Tarangpur,0.0,33.2,63.4,49.5,-2.3,0.3,5,0.0,0.0,0.0,0.0,0.4,-0.06,0.0
2026-04-25,PANC_001,Wagholi,0.0,37.7,48.7,590.0,9.5,4.2,90,0.0,0.0,0.0,0.0,0.0,0.24,0.0
2026-04-25,PANC_002,Hadapsar Rural,0.0,37.7,48.7,560.0,-20.5,2.1,0,0.0,0.0,0.0,0.0,0.0,-0.51,0.0
2026-04-25,PANC_003,Manjari Khurd,0.0,37.7,48.7,552.0,-28.5,1.8,85,0.0,0.0,0.0,0.0,0.0,-0.71,0.0
2026-04-25,PANC_004,Phursungi,0.0,37.7,48.7,575.0,-5.5,3.5,180,1.0,0.0,0.0,0.0,0.7,-0.14,0.0
2026-04-25,PANC_005,Loni Kalbhor,0.0,37.7,48.7,548.0,-32.5,1.5,95,0.0,0.0,0.0,0.0,0.0,-0.81,0.0
2026-04-25,PANC_006,Uruli Kanchan,0.0,37.7,48.7,540.0,-40.5,1.2,45,0.0,0.0,0.0,0.0,0.8,-1.01,0.0
2026-04-25,PANC_007,Khed Shivapur,0.0,37.7,48.7,645.0,64.5,8.5,245,1.0,0.0,0.0,0.0,1.2,1.61,0.0
2026-04-25,PANC_008,Kondhwa Budruk,0.0,37.7,48.7,610.0,29.5,6.1,225,1.0,0.0,0.0,0.0,0.7,0.74,0.0
2026-04-25,PANC_009,Dhayari,0.0,37.7,48.7,620.0,39.5,7.0,260,1.0,0.0,0.0,0.0,0.4,0.99,0.0
2026-04-25,PANC_010,Nanded Gramin,0.0,37.7,48.7,565.0,-15.5,2.8,10,0.0,0.0,0.0,0.0,0.3,-0.39,0.0
2026-04-25,PANC_101,Sampatchak Gramin,0.0,37.7,48.7,53.0,1.2,0.8,10,0.0,0.0,0.0,0.0,0.7,0.03,0.0
2026-04-25,PANC_102,Bairiya,0.0,37.7,48.7,51.5,-0.3,0.5,90,0.0,0.0,0.0,0.0,0.1,-0.01,0.0
2026-04-25,PANC_103,Kanhauli,0.0,37.7,48.7,54.2,2.4,1.1,180,1.0,0.0,0.0,0.0,0.8,0.06,0.0
2026-04-25,PANC_104,Chipura,0.0,37.7,48.7,50.8,-1.0,0.4,45,0.0,0.0,0.0,0.0,0.5,-0.03,0.0
2026-04-25,PANC_105,Sonagopalpur,0.0,37.7,48.7,52.0,0.2,0.6,85,0.0,0.0,0.0,0.0,0.0,0.01,0.0
2026-04-25,PANC_106,Tarangpur,0.0,37.7,48.7,49.5,-2.3,0.3,5,0.0,0.0,0.0,0.0,0.7,-0.06,0.0
2026-04-26,PANC_001,Wagholi,21.5,33.5,63.0,590.0,9.5,4.2,90,0.0,0.17,0.34,21.8,16.7,0.24,22.4
2026-04-26,PANC_002,Hadapsar Rural,21.5,33.5,63.0,560.0,-20.5,2.1,0,0.0,0.43,0.65,22.1,15.7,-0.51,21.8
2026-04-26,PANC_003,Manjari Khurd,21.5,33.5,63.0,552.0,-28.5,1.8,85,0.0,0.8,0.37,22.2,16.1,-0.71,22.0
2026-04-26,PANC_004,Phursungi,21.5,33.5,63.0,575.0,-5.5,3.5,180,1.0,0.17,0.34,21.7,17.2,-0.14,22.7
2026-04-26,PANC_005,Loni Kalbhor,21.5,33.5,63.0,548.0,-32.5,1.5,95,0.0,0.67,0.39,22.2,15.5,-0.81,21.2
2026-04-26,PANC_006,Uruli Kanchan,21.5,33.5,63.0,540.0,-40.5,1.2,45,0.0,0.47,0.61,21.7,15.0,-1.01,20.2
2026-04-26,PANC_007,Khed Shivapur,21.5,33.5,63.0,645.0,64.5,8.5,245,1.0,-0.93,0.68,20.6,16.2,1.61,23.1
2026-04-26,PANC_008,Kondhwa Budruk,21.5,33.5,63.0,610.0,29.5,6.1,225,1.0,0.33,0.69,21.9,16.7,0.74,21.1
2026-04-26,PANC_009,Dhayari,21.5,33.5,63.0,620.0,39.5,7.0,260,1.0,-0.23,1.43,19.9,16.2,0.99,21.0
2026-04-26,PANC_010,Nanded Gramin,21.5,33.5,63.0,565.0,-15.5,2.8,10,0.0,0.23,0.97,21.1,15.3,-0.39,19.6
2026-04-26,PANC_101,Sampatchak Gramin,21.5,33.5,63.0,53.0,1.2,0.8,10,0.0,-0.53,0.95,20.7,17.6,0.03,22.1
2026-04-26,PANC_102,Bairiya,21.5,33.5,63.0,51.5,-0.3,0.5,90,0.0,0.17,0.61,21.9,14.3,-0.01,19.9
2026-04-26,PANC_103,Kanhauli,21.5,33.5,63.0,54.2,2.4,1.1,180,1.0,0.2,0.64,22.0,15.3,0.06,20.8
2026-04-26,PANC_104,Chipura,21.5,33.5,63.0,50.8,-1.0,0.4,45,0.0,-0.1,1.06,21.2,15.1,-0.03,22.1
2026-04-26,PANC_105,Sonagopalpur,21.5,33.5,63.0,52.0,0.2,0.6,85,0.0,0.17,0.61,21.5,19.2,0.01,22.2
2026-04-26,PANC_106,Tarangpur,21.5,33.5,63.0,49.5,-2.3,0.3,5,0.0,-0.57,0.9,21.1,15.5,-0.06,20.8
2026-04-27,PANC_001,Wagholi,0.0,36.5,65.9,590.0,9.5,4.2,90,0.0,0.0,0.0,0.0,0.6,0.24,0.0
2026-04-27,PANC_002,Hadapsar Rural,0.0,36.5,65.9,560.0,-20.5,2.1,0,0.0,0.0,0.0,0.0,0.0,-0.51,0.0
2026-04-27,PANC_003,Manjari Khurd,0.0,36.5,65.9,552.0,-28.5,1.8,85,0.0,0.0,0.0,0.0,0.4,-0.71,0.0
2026-04-27,PANC_004,Phursungi,0.0,36.5,65.9,575.0,-5.5,3.5,180,1.0,0.0,0.0,0.0,0.2,-0.14,0.0
2026-04-27,PANC_005,Loni Kalbhor,0.0,36.5,65.9,548.0,-32.5,1.5,95,0.0,0.0,0.0,0.0,0.0,-0.81,0.0
2026-04-27,PANC_006,Uruli Kanchan,0.0,36.5,65.9,540.0,-40.5,1.2,45,0.0,0.0,0.0,0.0,0.0,-1.01,0.0
2026-04-27,PANC_007,Khed Shivapur,0.0,36.5,65.9,645.0,64.5,8.5,245,1.0,0.0,0.0,0.0,0.0,1.61,0.0
2026-04-27,PANC_008,Kondhwa Budruk,0.0,36.5,65.9,610.0,29.5,6.1,225,1.0,0.0,0.0,0.0,0.2,0.74,0.0
2026-04-27,PANC_009,Dhayari,0.0,36.5,65.9,620.0,39.5,7.0,260,1.0,0.0,0.0,0.0,0.5,0.99,0.0
2026-04-27,PANC_010,Nanded Gramin,0.0,36.5,65.9,565.0,-15.5,2.8,10,0.0,0.0,0.0,0.0,0.0,-0.39,0.0
2026-04-27,PANC_101,Sampatchak Gramin,0.0,36.5,65.9,53.0,1.2,0.8,10,0.0,0.27,0.38,0.3,0.2,0.03,0.0
2026-04-27,PANC_102,Bairiya,0.0,36.5,65.9,51.5,-0.3,0.5,90,0.0,0.13,0.19,0.1,0.6,-0.01,0.8
2026-04-27,PANC_103,Kanhauli,0.0,36.5,65.9,54.2,2.4,1.1,180,1.0,0.0,0.0,0.0,0.1,0.06,0.0
2026-04-27,PANC_104,Chipura,0.0,36.5,65.9,50.8,-1.0,0.4,45,0.0,0.27,0.38,0.3,0.1,-0.03,0.4
2026-04-27,PANC_105,Sonagopalpur,0.0,36.5,65.9,52.0,0.2,0.6,85,0.0,0.13,0.19,0.1,0.0,0.01,0.0
2026-04-27,PANC_106,Tarangpur,0.0,36.5,65.9,49.5,-2.3,0.3,5,0.0,0.27,0.38,0.3,2.2,-0.06,0.0
2026-04-28,PANC_001,Wagholi,0.0,29.7,61.9,590.0,9.5,4.2,90,0.0,0.0,0.0,0.0,0.0,0.24,0.0
2026-04-28,PANC_002,Hadapsar Rural,0.0,29.7,61.9,560.0,-20.5,2.1,0,0.0,0.0,0.0,0.0,0.0,-0.51,0.0
2026-04-28,PANC_003,Manjari Khurd,0.0,29.7,61.9,552.0,-28.5,1.8,85,0.0,0.0,0.0,0.0,0.9,-0.71,0.0
2026-04-28,PANC_004,Phursungi,0.0,29.7,61.9,575.0,-5.5,3.5,180,1.0,0.0,0.0,0.0,0.1,-0.14,0.0
2026-04-28,PANC_005,Loni Kalbhor,0.0,29.7,61.9,548.0,-32.5,1.5,95,0.0,0.0,0.0,0.0,0.0,-0.81,0.0
2026-04-28,PANC_006,Uruli Kanchan,0.0,29.7,61.9,540.0,-40.5,1.2,45,0.0,0.0,0.0,0.0,0.0,-1.01,0.0
2026-04-28,PANC_007,Khed Shivapur,0.0,29.7,61.9,645.0,64.5,8.5,245,1.0,0.0,0.0,0.0,0.0,1.61,0.0
2026-04-28,PANC_008,Kondhwa Budruk,0.0,29.7,61.9,610.0,29.5,6.1,225,1.0,0.0,0.0,0.0,1.0,0.74,0.0
2026-04-28,PANC_009,Dhayari,0.0,29.7,61.9,620.0,39.5,7.0,260,1.0,0.0,0.0,0.0,0.1,0.99,0.0
2026-04-28,PANC_010,Nanded Gramin,0.0,29.7,61.9,565.0,-15.5,2.8,10,0.0,0.0,0.0,0.0,0.0,-0.39,0.0
2026-04-28,PANC_101,Sampatchak Gramin,0.0,29.7,61.9,53.0,1.2,0.8,10,0.0,0.83,1.18,1.0,1.4,0.03,0.0
2026-04-28,PANC_102,Bairiya,0.0,29.7,61.9,51.5,-0.3,0.5,90,0.0,0.0,0.0,0.0,1.5,-0.01,2.5
2026-04-28,PANC_103,Kanhauli,0.0,29.7,61.9,54.2,2.4,1.1,180,1.0,0.0,0.0,0.0,0.0,0.06,0.0
2026-04-28,PANC_104,Chipura,0.0,29.7,61.9,50.8,-1.0,0.4,45,0.0,0.83,1.18,1.0,0.3,-0.03,0.0
2026-04-28,PANC_105,Sonagopalpur,0.0,29.7,61.9,52.0,0.2,0.6,85,0.0,0.0,0.0,0.0,0.3,0.01,0.0
2026-04-28,PANC_106,Tarangpur,0.0,29.7,61.9,49.5,-2.3,0.3,5,0.0,0.83,1.18,0.8,0.0,-0.06,0.0
2026-04-29,PANC_001,Wagholi,0.0,30.9,53.4,590.0,9.5,4.2,90,0.0,0.0,0.0,0.0,0.2,0.24,0.0
2026-04-29,PANC_002,Hadapsar Rural,0.0,30.9,53.4,560.0,-20.5,2.1,0,0.0,0.0,0.0,0.0,0.0,-0.51,0.0
2026-04-29,PANC_003,Manjari Khurd,0.0,30.9,53.4,552.0,-28.5,1.8,85,0.0,0.0,0.0,0.0,0.0,-0.71,0.0
2026-04-29,PANC_004,Phursungi,0.0,30.9,53.4,575.0,-5.5,3.5,180,1.0,0.0,0.0,0.0,0.2,-0.14,0.0
2026-04-29,PANC_005,Loni Kalbhor,0.0,30.9,53.4,548.0,-32.5,1.5,95,0.0,0.0,0.0,0.0,0.8,-0.81,0.0
2026-04-29,PANC_006,Uruli Kanchan,0.0,30.9,53.4,540.0,-40.5,1.2,45,0.0,0.0,0.0,0.0,3.2,-1.01,3.9
2026-04-29,PANC_007,Khed Shivapur,0.0,30.9,53.4,645.0,64.5,8.5,245,1.0,0.0,0.0,0.0,0.0,1.61,0.0
2026-04-29,PANC_008,Kondhwa Budruk,0.0,30.9,53.4,610.0,29.5,6.1,225,1.0,0.0,0.0,0.0,0.7,0.74,0.0
2026-04-29,PANC_009,Dhayari,0.0,30.9,53.4,620.0,39.5,7.0,260,1.0,0.0,0.0,0.0,0.0,0.99,0.0
2026-04-29,PANC_010,Nanded Gramin,0.0,30.9,53.4,565.0,-15.5,2.8,10,0.0,0.0,0.0,0.0,0.0,-0.39,0.0
2026-04-29,PANC_101,Sampatchak Gramin,0.0,30.9,53.4,53.0,1.2,0.8,10,0.0,1.83,2.59,1.1,0.0,0.03,0.0
2026-04-29,PANC_102,Bairiya,0.0,30.9,53.4,51.5,-0.3,0.5,90,0.0,0.0,0.0,0.0,0.0,-0.01,0.0
2026-04-29,PANC_103,Kanhauli,0.0,30.9,53.4,54.2,2.4,1.1,180,1.0,1.83,2.59,2.0,0.0,0.06,0.0
2026-04-29,PANC_104,Chipura,0.0,30.9,53.4,50.8,-1.0,0.4,45,0.0,1.83,2.59,1.5,0.0,-0.03,0.0
2026-04-29,PANC_105,Sonagopalpur,0.0,30.9,53.4,52.0,0.2,0.6,85,0.0,0.0,0.0,0.0,5.7,0.01,5.5
2026-04-29,PANC_106,Tarangpur,0.0,30.9,53.4,49.5,-2.3,0.3,5,0.0,0.0,0.0,0.0,0.0,-0.06,0.0
2026-04-30,PANC_001,Wagholi,0.0,33.1,64.4,590.0,9.5,4.2,90,0.0,0.0,0.0,0.0,0.2,0.24,0.0
2026-04-30,PANC_002,Hadapsar Rural,0.0,33.1,64.4,560.0,-20.5,2.1,0,0.0,0.0,0.0,0.0,0.0,-0.51,0.0
2026-04-30,PANC_003,Manjari Khurd,0.0,33.1,64.4,552.0,-28.5,1.8,85,0.0,0.0,0.0,0.0,0.0,-0.71,0.0
2026-04-30,PANC_004,Phursungi,0.0,33.1,64.4,575.0,-5.5,3.5,180,1.0,0.0,0.0,0.0,0.2,-0.14,0.0
2026-04-30,PANC_005,Loni Kalbhor,0.0,33.1,64.4,548.0,-32.5,1.5,95,0.0,0.0,0.0,0.0,0.6,-0.81,0.0
2026-04-30,PANC_006,Uruli Kanchan,0.0,33.1,64.4,540.0,-40.5,1.2,45,0.0,0.0,0.0,0.0,0.1,-1.01,0.0
2026-04-30,PANC_007,Khed Shivapur,0.0,33.1,64.4,645.0,64.5,8.5,245,1.0,0.0,0.0,0.0,0.3,1.61,0.0
2026-04-30,PANC_008,Kondhwa Budruk,0.0,33.1,64.4,610.0,29.5,6.1,225,1.0,0.0,0.0,0.0,0.0,0.74,0.0
2026-04-30,PANC_009,Dhayari,0.0,33.1,64.4,620.0,39.5,7.0,260,1.0,0.0,0.0,0.0,0.0,0.99,0.0
2026-04-30,PANC_010,Nanded Gramin,0.0,33.1,64.4,565.0,-15.5,2.8,10,0.0,0.0,0.0,0.0,0.0,-0.39,0.0
2026-04-30,PANC_101,Sampatchak Gramin,0.0,33.1,64.4,53.0,1.2,0.8,10,0.0,0.0,0.0,0.0,0.0,0.03,0.0
2026-04-30,PANC_102,Bairiya,0.0,33.1,64.4,51.5,-0.3,0.5,90,0.0,0.0,0.0,0.0,1.2,-0.01,0.0
2026-04-30,PANC_103,Kanhauli,0.0,33.1,64.4,54.2,2.4,1.1,180,1.0,0.0,0.0,0.0,0.0,0.06,0.0
2026-04-30,PANC_104,Chipura,0.0,33.1,64.4,50.8,-1.0,0.4,45,0.0,0.0,0.0,0.0,0.8,-0.03,0.0
2026-04-30,PANC_105,Sonagopalpur,0.0,33.1,64.4,52.0,0.2,0.6,85,0.0,0.0,0.0,0.0,0.0,0.01,0.0
2026-04-30,PANC_106,Tarangpur,0.0,33.1,64.4,49.5,-2.3,0.3,5,0.0,0.0,0.0,0.0,0.6,-0.06,0.0
2026-05-01,PANC_001,Wagholi,30.8,38.6,50.2,590.0,9.5,4.2,90,0.0,0.27,0.33,31.2,22.4,0.24,30.0
2026-05-01,PANC_002,Hadapsar Rural,30.8,38.6,50.2,560.0,-20.5,2.1,0,0.0,-0.03,0.54,30.8,23.6,-0.51,30.7
2026-05-01,PANC_003,Manjari Khurd,30.8,38.6,50.2,552.0,-28.5,1.8,85,0.0,-0.5,0.29,30.3,24.3,-0.71,31.5
2026-05-01,PANC_004,Phursungi,30.8,38.6,50.2,575.0,-5.5,3.5,180,1.0,0.27,0.33,31.0,22.5,-0.14,30.2
2026-05-01,PANC_005,Loni Kalbhor,30.8,38.6,50.2,548.0,-32.5,1.5,95,0.0,-0.0,0.54,30.9,23.5,-0.81,31.0
2026-05-01,PANC_006,Uruli Kanchan,30.8,38.6,50.2,540.0,-40.5,1.2,45,0.0,0.1,0.54,31.0,21.2,-1.01,29.7
2026-05-01,PANC_007,Khed Shivapur,30.8,38.6,50.2,645.0,64.5,8.5,245,1.0,0.1,0.36,30.9,22.4,1.61,30.1
2026-05-01,PANC_008,Kondhwa Budruk,30.8,38.6,50.2,610.0,29.5,6.1,225,1.0,-0.27,0.24,30.5,23.3,0.74,30.6
2026-05-01,PANC_009,Dhayari,30.8,38.6,50.2,620.0,39.5,7.0,260,1.0,-0.1,0.54,31.3,21.2,0.99,30.7
2026-05-01,PANC_010,Nanded Gramin,30.8,38.6,50.2,565.0,-15.5,2.8,10,0.0,-0.33,0.26,30.7,23.6,-0.39,31.4
2026-05-01,PANC_101,Sampatchak Gramin,30.8,38.6,50.2,53.0,1.2,0.8,10,0.0,0.03,1.65,30.9,22.1,0.03,29.6
2026-05-01,PANC_102,Bairiya,30.8,38.6,50.2,51.5,-0.3,0.5,90,0.0,-0.57,0.58,30.1,25.8,-0.01,33.0
2026-05-01,PANC_103,Kanhauli,30.8,38.6,50.2,54.2,2.4,1.1,180,1.0,-0.73,0.37,30.0,21.9,0.06,29.0
2026-05-01,PANC_104,Chipura,30.8,38.6,50.2,50.8,-1.0,0.4,45,0.0,0.23,1.44,31.2,23.6,-0.03,31.0
2026-05-01,PANC_105,Sonagopalpur,30.8,38.6,50.2,52.0,0.2,0.6,85,0.0,-0.93,0.84,29.7,22.7,0.01,30.5
2026-05-01,PANC_106,Tarangpur,30.8,38.6,50.2,49.5,-2.3,0.3,5,0.0,-0.27,1.76,30.5,23.1,-0.06,30.1
2026-05-02,PANC_001,Wagholi,0.0,34.7,59.6,590.0,9.5,4.2,90,0.0,0.0,0.0,0.0,1.1,0.24,0.0
2026-05-02,PANC_002,Hadapsar Rural,0.0,34.7,59.6,560.0,-20.5,2.1,0,0.0,0.4,0.57,0.2,0.6,-0.51,0.0
2026-05-02,PANC_003,Manjari Khurd,0.0,34.7,59.6,552.0,-28.5,1.8,85,0.0,0.0,0.0,0.0,0.0,-0.71,0.0
2026-05-02,PANC_004,Phursungi,0.0,34.7,59.6,575.0,-5.5,3.5,180,1.0,0.0,0.0,0.0,0.0,-0.14,0.0
2026-05-02,PANC_005,Loni Kalbhor,0.0,34.7,59.6,548.0,-32.5,1.5,95,0.0,0.0,0.0,0.0,1.4,-0.81,0.0
2026-05-02,PANC_006,Uruli Kanchan,0.0,34.7,59.6,540.0,-40.5,1.2,45,0.0,0.0,0.0,0.0,0.0,-1.01,0.0
2026-05-02,PANC_007,Khed Shivapur,0.0,34.7,59.6,645.0,64.5,8.5,245,1.0,0.4,0.57,0.4,0.1,1.61,0.0
2026-05-02,PANC_008,Kondhwa Budruk,0.0,34.7,59.6,610.0,29.5,6.1,225,1.0,0.0,0.0,0.0,2.7,0.74,1.2
2026-05-02,PANC_009,Dhayari,0.0,34.7,59.6,620.0,39.5,7.0,260,1.0,0.4,0.57,0.1,0.5,0.99,0.0
2026-05-02,PANC_010,Nanded Gramin,0.0,34.7,59.6,565.0,-15.5,2.8,10,0.0,0.4,0.57,0.1,0.1,-0.39,0.0
2026-05-02,PANC_101,Sampatchak Gramin,0.0,34.7,59.6,53.0,1.2,0.8,10,0.0,0.0,0.0,0.0,0.4,0.03,0.0
2026-05-02,PANC_102,Bairiya,0.0,34.7,59.6,51.5,-0.3,0.5,90,0.0,0.0,0.0,0.0,0.0,-0.01,0.0
2026-05-02,PANC_103,Kanhauli,0.0,34.7,59.6,54.2,2.4,1.1,180,1.0,0.0,0.0,0.0,1.0,0.06,0.0
2026-05-02,PANC_104,Chipura,0.0,34.7,59.6,50.8,-1.0,0.4,45,0.0,0.0,0.0,0.0,0.0,-0.03,0.0
2026-05-02,PANC_105,Sonagopalpur,0.0,34.7,59.6,52.0,0.2,0.6,85,0.0,0.0,0.0,0.0,0.0,0.01,0.0
2026-05-02,PANC_106,Tarangpur,0.0,34.7,59.6,49.5,-2.3,0.3,5,0.0,0.0,0.0,0.0,0.0,-0.06,0.0
2026-05-03,PANC_001,Wagholi,0.0,30.1,53.0,590.0,9.5,4.2,90,0.0,0.0,0.0,0.0,0.0,0.24,0.0
2026-05-03,PANC_002,Hadapsar Rural,0.0,30.1,53.0,560.0,-20.5,2.1,0,0.0,0.0,0.0,0.0,0.4,-0.51,0.0
2026-05-03,PANC_003,Manjari Khurd,0.0,30.1,53.0,552.0,-28.5,1.8,85,0.0,0.0,0.0,0.0,0.5,-0.71,0.0
2026-05-03,PANC_004,Phursungi,0.0,30.1,53.0,575.0,-5.5,3.5,180,1.0,0.0,0.0,0.0,0.7,-0.14,0.0
2026-05-03,PANC_005,Loni Kalbhor,0.0,30.1,53.0,548.0,-32.5,1.5,95,0.0,0.0,0.0,0.0,0.0,-0.81,0.0
2026-05-03,PANC_006,Uruli Kanchan,0.0,30.1,53.0,540.0,-40.5,1.2,45,0.0,0.0,0.0,0.0,0.0,-1.01,0.0
2026-05-03,PANC_007,Khed Shivapur,0.0,30.1,53.0,645.0,64.5,8.5,245,1.0,0.0,0.0,0.0,0.4,1.61,0.0
2026-05-03,PANC_008,Kondhwa Budruk,0.0,30.1,53.0,610.0,29.5,6.1,225,1.0,0.0,0.0,0.0,1.0,0.74,0.0
2026-05-03,PANC_009,Dhayari,0.0,30.1,53.0,620.0,39.5,7.0,260,1.0,0.0,0.0,0.0,0.3,0.99,0.0
2026-05-03,PANC_010,Nanded Gramin,0.0,30.1,53.0,565.0,-15.5,2.8,10,0.0,0.0,0.0,0.0,0.0,-0.39,0.0
2026-05-03,PANC_101,Sampatchak Gramin,0.0,30.1,53.0,53.0,1.2,0.8,10,0.0,0.0,0.0,0.0,0.2,0.03,0.0
2026-05-03,PANC_102,Bairiya,0.0,30.1,53.0,51.5,-0.3,0.5,90,0.0,0.0,0.0,0.0,0.0,-0.01,0.0
2026-05-03,PANC_103,Kanhauli,0.0,30.1,53.0,54.2,2.4,1.1,180,1.0,0.0,0.0,0.0,0.0,0.06,0.0
2026-05-03,PANC_104,Chipura,0.0,30.1,53.0,50.8,-1.0,0.4,45,0.0,0.0,0.0,0.0,0.0,-0.03,0.0
2026-05-03,PANC_105,Sonagopalpur,0.0,30.1,53.0,52.0,0.2,0.6,85,0.0,0.0,0.0,0.0,0.1,0.01,0.0
2026-05-03,PANC_106,Tarangpur,0.0,30.1,53.0,49.5,-2.3,0.3,5,0.0,0.0,0.0,0.0,0.0,-0.06,0.0
2026-05-04,PANC_001,Wagholi,27.6,30.6,55.7,590.0,9.5,4.2,90,0.0,-0.07,0.24,27.6,19.5,0.24,27.2
2026-05-04,PANC_002,Hadapsar Rural,27.6,30.6,55.7,560.0,-20.5,2.1,0,0.0,0.57,0.37,28.2,20.9,-0.51,27.2
2026-05-04,PANC_003,Manjari Khurd,27.6,30.6,55.7,552.0,-28.5,1.8,85,0.0,0.07,0.66,27.6,22.2,-0.71,27.7
2026-05-04,PANC_004,Phursungi,27.6,30.6,55.7,575.0,-5.5,3.5,180,1.0,-0.07,0.24,27.5,22.1,-0.14,28.6
2026-05-04,PANC_005,Loni Kalbhor,27.6,30.6,55.7,548.0,-32.5,1.5,95,0.0,0.23,0.58,28.0,21.7,-0.81,27.7
2026-05-04,PANC_006,Uruli Kanchan,27.6,30.6,55.7,540.0,-40.5,1.2,45,0.0,0.4,0.42,27.9,20.7,-1.01,28.0
2026-05-04,PANC_007,Khed Shivapur,27.6,30.6,55.7,645.0,64.5,8.5,245,1.0,1.2,0.49,28.8,21.3,1.61,27.9
2026-05-04,PANC_008,Kondhwa Budruk,27.6,30.6,55.7,610.0,29.5,6.1,225,1.0,0.6,0.71,28.2,21.7,0.74,28.2
2026-05-04,PANC_009,Dhayari,27.6,30.6,55.7,620.0,39.5,7.0,260,1.0,0.9,0.65,29.2,21.4,0.99,28.8
2026-05-04,PANC_010,Nanded Gramin,27.6,30.6,55.7,565.0,-15.5,2.8,10,0.0,0.7,0.37,28.7,22.6,-0.39,29.4
2026-05-04,PANC_101,Sampatchak Gramin,27.6,30.6,55.7,53.0,1.2,0.8,10,0.0,0.17,0.76,27.9,22.0,0.03,28.8
2026-05-04,PANC_102,Bairiya,27.6,30.6,55.7,51.5,-0.3,0.5,90,0.0,0.77,0.31,28.5,21.2,-0.01,27.5
2026-05-04,PANC_103,Kanhauli,27.6,30.6,55.7,54.2,2.4,1.1,180,1.0,0.4,0.75,28.1,20.8,0.06,28.8
2026-05-04,PANC_104,Chipura,27.6,30.6,55.7,50.8,-1.0,0.4,45,0.0,0.17,0.76,27.8,22.1,-0.03,28.1
2026-05-04,PANC_105,Sonagopalpur,27.6,30.6,55.7,52.0,0.2,0.6,85,0.0,0.97,0.33,28.6,20.6,0.01,27.0
2026-05-04,PANC_106,Tarangpur,27.6,30.6,55.7,49.5,-2.3,0.3,5,0.0,0.77,0.61,28.4,21.1,-0.06,28.2
2026-05-05,PANC_001,Wagholi,10.7,36.1,48.4,590.0,9.5,4.2,90,0.0,0.6,0.42,11.5,8.8,0.24,11.9
2026-05-05,PANC_002,Hadapsar Rural,10.7,36.1,48.4,560.0,-20.5,2.1,0,0.0,1.03,0.34,11.8,8.4,-0.51,11.6
2026-05-05,PANC_003,Manjari Khurd,10.7,36.1,48.4,552.0,-28.5,1.8,85,0.0,1.2,0.24,11.9,8.9,-0.71,11.6
2026-05-05,PANC_004,Phursungi,10.7,36.1,48.4,575.0,-5.5,3.5,180,1.0,0.6,0.42,11.4,10.2,-0.14,12.2
2026-05-05,PANC_005,Loni Kalbhor,10.7,36.1,48.4,548.0,-32.5,1.5,95,0.0,1.1,0.28,11.8,8.4,-0.81,10.7
2026-05-05,PANC_006,Uruli Kanchan,10.7,36.1,48.4,540.0,-40.5,1.2,45,0.0,0.8,0.62,11.3,6.1,-1.01,8.8
2026-05-05,PANC_007,Khed Shivapur,10.7,36.1,48.4,645.0,64.5,8.5,245,1.0,1.17,0.46,11.9,9.7,1.61,11.7
2026-05-05,PANC_008,Kondhwa Budruk,10.7,36.1,48.4,610.0,29.5,6.1,225,1.0,1.4,0.37,12.1,9.7,0.74,11.4
2026-05-05,PANC_009,Dhayari,10.7,36.1,48.4,620.0,39.5,7.0,260,1.0,0.9,0.14,11.7,8.7,0.99,12.5
2026-05-05,PANC_010,Nanded Gramin,10.7,36.1,48.4,565.0,-15.5,2.8,10,0.0,1.17,0.46,12.4,11.0,-0.39,11.7
2026-05-05,PANC_101,Sampatchak Gramin,10.7,36.1,48.4,53.0,1.2,0.8,10,0.0,0.37,0.46,11.1,8.1,0.03,10.8
2026-05-05,PANC_102,Bairiya,10.7,36.1,48.4,51.5,-0.3,0.5,90,0.0,-0.57,1.54,10.1,8.7,-0.01,10.6
2026-05-05,PANC_103,Kanhauli,10.7,36.1,48.4,54.2,2.4,1.1,180,1.0,0.4,0.36,10.9,9.4,0.06,11.7
2026-05-05,PANC_104,Chipura,10.7,36.1,48.4,50.8,-1.0,0.4,45,0.0,0.07,0.12,10.7,5.4,-0.03,8.0
2026-05-05,PANC_105,Sonagopalpur,10.7,36.1,48.4,52.0,0.2,0.6,85,0.0,-0.53,1.58,10.5,7.8,0.01,10.9
2026-05-05,PANC_106,Tarangpur,10.7,36.1,48.4,49.5,-2.3,0.3,5,0.0,0.33,0.48,11.0,8.8,-0.06,11.6
2026-05-06,PANC_001,Wagholi,0.0,27.4,50.0,590.0,9.5,4.2,90,0.0,0.0,0.0,0.0,0.0,0.24,0.0
2026-05-06,PANC_002,Hadapsar Rural,0.0,27.4,50.0,560.0,-20.5,2.1,0,0.0,0.0,0.0,0.0,0.0,-0.51,0.0
2026-05-06,PANC_003,Manjari Khurd,0.0,27.4,50.0,552.0,-28.5,1.8,85,0.0,0.0,0.0,0.0,0.1,-0.71,0.0
2026-05-06,PANC_004,Phursungi,0.0,27.4,50.0,575.0,-5.5,3.5,180,1.0,0.0,0.0,0.0,0.0,-0.14,0.0
2026-05-06,PANC_005,Loni Kalbhor,0.0,27.4,50.0,548.0,-32.5,1.5,95,0.0,0.0,0.0,0.0,0.0,-0.81,0.0
2026-05-06,PANC_006,Uruli Kanchan,0.0,27.4,50.0,540.0,-40.5,1.2,45,0.0,0.0,0.0,0.0,0.0,-1.01,0.0
2026-05-06,PANC_007,Khed Shivapur,0.0,27.4,50.0,645.0,64.5,8.5,245,1.0,0.0,0.0,0.0,1.6,1.61,0.0
2026-05-06,PANC_008,Kondhwa Budruk,0.0,27.4,50.0,610.0,29.5,6.1,225,1.0,0.0,0.0,0.0,1.0,0.74,0.0
2026-05-06,PANC_009,Dhayari,0.0,27.4,50.0,620.0,39.5,7.0,260,1.0,0.0,0.0,0.0,0.0,0.99,0.0
2026-05-06,PANC_010,Nanded Gramin,0.0,27.4,50.0,565.0,-15.5,2.8,10,0.0,0.0,0.0,0.0,0.0,-0.39,0.0
2026-05-06,PANC_101,Sampatchak Gramin,0.0,27.4,50.0,53.0,1.2,0.8,10,0.0,0.0,0.0,0.0,0.0,0.03,0.0
2026-05-06,PANC_102,Bairiya,0.0,27.4,50.0,51.5,-0.3,0.5,90,0.0,0.0,0.0,0.0,0.0,-0.01,0.0
2026-05-06,PANC_103,Kanhauli,0.0,27.4,50.0,54.2,2.4,1.1,180,1.0,0.0,0.0,0.0,0.0,0.06,0.0
2026-05-06,PANC_104,Chipura,0.0,27.4,50.0,50.8,-1.0,0.4,45,0.0,0.0,0.0,0.0,0.6,-0.03,0.0
2026-05-06,PANC_105,Sonagopalpur,0.0,27.4,50.0,52.0,0.2,0.6,85,0.0,0.0,0.0,0.0,0.8,0.01,0.0
2026-05-06,PANC_106,Tarangpur,0.0,27.4,50.0,49.5,-2.3,0.3,5,0.0,0.0,0.0,0.0,0.8,-0.06,0.0
2026-05-07,PANC_001,Wagholi,0.0,34.0,53.1,590.0,9.5,4.2,90,0.0,0.0,0.0,0.0,1.4,0.24,0.0
2026-05-07,PANC_002,Hadapsar Rural,0.0,34.0,53.1,560.0,-20.5,2.1,0,0.0,0.0,0.0,0.0,0.9,-0.51,0.0
2026-05-07,PANC_003,Manjari Khurd,0.0,34.0,53.1,552.0,-28.5,1.8,85,0.0,0.0,0.0,0.0,0.9,-0.71,0.0
2026-05-07,PANC_004,Phursungi,0.0,34.0,53.1,575.0,-5.5,3.5,180,1.0,0.0,0.0,0.0,0.5,-0.14,0.0
2026-05-07,PANC_005,Loni Kalbhor,0.0,34.0,53.1,548.0,-32.5,1.5,95,0.0,0.0,0.0,0.0,0.0,-0.81,0.0
2026-05-07,PANC_006,Uruli Kanchan,0.0,34.0,53.1,540.0,-40.5,1.2,45,0.0,0.0,0.0,0.0,0.3,-1.01,0.0
2026-05-07,PANC_007,Khed Shivapur,0.0,34.0,53.1,645.0,64.5,8.5,245,1.0,0.0,0.0,0.0,0.5,1.61,0.0
2026-05-07,PANC_008,Kondhwa Budruk,0.0,34.0,53.1,610.0,29.5,6.1,225,1.0,0.0,0.0,0.0,0.0,0.74,0.0
2026-05-07,PANC_009,Dhayari,0.0,34.0,53.1,620.0,39.5,7.0,260,1.0,0.0,0.0,0.0,0.0,0.99,0.0
2026-05-07,PANC_010,Nanded Gramin,0.0,34.0,53.1,565.0,-15.5,2.8,10,0.0,0.0,0.0,0.0,0.7,-0.39,0.0
2026-05-07,PANC_101,Sampatchak Gramin,0.0,34.0,53.1,53.0,1.2,0.8,10,0.0,0.0,0.0,0.0,0.7,0.03,0.0
2026-05-07,PANC_102,Bairiya,0.0,34.0,53.1,51.5,-0.3,0.5,90,0.0,0.0,0.0,0.0,0.0,-0.01,0.0
2026-05-07,PANC_103,Kanhauli,0.0,34.0,53.1,54.2,2.4,1.1,180,1.0,0.0,0.0,0.0,0.6,0.06,0.0
2026-05-07,PANC_104,Chipura,0.0,34.0,53.1,50.8,-1.0,0.4,45,0.0,0.0,0.0,0.0,0.1,-0.03,0.0
2026-05-07,PANC_105,Sonagopalpur,0.0,34.0,53.1,52.0,0.2,0.6,85,0.0,0.0,0.0,0.0,0.6,0.01,0.0
2026-05-07,PANC_106,Tarangpur,0.0,34.0,53.1,49.5,-2.3,0.3,5,0.0,0.0,0.0,0.0,0.0,-0.06,0.0
2026-05-08,PANC_001,Wagholi,0.0,34.9,31.6,590.0,9.5,4.2,90,0.0,0.0,0.0,0.0,0.0,0.24,0.0
2026-05-08,PANC_002,Hadapsar Rural,0.0,34.9,31.6,560.0,-20.5,2.1,0,0.0,0.0,0.0,0.0,0.0,-0.51,0.0
2026-05-08,PANC_003,Manjari Khurd,0.0,34.9,31.6,552.0,-28.5,1.8,85,0.0,0.0,0.0,0.0,0.1,-0.71,0.0
2026-05-08,PANC_004,Phursungi,0.0,34.9,31.6,575.0,-5.5,3.5,180,1.0,0.0,0.0,0.0,0.0,-0.14,0.0
2026-05-08,PANC_005,Loni Kalbhor,0.0,34.9,31.6,548.0,-32.5,1.5,95,0.0,0.0,0.0,0.0,0.0,-0.81,0.0
2026-05-08,PANC_006,Uruli Kanchan,0.0,34.9,31.6,540.0,-40.5,1.2,45,0.0,0.0,0.0,0.0,0.0,-1.01,0.0
2026-05-08,PANC_007,Khed Shivapur,0.0,34.9,31.6,645.0,64.5,8.5,245,1.0,0.4,0.57,0.5,1.5,1.61,0.0
2026-05-08,PANC_008,Kondhwa Budruk,0.0,34.9,31.6,610.0,29.5,6.1,225,1.0,0.4,0.57,0.4,0.1,0.74,0.0
2026-05-08,PANC_009,Dhayari,0.0,34.9,31.6,620.0,39.5,7.0,260,1.0,0.0,0.0,0.0,2.2,0.99,1.2
2026-05-08,PANC_010,Nanded Gramin,0.0,34.9,31.6,565.0,-15.5,2.8,10,0.0,0.4,0.57,1.1,0.2,-0.39,0.0
2026-05-08,PANC_101,Sampatchak Gramin,0.0,34.9,31.6,53.0,1.2,0.8,10,0.0,0.0,0.0,0.0,0.0,0.03,0.0
2026-05-08,PANC_102,Bairiya,0.0,34.9,31.6,51.5,-0.3,0.5,90,0.0,0.0,0.0,0.0,1.2,-0.01,0.0
2026-05-08,PANC_103,Kanhauli,0.0,34.9,31.6,54.2,2.4,1.1,180,1.0,0.0,0.0,0.0,0.3,0.06,0.0
2026-05-08,PANC_104,Chipura,0.0,34.9,31.6,50.8,-1.0,0.4,45,0.0,0.0,0.0,0.0,0.0,-0.03,0.0
2026-05-08,PANC_105,Sonagopalpur,0.0,34.9,31.6,52.0,0.2,0.6,85,0.0,0.0,0.0,0.0,0.4,0.01,0.0
2026-05-08,PANC_106,Tarangpur,0.0,34.9,31.6,49.5,-2.3,0.3,5,0.0,0.0,0.0,0.0,0.0,-0.06,0.0
2026-05-09,PANC_001,Wagholi,0.0,27.0,68.2,590.0,9.5,4.2,90,0.0,0.0,0.0,0.0,0.7,0.24,0.0
2026-05-09,PANC_002,Hadapsar Rural,0.0,27.0,68.2,560.0,-20.5,2.1,0,0.0,0.0,0.0,0.0,0.0,-0.51,0.0
2026-05-09,PANC_003,Manjari Khurd,0.0,27.0,68.2,552.0,-28.5,1.8,85,0.0,0.0,0.0,0.0,0.3,-0.71,0.0
2026-05-09,PANC_004,Phursungi,0.0,27.0,68.2,575.0,-5.5,3.5,180,1.0,0.0,0.0,0.0,0.0,-0.14,0.0
2026-05-09,PANC_005,Loni Kalbhor,0.0,27.0,68.2,548.0,-32.5,1.5,95,0.0,0.0,0.0,0.0,0.0,-0.81,0.0
2026-05-09,PANC_006,Uruli Kanchan,0.0,27.0,68.2,540.0,-40.5,1.2,45,0.0,0.0,0.0,0.0,0.0,-1.01,0.0
2026-05-09,PANC_007,Khed Shivapur,0.0,27.0,68.2,645.0,64.5,8.5,245,1.0,0.0,0.0,0.0,0.0,1.61,0.0
2026-05-09,PANC_008,Kondhwa Budruk,0.0,27.0,68.2,610.0,29.5,6.1,225,1.0,0.0,0.0,0.0,0.1,0.74,0.0
2026-05-09,PANC_009,Dhayari,0.0,27.0,68.2,620.0,39.5,7.0,260,1.0,0.0,0.0,0.0,0.8,0.99,0.0
2026-05-09,PANC_010,Nanded Gramin,0.0,27.0,68.2,565.0,-15.5,2.8,10,0.0,0.0,0.0,0.0,1.6,-0.39,0.0
2026-05-09,PANC_101,Sampatchak Gramin,0.0,27.0,68.2,53.0,1.2,0.8,10,0.0,0.0,0.0,0.0,0.0,0.03,0.0
2026-05-09,PANC_102,Bairiya,0.0,27.0,68.2,51.5,-0.3,0.5,90,0.0,0.0,0.0,0.0,0.2,-0.01,0.0
2026-05-09,PANC_103,Kanhauli,0.0,27.0,68.2,54.2,2.4,1.1,180,1.0,0.0,0.0,0.0,0.9,0.06,0.0
2026-05-09,PANC_104,Chipura,0.0,27.0,68.2,50.8,-1.0,0.4,45,0.0,0.0,0.0,0.0,0.0,-0.03,0.0
2026-05-09,PANC_105,Sonagopalpur,0.0,27.0,68.2,52.0,0.2,0.6,85,0.0,0.0,0.0,0.0,0.0,0.01,0.0
2026-05-09,PANC_106,Tarangpur,0.0,27.0,68.2,49.5,-2.3,0.3,5,0.0,0.0,0.0,0.0,1.6,-0.06,0.0
2026-05-10,PANC_001,Wagholi,0.0,32.5,70.6,590.0,9.5,4.2,90,0.0,0.0,0.0,0.0,0.0,0.24,0.0
2026-05-10,PANC_002,Hadapsar Rural,0.0,32.5,70.6,560.0,-20.5,2.1,0,0.0,0.0,0.0,0.0,1.3,-0.51,0.0
2026-05-10,PANC_003,Manjari Khurd,0.0,32.5,70.6,552.0,-28.5,1.8,85,0.0,0.0,0.0,0.0,0.0,-0.71,0.0
2026-05-10,PANC_004,Phursungi,0.0,32.5,70.6,575.0,-5.5,3.5,180,1.0,0.0,0.0,0.0,0.5,-0.14,0.0
2026-05-10,PANC_005,Loni Kalbhor,0.0,32.5,70.6,548.0,-32.5,1.5,95,0.0,0.0,0.0,0.0,0.0,-0.81,0.0
2026-05-10,PANC_006,Uruli Kanchan,0.0,32.5,70.6,540.0,-40.5,1.2,45,0.0,0.0,0.0,0.0,0.0,-1.01,0.0
2026-05-10,PANC_007,Khed Shivapur,0.0,32.5,70.6,645.0,64.5,8.5,245,1.0,1.53,2.17,1.3,0.7,1.61,0.0
2026-05-10,PANC_008,Kondhwa Budruk,0.0,32.5,70.6,610.0,29.5,6.1,225,1.0,0.0,0.0,0.0,1.3,0.74,0.0
2026-05-10,PANC_009,Dhayari,0.0,32.5,70.6,620.0,39.5,7.0,260,1.0,1.53,2.17,4.0,0.7,0.99,0.0
2026-05-10,PANC_010,Nanded Gramin,0.0,32.5,70.6,565.0,-15.5,2.8,10,0.0,0.0,0.0,0.0,1.8,-0.39,4.6
2026-05-10,PANC_101,Sampatchak Gramin,0.0,32.5,70.6,53.0,1.2,0.8,10,0.0,0.0,0.0,0.0,0.0,0.03,0.0
2026-05-10,PANC_102,Bairiya,0.0,32.5,70.6,51.5,-0.3,0.5,90,0.0,0.0,0.0,0.0,0.2,-0.01,0.0
2026-05-10,PANC_103,Kanhauli,0.0,32.5,70.6,54.2,2.4,1.1,180,1.0,0.0,0.0,0.0,0.0,0.06,0.0
2026-05-10,PANC_104,Chipura,0.0,32.5,70.6,50.8,-1.0,0.4,45,0.0,0.0,0.0,0.0,0.0,-0.03,0.0
2026-05-10,PANC_105,Sonagopalpur,0.0,32.5,70.6,52.0,0.2,0.6,85,0.0,0.0,0.0,0.0,0.0,0.01,0.0
2026-05-10,PANC_106,Tarangpur,0.0,32.5,70.6,49.5,-2.3,0.3,5,0.0,0.0,0.0,0.0,0.0,-0.06,0.0
2026-05-11,PANC_001,Wagholi,0.0,32.8,48.7,590.0,9.5,4.2,90,0.0,0.0,0.0,0.0,0.1,0.24,0.0
2026-05-11,PANC_002,Hadapsar Rural,0.0,32.8,48.7,560.0,-20.5,2.1,0,0.0,0.0,0.0,0.0,0.1,-0.51,0.0
2026-05-11,PANC_003,Manjari Khurd,0.0,32.8,48.7,552.0,-28.5,1.8,85,0.0,0.0,0.0,0.0,0.0,-0.71,0.0
2026-05-11,PANC_004,Phursungi,0.0,32.8,48.7,575.0,-5.5,3.5,180,1.0,0.0,0.0,0.0,0.0,-0.14,0.0
2026-05-11,PANC_005,Loni Kalbhor,0.0,32.8,48.7,548.0,-32.5,1.5,95,0.0,0.0,0.0,0.0,0.2,-0.81,0.0
2026-05-11,PANC_006,Uruli Kanchan,0.0,32.8,48.7,540.0,-40.5,1.2,45,0.0,0.0,0.0,0.0,0.1,-1.01,0.0
2026-05-11,PANC_007,Khed Shivapur,0.0,32.8,48.7,645.0,64.5,8.5,245,1.0,0.0,0.0,0.0,0.0,1.61,0.0
2026-05-11,PANC_008,Kondhwa Budruk,0.0,32.8,48.7,610.0,29.5,6.1,225,1.0,0.0,0.0,0.0,0.0,0.74,0.0
2026-05-11,PANC_009,Dhayari,0.0,32.8,48.7,620.0,39.5,7.0,260,1.0,0.0,0.0,0.0,0.9,0.99,0.0
2026-05-11,PANC_010,Nanded Gramin,0.0,32.8,48.7,565.0,-15.5,2.8,10,0.0,0.0,0.0,0.0,0.0,-0.39,0.0
2026-05-11,PANC_101,Sampatchak Gramin,0.0,32.8,48.7,53.0,1.2,0.8,10,0.0,0.0,0.0,0.0,0.5,0.03,0.0
2026-05-11,PANC_102,Bairiya,0.0,32.8,48.7,51.5,-0.3,0.5,90,0.0,0.0,0.0,0.0,0.0,-0.01,0.0
2026-05-11,PANC_103,Kanhauli,0.0,32.8,48.7,54.2,2.4,1.1,180,1.0,0.0,0.0,0.0,0.0,0.06,0.0
2026-05-11,PANC_104,Chipura,0.0,32.8,48.7,50.8,-1.0,0.4,45,0.0,0.0,0.0,0.0,0.0,-0.03,0.0
2026-05-11,PANC_105,Sonagopalpur,0.0,32.8,48.7,52.0,0.2,0.6,85,0.0,0.0,0.0,0.0,0.0,0.01,0.0
2026-05-11,PANC_106,Tarangpur,0.0,32.8,48.7,49.5,-2.3,0.3,5,0.0,0.0,0.0,0.0,0.0,-0.06,0.0
2026-05-12,PANC_001,Wagholi,0.0,36.9,35.8,590.0,9.5,4.2,90,0.0,1.0,1.41,0.5,0.5,0.24,0.0
2026-05-12,PANC_002,Hadapsar Rural,0.0,36.9,35.8,560.0,-20.5,2.1,0,0.0,0.0,0.0,0.0,0.9,-0.51,0.0
2026-05-12,PANC_003,Manjari Khurd,0.0,36.9,35.8,552.0,-28.5,1.8,85,0.0,0.0,0.0,0.0,0.0,-0.71,0.0
2026-05-12,PANC_004,Phursungi,0.0,36.9,35.8,575.0,-5.5,3.5,180,1.0,1.0,1.41,0.7,0.0,-0.14,0.0
2026-05-12,PANC_005,Loni Kalbhor,0.0,36.9,35.8,548.0,-32.5,1.5,95,0.0,0.0,0.0,0.0,2.7,-0.81,3.0
2026-05-12,PANC_006,Uruli Kanchan,0.0,36.9,35.8,540.0,-40.5,1.2,45,0.0,1.0,1.41,1.5,0.0,-1.01,0.0
2026-05-12,PANC_007,Khed Shivapur,0.0,36.9,35.8,645.0,64.5,8.5,245,1.0,0.0,0.0,0.0,1.1,1.61,0.0
2026-05-12,PANC_008,Kondhwa Budruk,0.0,36.9,35.8,610.0,29.5,6.1,225,1.0,0.0,0.0,0.0,0.5,0.74,0.0
2026-05-12,PANC_009,Dhayari,0.0,36.9,35.8,620.0,39.5,7.0,260,1.0,0.0,0.0,0.0,0.0,0.99,0.0
2026-05-12,PANC_010,Nanded Gramin,0.0,36.9,35.8,565.0,-15.5,2.8,10,0.0,0.0,0.0,0.0,0.0,-0.39,0.0
2026-05-12,PANC_101,Sampatchak Gramin,0.0,36.9,35.8,53.0,1.2,0.8,10,0.0,0.0,0.0,0.0,0.8,0.03,0.0
2026-05-12,PANC_102,Bairiya,0.0,36.9,35.8,51.5,-0.3,0.5,90,0.0,0.13,0.19,0.1,0.0,-0.01,0.0
2026-05-12,PANC_103,Kanhauli,0.0,36.9,35.8,54.2,2.4,1.1,180,1.0,0.0,0.0,0.0,0.7,0.06,0.0
2026-05-12,PANC_104,Chipura,0.0,36.9,35.8,50.8,-1.0,0.4,45,0.0,0.0,0.0,0.0,0.7,-0.03,0.4
2026-05-12,PANC_105,Sonagopalpur,0.0,36.9,35.8,52.0,0.2,0.6,85,0.0,0.13,0.19,0.1,0.0,0.01,0.0
2026-05-12,PANC_106,Tarangpur,0.0,36.9,35.8,49.5,-2.3,0.3,5,0.0,0.0,0.0,0.0,0.8,-0.06,0.0
2026-05-13,PANC_001,Wagholi,0.0,34.6,58.7,590.0,9.5,4.2,90,0.0,0.0,0.0,0.0,0.0,0.24,0.0
2026-05-13,PANC_002,Hadapsar Rural,0.0,34.6,58.7,560.0,-20.5,2.1,0,0.0,0.73,1.04,0.4,0.0,-0.51,0.0
2026-05-13,PANC_003,Manjari Khurd,0.0,34.6,58.7,552.0,-28.5,1.8,85,0.0,0.0,0.0,0.0,0.0,-0.71,0.0
2026-05-13,PANC_004,Phursungi,0.0,34.6,58.7,575.0,-5.5,3.5,180,1.0,0.0,0.0,0.0,0.0,-0.14,0.0
2026-05-13,PANC_005,Loni Kalbhor,0.0,34.6,58.7,548.0,-32.5,1.5,95,0.0,0.0,0.0,0.0,0.0,-0.81,0.0
2026-05-13,PANC_006,Uruli Kanchan,0.0,34.6,58.7,540.0,-40.5,1.2,45,0.0,0.0,0.0,0.0,0.0,-1.01,0.0
2026-05-13,PANC_007,Khed Shivapur,0.0,34.6,58.7,645.0,64.5,8.5,245,1.0,0.73,1.04,0.7,0.4,1.61,0.0
2026-05-13,PANC_008,Kondhwa Budruk,0.0,34.6,58.7,610.0,29.5,6.1,225,1.0,0.0,0.0,0.0,2.2,0.74,2.2
2026-05-13,PANC_009,Dhayari,0.0,34.6,58.7,620.0,39.5,7.0,260,1.0,0.73,1.04,0.2,1.9,0.99,0.0
2026-05-13,PANC_010,Nanded Gramin,0.0,34.6,58.7,565.0,-15.5,2.8,10,0.0,0.73,1.04,0.1,0.9,-0.39,0.0
2026-05-13,PANC_101,Sampatchak Gramin,0.0,34.6,58.7,53.0,1.2,0.8,10,0.0,0.0,0.0,0.0,0.2,0.03,0.0
2026-05-13,PANC_102,Bairiya,0.0,34.6,58.7,51.5,-0.3,0.5,90,0.0,0.0,0.0,0.0,0.0,-0.01,0.0
2026-05-13,PANC_103,Kanhauli,0.0,34.6,58.7,54.2,2.4,1.1,180,1.0,0.0,0.0,0.0,0.2,0.06,0.0
2026-05-13,PANC_104,Chipura,0.0,34.6,58.7,50.8,-1.0,0.4,45,0.0,0.0,0.0,0.0,0.3,-0.03,0.0
2026-05-13,PANC_105,Sonagopalpur,0.0,34.6,58.7,52.0,0.2,0.6,85,0.0,0.0,0.0,0.0,0.0,0.01,0.0
2026-05-13,PANC_106,Tarangpur,0.0,34.6,58.7,49.5,-2.3,0.3,5,0.0,0.0,0.0,0.0,0.6,-0.06,0.0
2026-05-14,PANC_001,Wagholi,0.0,28.8,46.6,590.0,9.5,4.2,90,0.0,0.0,0.0,0.0,0.6,0.24,0.0
2026-05-14,PANC_002,Hadapsar Rural,0.0,28.8,46.6,560.0,-20.5,2.1,0,0.0,0.0,0.0,0.0,0.0,-0.51,0.0
2026-05-14,PANC_003,Manjari Khurd,0.0,28.8,46.6,552.0,-28.5,1.8,85,0.0,0.0,0.0,0.0,0.9,-0.71,0.0
2026-05-14,PANC_004,Phursungi,0.0,28.8,46.6,575.0,-5.5,3.5,180,1.0,0.0,0.0,0.0,0.3,-0.14,0.0
2026-05-14,PANC_005,Loni Kalbhor,0.0,28.8,46.6,548.0,-32.5,1.5,95,0.0,0.0,0.0,0.0,0.0,-0.81,0.0
2026-05-14,PANC_006,Uruli Kanchan,0.0,28.8,46.6,540.0,-40.5,1.2,45,0.0,0.0,0.0,0.0,0.0,-1.01,0.0
2026-05-14,PANC_007,Khed Shivapur,0.0,28.8,46.6,645.0,64.5,8.5,245,1.0,0.0,0.0,0.0,1.0,1.61,0.0
2026-05-14,PANC_008,Kondhwa Budruk,0.0,28.8,46.6,610.0,29.5,6.1,225,1.0,0.0,0.0,0.0,0.0,0.74,0.0
2026-05-14,PANC_009,Dhayari,0.0,28.8,46.6,620.0,39.5,7.0,260,1.0,0.0,0.0,0.0,0.2,0.99,0.0
2026-05-14,PANC_010,Nanded Gramin,0.0,28.8,46.6,565.0,-15.5,2.8,10,0.0,0.0,0.0,0.0,0.0,-0.39,0.0
2026-05-14,PANC_101,Sampatchak Gramin,0.0,28.8,46.6,53.0,1.2,0.8,10,0.0,0.0,0.0,0.0,0.0,0.03,0.0
2026-05-14,PANC_102,Bairiya,0.0,28.8,46.6,51.5,-0.3,0.5,90,0.0,0.0,0.0,0.0,1.3,-0.01,0.0
2026-05-14,PANC_103,Kanhauli,0.0,28.8,46.6,54.2,2.4,1.1,180,1.0,0.0,0.0,0.0,0.0,0.06,0.0
2026-05-14,PANC_104,Chipura,0.0,28.8,46.6,50.8,-1.0,0.4,45,0.0,0.0,0.0,0.0,0.1,-0.03,0.0
2026-05-14,PANC_105,Sonagopalpur,0.0,28.8,46.6,52.0,0.2,0.6,85,0.0,0.0,0.0,0.0,0.4,0.01,0.0
2026-05-14,PANC_106,Tarangpur,0.0,28.8,46.6,49.5,-2.3,0.3,5,0.0,0.0,0.0,0.0,0.0,-0.06,0.0
2026-05-15,PANC_001,Wagholi,0.0,33.8,58.5,590.0,9.5,4.2,90,0.0,0.0,0.0,0.0,0.3,0.24,0.0
2026-05-15,PANC_002,Hadapsar Rural,0.0,33.8,58.5,560.0,-20.5,2.1,0,0.0,0.0,0.0,0.0,0.8,-0.51,0.0
2026-05-15,PANC_003,Manjari Khurd,0.0,33.8,58.5,552.0,-28.5,1.8,85,0.0,0.0,0.0,0.0,0.0,-0.71,0.0
2026-05-15,PANC_004,Phursungi,0.0,33.8,58.5,575.0,-5.5,3.5,180,1.0,0.0,0.0,0.0,0.0,-0.14,0.0
2026-05-15,PANC_005,Loni Kalbhor,0.0,33.8,58.5,548.0,-32.5,1.5,95,0.0,0.0,0.0,0.0,0.0,-0.81,0.0
2026-05-15,PANC_006,Uruli Kanchan,0.0,33.8,58.5,540.0,-40.5,1.2,45,0.0,0.0,0.0,0.0,0.4,-1.01,0.0
2026-05-15,PANC_007,Khed Shivapur,0.0,33.8,58.5,645.0,64.5,8.5,245,1.0,0.0,0.0,0.0,0.0,1.61,0.0
2026-05-15,PANC_008,Kondhwa Budruk,0.0,33.8,58.5,610.0,29.5,6.1,225,1.0,0.0,0.0,0.0,0.0,0.74,0.0
2026-05-15,PANC_009,Dhayari,0.0,33.8,58.5,620.0,39.5,7.0,260,1.0,0.0,0.0,0.0,0.0,0.99,0.0
2026-05-15,PANC_010,Nanded Gramin,0.0,33.8,58.5,565.0,-15.5,2.8,10,0.0,0.0,0.0,0.0,0.0,-0.39,0.0
2026-05-15,PANC_101,Sampatchak Gramin,0.0,33.8,58.5,53.0,1.2,0.8,10,0.0,0.0,0.0,0.0,1.7,0.03,0.0
2026-05-15,PANC_102,Bairiya,0.0,33.8,58.5,51.5,-0.3,0.5,90,0.0,0.0,0.0,0.0,0.3,-0.01,0.0
2026-05-15,PANC_103,Kanhauli,0.0,33.8,58.5,54.2,2.4,1.1,180,1.0,0.0,0.0,0.0,0.0,0.06,0.0
2026-05-15,PANC_104,Chipura,0.0,33.8,58.5,50.8,-1.0,0.4,45,0.0,0.0,0.0,0.0,0.0,-0.03,0.0
2026-05-15,PANC_105,Sonagopalpur,0.0,33.8,58.5,52.0,0.2,0.6,85,0.0,0.0,0.0,0.0,0.0,0.01,0.0
2026-05-15,PANC_106,Tarangpur,0.0,33.8,58.5,49.5,-2.3,0.3,5,0.0,0.0,0.0,0.0,0.0,-0.06,0.0
2026-05-16,PANC_001,Wagholi,0.0,29.1,43.5,590.0,9.5,4.2,90,0.0,0.0,0.0,0.0,0.0,0.24,0.0
2026-05-16,PANC_002,Hadapsar Rural,0.0,29.1,43.5,560.0,-20.5,2.1,0,0.0,0.0,0.0,0.0,0.0,-0.51,0.0
2026-05-16,PANC_003,Manjari Khurd,0.0,29.1,43.5,552.0,-28.5,1.8,85,0.0,0.0,0.0,0.0,1.5,-0.71,0.0
2026-05-16,PANC_004,Phursungi,0.0,29.1,43.5,575.0,-5.5,3.5,180,1.0,0.0,0.0,0.0,1.3,-0.14,0.0
2026-05-16,PANC_005,Loni Kalbhor,0.0,29.1,43.5,548.0,-32.5,1.5,95,0.0,0.0,0.0,0.0,0.4,-0.81,0.0
2026-05-16,PANC_006,Uruli Kanchan,0.0,29.1,43.5,540.0,-40.5,1.2,45,0.0,0.0,0.0,0.0,0.0,-1.01,0.0
2026-05-16,PANC_007,Khed Shivapur,0.0,29.1,43.5,645.0,64.5,8.5,245,1.0,0.0,0.0,0.0,0.0,1.61,0.0
2026-05-16,PANC_008,Kondhwa Budruk,0.0,29.1,43.5,610.0,29.5,6.1,225,1.0,0.0,0.0,0.0,0.0,0.74,0.0
2026-05-16,PANC_009,Dhayari,0.0,29.1,43.5,620.0,39.5,7.0,260,1.0,0.0,0.0,0.0,1.4,0.99,0.0
2026-05-16,PANC_010,Nanded Gramin,0.0,29.1,43.5,565.0,-15.5,2.8,10,0.0,0.0,0.0,0.0,0.0,-0.39,0.0
2026-05-16,PANC_101,Sampatchak Gramin,0.0,29.1,43.5,53.0,1.2,0.8,10,0.0,0.0,0.0,0.0,3.2,0.03,2.4
2026-05-16,PANC_102,Bairiya,0.0,29.1,43.5,51.5,-0.3,0.5,90,0.0,0.8,1.13,1.2,0.0,-0.01,0.0
2026-05-16,PANC_103,Kanhauli,0.0,29.1,43.5,54.2,2.4,1.1,180,1.0,0.8,1.13,1.2,0.0,0.06,0.0
2026-05-16,PANC_104,Chipura,0.0,29.1,43.5,50.8,-1.0,0.4,45,0.0,0.8,1.13,0.8,0.8,-0.03,0.0
2026-05-16,PANC_105,Sonagopalpur,0.0,29.1,43.5,52.0,0.2,0.6,85,0.0,0.8,1.13,0.7,0.5,0.01,0.0
2026-05-16,PANC_106,Tarangpur,0.0,29.1,43.5,49.5,-2.3,0.3,5,0.0,0.8,1.13,1.0,0.0,-0.06,0.0
2026-05-17,PANC_001,Wagholi,0.0,32.9,51.7,590.0,9.5,4.2,90,0.0,0.0,0.0,0.0,0.0,0.24,0.0
2026-05-17,PANC_002,Hadapsar Rural,0.0,32.9,51.7,560.0,-20.5,2.1,0,0.0,0.0,0.0,0.0,0.2,-0.51,0.0
2026-05-17,PANC_003,Manjari Khurd,0.0,32.9,51.7,552.0,-28.5,1.8,85,0.0,0.0,0.0,0.0,0.1,-0.71,0.0
2026-05-17,PANC_004,Phursungi,0.0,32.9,51.7,575.0,-5.5,3.5,180,1.0,0.0,0.0,0.0,0.1,-0.14,0.0
2026-05-17,PANC_005,Loni Kalbhor,0.0,32.9,51.7,548.0,-32.5,1.5,95,0.0,0.0,0.0,0.0,0.4,-0.81,0.0
2026-05-17,PANC_006,Uruli Kanchan,0.0,32.9,51.7,540.0,-40.5,1.2,45,0.0,0.0,0.0,0.0,0.0,-1.01,0.0
2026-05-17,PANC_007,Khed Shivapur,0.0,32.9,51.7,645.0,64.5,8.5,245,1.0,0.0,0.0,0.0,0.3,1.61,0.0
2026-05-17,PANC_008,Kondhwa Budruk,0.0,32.9,51.7,610.0,29.5,6.1,225,1.0,0.0,0.0,0.0,0.0,0.74,0.0
2026-05-17,PANC_009,Dhayari,0.0,32.9,51.7,620.0,39.5,7.0,260,1.0,0.0,0.0,0.0,0.2,0.99,0.0
2026-05-17,PANC_010,Nanded Gramin,0.0,32.9,51.7,565.0,-15.5,2.8,10,0.0,0.0,0.0,0.0,0.8,-0.39,0.0
2026-05-17,PANC_101,Sampatchak Gramin,0.0,32.9,51.7,53.0,1.2,0.8,10,0.0,0.0,0.0,0.0,0.0,0.03,0.0
2026-05-17,PANC_102,Bairiya,0.0,32.9,51.7,51.5,-0.3,0.5,90,0.0,0.0,0.0,0.0,0.0,-0.01,0.0
2026-05-17,PANC_103,Kanhauli,0.0,32.9,51.7,54.2,2.4,1.1,180,1.0,0.0,0.0,0.0,0.0,0.06,0.0
2026-05-17,PANC_104,Chipura,0.0,32.9,51.7,50.8,-1.0,0.4,45,0.0,0.0,0.0,0.0,0.0,-0.03,0.0
2026-05-17,PANC_105,Sonagopalpur,0.0,32.9,51.7,52.0,0.2,0.6,85,0.0,0.0,0.0,0.0,0.7,0.01,0.0
2026-05-17,PANC_106,Tarangpur,0.0,32.9,51.7,49.5,-2.3,0.3,5,0.0,0.0,0.0,0.0,0.0,-0.06,0.0
2026-05-18,PANC_001,Wagholi,0.0,31.3,63.1,590.0,9.5,4.2,90,0.0,0.0,0.0,0.0,0.2,0.24,0.0
2026-05-18,PANC_002,Hadapsar Rural,0.0,31.3,63.1,560.0,-20.5,2.1,0,0.0,0.0,0.0,0.0,0.0,-0.51,0.0
2026-05-18,PANC_003,Manjari Khurd,0.0,31.3,63.1,552.0,-28.5,1.8,85,0.0,0.0,0.0,0.0,0.0,-0.71,0.0
2026-05-18,PANC_004,Phursungi,0.0,31.3,63.1,575.0,-5.5,3.5,180,1.0,0.0,0.0,0.0,0.0,-0.14,0.0
2026-05-18,PANC_005,Loni Kalbhor,0.0,31.3,63.1,548.0,-32.5,1.5,95,0.0,0.0,0.0,0.0,0.0,-0.81,0.0
2026-05-18,PANC_006,Uruli Kanchan,0.0,31.3,63.1,540.0,-40.5,1.2,45,0.0,0.0,0.0,0.0,0.1,-1.01,0.0
2026-05-18,PANC_007,Khed Shivapur,0.0,31.3,63.1,645.0,64.5,8.5,245,1.0,0.0,0.0,0.0,0.0,1.61,0.0
2026-05-18,PANC_008,Kondhwa Budruk,0.0,31.3,63.1,610.0,29.5,6.1,225,1.0,0.0,0.0,0.0,1.1,0.74,0.0
2026-05-18,PANC_009,Dhayari,0.0,31.3,63.1,620.0,39.5,7.0,260,1.0,0.0,0.0,0.0,1.0,0.99,0.0
2026-05-18,PANC_010,Nanded Gramin,0.0,31.3,63.1,565.0,-15.5,2.8,10,0.0,0.0,0.0,0.0,0.9,-0.39,0.0
2026-05-18,PANC_101,Sampatchak Gramin,0.0,31.3,63.1,53.0,1.2,0.8,10,0.0,0.0,0.0,0.0,0.0,0.03,0.0
2026-05-18,PANC_102,Bairiya,0.0,31.3,63.1,51.5,-0.3,0.5,90,0.0,0.0,0.0,0.0,0.0,-0.01,0.0
2026-05-18,PANC_103,Kanhauli,0.0,31.3,63.1,54.2,2.4,1.1,180,1.0,0.0,0.0,0.0,0.1,0.06,0.0
2026-05-18,PANC_104,Chipura,0.0,31.3,63.1,50.8,-1.0,0.4,45,0.0,0.0,0.0,0.0,0.0,-0.03,0.0
2026-05-18,PANC_105,Sonagopalpur,0.0,31.3,63.1,52.0,0.2,0.6,85,0.0,0.0,0.0,0.0,0.0,0.01,0.0
2026-05-18,PANC_106,Tarangpur,0.0,31.3,63.1,49.5,-2.3,0.3,5,0.0,0.0,0.0,0.0,0.0,-0.06,0.0
2026-05-19,PANC_001,Wagholi,0.0,32.9,62.4,590.0,9.5,4.2,90,0.0,0.0,0.0,0.0,0.5,0.24,0.0
2026-05-19,PANC_002,Hadapsar Rural,0.0,32.9,62.4,560.0,-20.5,2.1,0,0.0,0.0,0.0,0.0,0.5,-0.51,0.0
2026-05-19,PANC_003,Manjari Khurd,0.0,32.9,62.4,552.0,-28.5,1.8,85,0.0,0.0,0.0,0.0,0.0,-0.71,0.0
2026-05-19,PANC_004,Phursungi,0.0,32.9,62.4,575.0,-5.5,3.5,180,1.0,0.0,0.0,0.0,0.9,-0.14,0.0
2026-05-19,PANC_005,Loni Kalbhor,0.0,32.9,62.4,548.0,-32.5,1.5,95,0.0,0.0,0.0,0.0,0.0,-0.81,0.0
2026-05-19,PANC_006,Uruli Kanchan,0.0,32.9,62.4,540.0,-40.5,1.2,45,0.0,0.0,0.0,0.0,0.9,-1.01,0.0
2026-05-19,PANC_007,Khed Shivapur,0.0,32.9,62.4,645.0,64.5,8.5,245,1.0,0.0,0.0,0.0,0.0,1.61,0.0
2026-05-19,PANC_008,Kondhwa Budruk,0.0,32.9,62.4,610.0,29.5,6.1,225,1.0,0.0,0.0,0.0,0.0,0.74,0.0
2026-05-19,PANC_009,Dhayari,0.0,32.9,62.4,620.0,39.5,7.0,260,1.0,0.0,0.0,0.0,0.0,0.99,0.0
2026-05-19,PANC_010,Nanded Gramin,0.0,32.9,62.4,565.0,-15.5,2.8,10,0.0,0.0,0.0,0.0,0.0,-0.39,0.0
2026-05-19,PANC_101,Sampatchak Gramin,0.0,32.9,62.4,53.0,1.2,0.8,10,0.0,0.0,0.0,0.0,0.1,0.03,0.0
2026-05-19,PANC_102,Bairiya,0.0,32.9,62.4,51.5,-0.3,0.5,90,0.0,0.0,0.0,0.0,0.1,-0.01,0.0
2026-05-19,PANC_103,Kanhauli,0.0,32.9,62.4,54.2,2.4,1.1,180,1.0,0.0,0.0,0.0,0.5,0.06,0.0
2026-05-19,PANC_104,Chipura,0.0,32.9,62.4,50.8,-1.0,0.4,45,0.0,0.0,0.0,0.0,1.0,-0.03,0.0
2026-05-19,PANC_105,Sonagopalpur,0.0,32.9,62.4,52.0,0.2,0.6,85,0.0,0.0,0.0,0.0,0.0,0.01,0.0
2026-05-19,PANC_106,Tarangpur,0.0,32.9,62.4,49.5,-2.3,0.3,5,0.0,0.0,0.0,0.0,0.1,-0.06,0.0
2026-05-20,PANC_001,Wagholi,0.0,36.3,41.3,590.0,9.5,4.2,90,0.0,0.0,0.0,0.0,0.0,0.24,0.0
2026-05-20,PANC_002,Hadapsar Rural,0.0,36.3,41.3,560.0,-20.5,2.1,0,0.0,0.0,0.0,0.0,0.0,-0.51,0.0
2026-05-20,PANC_003,Manjari Khurd,0.0,36.3,41.3,552.0,-28.5,1.8,85,0.0,0.0,0.0,0.0,0.8,-0.71,0.0
2026-05-20,PANC_004,Phursungi,0.0,36.3,41.3,575.0,-5.5,3.5,180,1.0,0.0,0.0,0.0,0.0,-0.14,0.0
2026-05-20,PANC_005,Loni Kalbhor,0.0,36.3,41.3,548.0,-32.5,1.5,95,0.0,0.0,0.0,0.0,0.0,-0.81,0.0
2026-05-20,PANC_006,Uruli Kanchan,0.0,36.3,41.3,540.0,-40.5,1.2,45,0.0,0.0,0.0,0.0,0.0,-1.01,0.0
2026-05-20,PANC_007,Khed Shivapur,0.0,36.3,41.3,645.0,64.5,8.5,245,1.0,0.0,0.0,0.0,0.4,1.61,0.0
2026-05-20,PANC_008,Kondhwa Budruk,0.0,36.3,41.3,610.0,29.5,6.1,225,1.0,0.0,0.0,0.0,0.0,0.74,0.0
2026-05-20,PANC_009,Dhayari,0.0,36.3,41.3,620.0,39.5,7.0,260,1.0,0.0,0.0,0.0,0.3,0.99,0.0
2026-05-20,PANC_010,Nanded Gramin,0.0,36.3,41.3,565.0,-15.5,2.8,10,0.0,0.0,0.0,0.0,0.0,-0.39,0.0
2026-05-20,PANC_101,Sampatchak Gramin,0.0,36.3,41.3,53.0,1.2,0.8,10,0.0,0.0,0.0,0.0,0.1,0.03,0.0
2026-05-20,PANC_102,Bairiya,0.0,36.3,41.3,51.5,-0.3,0.5,90,0.0,0.13,0.19,0.1,0.0,-0.01,0.0
2026-05-20,PANC_103,Kanhauli,0.0,36.3,41.3,54.2,2.4,1.1,180,1.0,0.0,0.0,0.0,0.0,0.06,0.0
2026-05-20,PANC_104,Chipura,0.0,36.3,41.3,50.8,-1.0,0.4,45,0.0,0.0,0.0,0.0,0.1,-0.03,0.4
2026-05-20,PANC_105,Sonagopalpur,0.0,36.3,41.3,52.0,0.2,0.6,85,0.0,0.13,0.19,0.1,0.3,0.01,0.0
2026-05-20,PANC_106,Tarangpur,0.0,36.3,41.3,49.5,-2.3,0.3,5,0.0,0.0,0.0,0.0,0.0,-0.06,0.0
2026-05-21,PANC_001,Wagholi,0.0,31.9,68.4,590.0,9.5,4.2,90,0.0,0.0,0.0,0.0,0.0,0.24,0.0
2026-05-21,PANC_002,Hadapsar Rural,0.0,31.9,68.4,560.0,-20.5,2.1,0,0.0,0.03,0.05,0.0,0.0,-0.51,0.0
2026-05-21,PANC_003,Manjari Khurd,0.0,31.9,68.4,552.0,-28.5,1.8,85,0.0,0.03,0.05,0.0,0.0,-0.71,0.0
2026-05-21,PANC_004,Phursungi,0.0,31.9,68.4,575.0,-5.5,3.5,180,1.0,0.0,0.0,0.0,1.7,-0.14,0.1
2026-05-21,PANC_005,Loni Kalbhor,0.0,31.9,68.4,548.0,-32.5,1.5,95,0.0,0.03,0.05,0.0,1.2,-0.81,0.0
2026-05-21,PANC_006,Uruli Kanchan,0.0,31.9,68.4,540.0,-40.5,1.2,45,0.0,0.03,0.05,0.0,0.0,-1.01,0.0
2026-05-21,PANC_007,Khed Shivapur,0.0,31.9,68.4,645.0,64.5,8.5,245,1.0,0.0,0.0,0.0,0.6,1.61,0.0
2026-05-21,PANC_008,Kondhwa Budruk,0.0,31.9,68.4,610.0,29.5,6.1,225,1.0,0.03,0.05,0.0,0.2,0.74,0.0
2026-05-21,PANC_009,Dhayari,0.0,31.9,68.4,620.0,39.5,7.0,260,1.0,0.0,0.0,0.0,1.0,0.99,0.0
2026-05-21,PANC_010,Nanded Gramin,0.0,31.9,68.4,565.0,-15.5,2.8,10,0.0,0.0,0.0,0.0,0.0,-0.39,0.0
2026-05-21,PANC_101,Sampatchak Gramin,0.0,31.9,68.4,53.0,1.2,0.8,10,0.0,0.0,0.0,0.0,0.0,0.03,0.0
2026-05-21,PANC_102,Bairiya,0.0,31.9,68.4,51.5,-0.3,0.5,90,0.0,0.0,0.0,0.0,1.1,-0.01,0.0
2026-05-21,PANC_103,Kanhauli,0.0,31.9,68.4,54.2,2.4,1.1,180,1.0,0.0,0.0,0.0,0.0,0.06,0.0
2026-05-21,PANC_104,Chipura,0.0,31.9,68.4,50.8,-1.0,0.4,45,0.0,0.0,0.0,0.0,0.1,-0.03,0.0
2026-05-21,PANC_105,Sonagopalpur,0.0,31.9,68.4,52.0,0.2,0.6,85,0.0,0.0,0.0,0.0,0.0,0.01,0.0
2026-05-21,PANC_106,Tarangpur,0.0,31.9,68.4,49.5,-2.3,0.3,5,0.0,0.0,0.0,0.0,0.6,-0.06,0.0
2026-05-22,PANC_001,Wagholi,22.2,30.0,53.7,590.0,9.5,4.2,90,0.0,0.4,0.7,22.9,19.4,0.24,23.4
2026-05-22,PANC_002,Hadapsar Rural,22.2,30.0,53.7,560.0,-20.5,2.1,0,0.0,1.27,0.45,23.3,16.4,-0.51,21.8
2026-05-22,PANC_003,Manjari Khurd,22.2,30.0,53.7,552.0,-28.5,1.8,85,0.0,0.5,0.67,22.6,18.1,-0.71,23.5
2026-05-22,PANC_004,Phursungi,22.2,30.0,53.7,575.0,-5.5,3.5,180,1.0,0.4,0.7,22.5,16.7,-0.14,22.9
2026-05-22,PANC_005,Loni Kalbhor,22.2,30.0,53.7,548.0,-32.5,1.5,95,0.0,0.53,0.7,23.0,16.2,-0.81,22.5
2026-05-22,PANC_006,Uruli Kanchan,22.2,30.0,53.7,540.0,-40.5,1.2,45,0.0,0.77,0.41,22.9,15.0,-1.01,21.8
2026-05-22,PANC_007,Khed Shivapur,22.2,30.0,53.7,645.0,64.5,8.5,245,1.0,0.87,0.82,23.1,16.7,1.61,21.9
2026-05-22,PANC_008,Kondhwa Budruk,22.2,30.0,53.7,610.0,29.5,6.1,225,1.0,0.43,0.6,22.6,19.0,0.74,24.0
2026-05-22,PANC_009,Dhayari,22.2,30.0,53.7,620.0,39.5,7.0,260,1.0,0.43,0.97,22.2,18.0,0.99,23.2
2026-05-22,PANC_010,Nanded Gramin,22.2,30.0,53.7,565.0,-15.5,2.8,10,0.0,0.83,0.87,23.2,16.6,-0.39,22.0
2026-05-22,PANC_101,Sampatchak Gramin,22.2,30.0,53.7,53.0,1.2,0.8,10,0.0,-0.03,0.97,22.0,18.9,0.03,23.9
2026-05-22,PANC_102,Bairiya,22.2,30.0,53.7,51.5,-0.3,0.5,90,0.0,0.93,0.95,23.2,19.5,-0.01,22.8
2026-05-22,PANC_103,Kanhauli,22.2,30.0,53.7,54.2,2.4,1.1,180,1.0,1.3,0.43,23.5,14.9,0.06,20.8
2026-05-22,PANC_104,Chipura,22.2,30.0,53.7,50.8,-1.0,0.4,45,0.0,1.0,0.5,23.2,14.4,-0.03,21.8
2026-05-22,PANC_105,Sonagopalpur,22.2,30.0,53.7,52.0,0.2,0.6,85,0.0,-0.03,1.29,22.0,17.4,0.01,22.9
2026-05-22,PANC_106,Tarangpur,22.2,30.0,53.7,49.5,-2.3,0.3,5,0.0,0.3,1.28,22.7,18.6,-0.06,23.7
2026-05-23,PANC_001,Wagholi,0.0,35.5,50.9,590.0,9.5,4.2,90,0.0,0.0,0.0,0.0,0.0,0.24,0.0
2026-05-23,PANC_002,Hadapsar Rural,0.0,35.5,50.9,560.0,-20.5,2.1,0,0.0,0.0,0.0,0.0,0.0,-0.51,0.0
2026-05-23,PANC_003,Manjari Khurd,0.0,35.5,50.9,552.0,-28.5,1.8,85,0.0,0.0,0.0,0.0,0.3,-0.71,0.0
2026-05-23,PANC_004,Phursungi,0.0,35.5,50.9,575.0,-5.5,3.5,180,1.0,0.0,0.0,0.0,1.0,-0.14,0.0
2026-05-23,PANC_005,Loni Kalbhor,0.0,35.5,50.9,548.0,-32.5,1.5,95,0.0,0.0,0.0,0.0,0.0,-0.81,0.0
2026-05-23,PANC_006,Uruli Kanchan,0.0,35.5,50.9,540.0,-40.5,1.2,45,0.0,0.0,0.0,0.0,0.4,-1.01,0.0
2026-05-23,PANC_007,Khed Shivapur,0.0,35.5,50.9,645.0,64.5,8.5,245,1.0,0.0,0.0,0.0,0.8,1.61,0.0
2026-05-23,PANC_008,Kondhwa Budruk,0.0,35.5,50.9,610.0,29.5,6.1,225,1.0,0.0,0.0,0.0,0.0,0.74,0.0
2026-05-23,PANC_009,Dhayari,0.0,35.5,50.9,620.0,39.5,7.0,260,1.0,0.0,0.0,0.0,1.0,0.99,0.0
2026-05-23,PANC_010,Nanded Gramin,0.0,35.5,50.9,565.0,-15.5,2.8,10,0.0,0.0,0.0,0.0,0.0,-0.39,0.0
2026-05-23,PANC_101,Sampatchak Gramin,0.0,35.5,50.9,53.0,1.2,0.8,10,0.0,2.1,2.97,2.5,0.0,0.03,0.0
2026-05-23,PANC_102,Bairiya,0.0,35.5,50.9,51.5,-0.3,0.5,90,0.0,0.0,0.0,0.0,3.7,-0.01,6.3
2026-05-23,PANC_103,Kanhauli,0.0,35.5,50.9,54.2,2.4,1.1,180,1.0,0.0,0.0,0.0,0.6,0.06,0.0
2026-05-23,PANC_104,Chipura,0.0,35.5,50.9,50.8,-1.0,0.4,45,0.0,2.1,2.97,2.6,0.6,-0.03,0.0
2026-05-23,PANC_105,Sonagopalpur,0.0,35.5,50.9,52.0,0.2,0.6,85,0.0,0.0,0.0,0.0,1.3,0.01,0.0
2026-05-23,PANC_106,Tarangpur,0.0,35.5,50.9,49.5,-2.3,0.3,5,0.0,2.1,2.97,2.0,0.5,-0.06,0.0
2026-05-24,PANC_001,Wagholi,0.0,31.9,54.4,590.0,9.5,4.2,90,0.0,0.0,0.0,0.0,0.0,0.24,0.0
2026-05-24,PANC_002,Hadapsar Rural,0.0,31.9,54.4,560.0,-20.5,2.1,0,0.0,0.0,0.0,0.0,0.0,-0.51,0.0
2026-05-24,PANC_003,Manjari Khurd,0.0,31.9,54.4,552.0,-28.5,1.8,85,0.0,0.0,0.0,0.0,1.5,-0.71,0.0
2026-05-24,PANC_004,Phursungi,0.0,31.9,54.4,575.0,-5.5,3.5,180,1.0,0.0,0.0,0.0,0.0,-0.14,0.0
2026-05-24,PANC_005,Loni Kalbhor,0.0,31.9,54.4,548.0,-32.5,1.5,95,0.0,0.0,0.0,0.0,0.0,-0.81,0.0
2026-05-24,PANC_006,Uruli Kanchan,0.0,31.9,54.4,540.0,-40.5,1.2,45,0.0,0.0,0.0,0.0,0.0,-1.01,0.0
2026-05-24,PANC_007,Khed Shivapur,0.0,31.9,54.4,645.0,64.5,8.5,245,1.0,0.0,0.0,0.0,0.0,1.61,0.0
2026-05-24,PANC_008,Kondhwa Budruk,0.0,31.9,54.4,610.0,29.5,6.1,225,1.0,0.0,0.0,0.0,0.1,0.74,0.0
2026-05-24,PANC_009,Dhayari,0.0,31.9,54.4,620.0,39.5,7.0,260,1.0,0.0,0.0,0.0,1.1,0.99,0.0
2026-05-24,PANC_010,Nanded Gramin,0.0,31.9,54.4,565.0,-15.5,2.8,10,0.0,0.0,0.0,0.0,0.4,-0.39,0.0
2026-05-24,PANC_101,Sampatchak Gramin,0.0,31.9,54.4,53.0,1.2,0.8,10,0.0,0.0,0.0,0.0,0.0,0.03,0.0
2026-05-24,PANC_102,Bairiya,0.0,31.9,54.4,51.5,-0.3,0.5,90,0.0,0.0,0.0,0.0,2.2,-0.01,0.0
2026-05-24,PANC_103,Kanhauli,0.0,31.9,54.4,54.2,2.4,1.1,180,1.0,0.0,0.0,0.0,0.1,0.06,0.0
2026-05-24,PANC_104,Chipura,0.0,31.9,54.4,50.8,-1.0,0.4,45,0.0,0.0,0.0,0.0,0.0,-0.03,0.0
2026-05-24,PANC_105,Sonagopalpur,0.0,31.9,54.4,52.0,0.2,0.6,85,0.0,0.0,0.0,0.0,1.1,0.01,0.0
2026-05-24,PANC_106,Tarangpur,0.0,31.9,54.4,49.5,-2.3,0.3,5,0.0,0.0,0.0,0.0,0.0,-0.06,0.0
2026-05-25,PANC_001,Wagholi,0.0,31.0,57.4,590.0,9.5,4.2,90,0.0,0.0,0.0,0.0,0.0,0.24,0.0
2026-05-25,PANC_002,Hadapsar Rural,0.0,31.0,57.4,560.0,-20.5,2.1,0,0.0,0.0,0.0,0.0,0.0,-0.51,0.0
2026-05-25,PANC_003,Manjari Khurd,0.0,31.0,57.4,552.0,-28.5,1.8,85,0.0,0.0,0.0,0.0,0.0,-0.71,0.0
2026-05-25,PANC_004,Phursungi,0.0,31.0,57.4,575.0,-5.5,3.5,180,1.0,0.0,0.0,0.0,0.7,-0.14,0.0
2026-05-25,PANC_005,Loni Kalbhor,0.0,31.0,57.4,548.0,-32.5,1.5,95,0.0,0.0,0.0,0.0,1.3,-0.81,0.0
2026-05-25,PANC_006,Uruli Kanchan,0.0,31.0,57.4,540.0,-40.5,1.2,45,0.0,0.0,0.0,0.0,0.0,-1.01,0.3
2026-05-25,PANC_007,Khed Shivapur,0.0,31.0,57.4,645.0,64.5,8.5,245,1.0,0.0,0.0,0.0,0.4,1.61,0.0
2026-05-25,PANC_008,Kondhwa Budruk,0.0,31.0,57.4,610.0,29.5,6.1,225,1.0,0.0,0.0,0.0,0.8,0.74,0.0
2026-05-25,PANC_009,Dhayari,0.0,31.0,57.4,620.0,39.5,7.0,260,1.0,0.0,0.0,0.0,0.0,0.99,0.0
2026-05-25,PANC_010,Nanded Gramin,0.0,31.0,57.4,565.0,-15.5,2.8,10,0.0,0.0,0.0,0.0,0.0,-0.39,0.0
2026-05-25,PANC_101,Sampatchak Gramin,0.0,31.0,57.4,53.0,1.2,0.8,10,0.0,0.0,0.0,0.0,0.2,0.03,0.0
2026-05-25,PANC_102,Bairiya,0.0,31.0,57.4,51.5,-0.3,0.5,90,0.0,0.0,0.0,0.0,0.6,-0.01,0.0
2026-05-25,PANC_103,Kanhauli,0.0,31.0,57.4,54.2,2.4,1.1,180,1.0,0.0,0.0,0.0,0.0,0.06,0.0
2026-05-25,PANC_104,Chipura,0.0,31.0,57.4,50.8,-1.0,0.4,45,0.0,0.0,0.0,0.0,0.0,-0.03,0.0
2026-05-25,PANC_105,Sonagopalpur,0.0,31.0,57.4,52.0,0.2,0.6,85,0.0,0.0,0.0,0.0,0.0,0.01,0.0
2026-05-25,PANC_106,Tarangpur,0.0,31.0,57.4,49.5,-2.3,0.3,5,0.0,0.0,0.0,0.0,0.0,-0.06,0.0
2026-05-26,PANC_001,Wagholi,0.0,33.7,62.4,590.0,9.5,4.2,90,0.0,0.0,0.0,0.0,4.6,0.24,3.8
2026-05-26,PANC_002,Hadapsar Rural,0.0,33.7,62.4,560.0,-20.5,2.1,0,0.0,0.0,0.0,0.0,0.0,-0.51,0.0
2026-05-26,PANC_003,Manjari Khurd,0.0,33.7,62.4,552.0,-28.5,1.8,85,0.0,1.27,1.79,1.2,0.0,-0.71,0.0
2026-05-26,PANC_004,Phursungi,0.0,33.7,62.4,575.0,-5.5,3.5,180,1.0,0.0,0.0,0.0,0.0,-0.14,0.0
2026-05-26,PANC_005,Loni Kalbhor,0.0,33.7,62.4,548.0,-32.5,1.5,95,0.0,0.0,0.0,0.0,1.3,-0.81,0.0
2026-05-26,PANC_006,Uruli Kanchan,0.0,33.7,62.4,540.0,-40.5,1.2,45,0.0,0.0,0.0,0.0,0.0,-1.01,0.0
2026-05-26,PANC_007,Khed Shivapur,0.0,33.7,62.4,645.0,64.5,8.5,245,1.0,0.0,0.0,0.0,0.6,1.61,0.0
2026-05-26,PANC_008,Kondhwa Budruk,0.0,33.7,62.4,610.0,29.5,6.1,225,1.0,0.0,0.0,0.0,0.0,0.74,0.0
2026-05-26,PANC_009,Dhayari,0.0,33.7,62.4,620.0,39.5,7.0,260,1.0,0.0,0.0,0.0,0.0,0.99,0.0
2026-05-26,PANC_010,Nanded Gramin,0.0,33.7,62.4,565.0,-15.5,2.8,10,0.0,0.0,0.0,0.0,0.0,-0.39,0.0
2026-05-26,PANC_101,Sampatchak Gramin,0.0,33.7,62.4,53.0,1.2,0.8,10,0.0,0.0,0.0,0.0,0.0,0.03,0.0
2026-05-26,PANC_102,Bairiya,0.0,33.7,62.4,51.5,-0.3,0.5,90,0.0,0.0,0.0,0.0,0.0,-0.01,0.0
2026-05-26,PANC_103,Kanhauli,0.0,33.7,62.4,54.2,2.4,1.1,180,1.0,0.0,0.0,0.0,0.0,0.06,0.0
2026-05-26,PANC_104,Chipura,0.0,33.7,62.4,50.8,-1.0,0.4,45,0.0,0.0,0.0,0.0,0.0,-0.03,0.0
2026-05-26,PANC_105,Sonagopalpur,0.0,33.7,62.4,52.0,0.2,0.6,85,0.0,0.0,0.0,0.0,0.0,0.01,0.0
2026-05-26,PANC_106,Tarangpur,0.0,33.7,62.4,49.5,-2.3,0.3,5,0.0,0.0,0.0,0.0,0.3,-0.06,0.0
2026-05-27,PANC_001,Wagholi,0.0,27.0,55.8,590.0,9.5,4.2,90,0.0,0.0,0.0,0.0,0.0,0.24,0.0
2026-05-27,PANC_002,Hadapsar Rural,0.0,27.0,55.8,560.0,-20.5,2.1,0,0.0,0.0,0.0,0.0,0.6,-0.51,0.0
2026-05-27,PANC_003,Manjari Khurd,0.0,27.0,55.8,552.0,-28.5,1.8,85,0.0,0.0,0.0,0.0,0.0,-0.71,0.0
2026-05-27,PANC_004,Phursungi,0.0,27.0,55.8,575.0,-5.5,3.5,180,1.0,0.0,0.0,0.0,0.3,-0.14,0.0
2026-05-27,PANC_005,Loni Kalbhor,0.0,27.0,55.8,548.0,-32.5,1.5,95,0.0,0.0,0.0,0.0,0.0,-0.81,0.0
2026-05-27,PANC_006,Uruli Kanchan,0.0,27.0,55.8,540.0,-40.5,1.2,45,0.0,0.0,0.0,0.0,0.5,-1.01,0.0
2026-05-27,PANC_007,Khed Shivapur,0.0,27.0,55.8,645.0,64.5,8.5,245,1.0,0.0,0.0,0.0,0.0,1.61,0.0
2026-05-27,PANC_008,Kondhwa Budruk,0.0,27.0,55.8,610.0,29.5,6.1,225,1.0,0.0,0.0,0.0,0.0,0.74,0.0
2026-05-27,PANC_009,Dhayari,0.0,27.0,55.8,620.0,39.5,7.0,260,1.0,0.0,0.0,0.0,0.3,0.99,0.0
2026-05-27,PANC_010,Nanded Gramin,0.0,27.0,55.8,565.0,-15.5,2.8,10,0.0,0.0,0.0,0.0,0.0,-0.39,0.0
2026-05-27,PANC_101,Sampatchak Gramin,0.0,27.0,55.8,53.0,1.2,0.8,10,0.0,0.0,0.0,0.0,0.0,0.03,0.0
2026-05-27,PANC_102,Bairiya,0.0,27.0,55.8,51.5,-0.3,0.5,90,0.0,0.0,0.0,0.0,0.0,-0.01,0.0
2026-05-27,PANC_103,Kanhauli,0.0,27.0,55.8,54.2,2.4,1.1,180,1.0,0.0,0.0,0.0,0.0,0.06,0.0
2026-05-27,PANC_104,Chipura,0.0,27.0,55.8,50.8,-1.0,0.4,45,0.0,0.0,0.0,0.0,0.0,-0.03,0.0
2026-05-27,PANC_105,Sonagopalpur,0.0,27.0,55.8,52.0,0.2,0.6,85,0.0,0.0,0.0,0.0,0.2,0.01,0.0
2026-05-27,PANC_106,Tarangpur,0.0,27.0,55.8,49.5,-2.3,0.3,5,0.0,0.0,0.0,0.0,0.8,-0.06,0.0
2026-05-28,PANC_001,Wagholi,0.0,33.4,58.2,590.0,9.5,4.2,90,0.0,0.0,0.0,0.0,0.6,0.24,0.0
2026-05-28,PANC_002,Hadapsar Rural,0.0,33.4,58.2,560.0,-20.5,2.1,0,0.0,0.0,0.0,0.0,0.9,-0.51,0.0
2026-05-28,PANC_003,Manjari Khurd,0.0,33.4,58.2,552.0,-28.5,1.8,85,0.0,0.0,0.0,0.0,0.0,-0.71,0.0
2026-05-28,PANC_004,Phursungi,0.0,33.4,58.2,575.0,-5.5,3.5,180,1.0,0.0,0.0,0.0,0.0,-0.14,0.0
2026-05-28,PANC_005,Loni Kalbhor,0.0,33.4,58.2,548.0,-32.5,1.5,95,0.0,0.0,0.0,0.0,0.0,-0.81,0.0
2026-05-28,PANC_006,Uruli Kanchan,0.0,33.4,58.2,540.0,-40.5,1.2,45,0.0,0.0,0.0,0.0,0.5,-1.01,0.0
2026-05-28,PANC_007,Khed Shivapur,0.0,33.4,58.2,645.0,64.5,8.5,245,1.0,0.0,0.0,0.0,0.4,1.61,0.0
2026-05-28,PANC_008,Kondhwa Budruk,0.0,33.4,58.2,610.0,29.5,6.1,225,1.0,0.0,0.0,0.0,1.0,0.74,0.0
2026-05-28,PANC_009,Dhayari,0.0,33.4,58.2,620.0,39.5,7.0,260,1.0,0.0,0.0,0.0,0.9,0.99,0.0
2026-05-28,PANC_010,Nanded Gramin,0.0,33.4,58.2,565.0,-15.5,2.8,10,0.0,0.0,0.0,0.0,0.0,-0.39,0.0
2026-05-28,PANC_101,Sampatchak Gramin,0.0,33.4,58.2,53.0,1.2,0.8,10,0.0,0.0,0.0,0.0,1.2,0.03,0.0
2026-05-28,PANC_102,Bairiya,0.0,33.4,58.2,51.5,-0.3,0.5,90,0.0,0.0,0.0,0.0,0.0,-0.01,0.0
2026-05-28,PANC_103,Kanhauli,0.0,33.4,58.2,54.2,2.4,1.1,180,1.0,0.0,0.0,0.0,0.5,0.06,0.0
2026-05-28,PANC_104,Chipura,0.0,33.4,58.2,50.8,-1.0,0.4,45,0.0,0.0,0.0,0.0,1.9,-0.03,0.0
2026-05-28,PANC_105,Sonagopalpur,0.0,33.4,58.2,52.0,0.2,0.6,85,0.0,0.0,0.0,0.0,0.2,0.01,0.0
2026-05-28,PANC_106,Tarangpur,0.0,33.4,58.2,49.5,-2.3,0.3,5,0.0,0.0,0.0,0.0,0.0,-0.06,0.0
2026-05-29,PANC_001,Wagholi,0.0,33.8,60.7,590.0,9.5,4.2,90,0.0,0.0,0.0,0.0,0.1,0.24,0.0
2026-05-29,PANC_002,Hadapsar Rural,0.0,33.8,60.7,560.0,-20.5,2.1,0,0.0,0.0,0.0,0.0,0.0,-0.51,0.0
2026-05-29,PANC_003,Manjari Khurd,0.0,33.8,60.7,552.0,-28.5,1.8,85,0.0,0.0,0.0,0.0,0.0,-0.71,0.0
2026-05-29,PANC_004,Phursungi,0.0,33.8,60.7,575.0,-5.5,3.5,180,1.0,0.0,0.0,0.0,0.0,-0.14,0.0
2026-05-29,PANC_005,Loni Kalbhor,0.0,33.8,60.7,548.0,-32.5,1.5,95,0.0,0.0,0.0,0.0,0.0,-0.81,0.0
2026-05-29,PANC_006,Uruli Kanchan,0.0,33.8,60.7,540.0,-40.5,1.2,45,0.0,0.0,0.0,0.0,2.0,-1.01,2.5
2026-05-29,PANC_007,Khed Shivapur,0.0,33.8,60.7,645.0,64.5,8.5,245,1.0,0.0,0.0,0.0,0.2,1.61,0.0
2026-05-29,PANC_008,Kondhwa Budruk,0.0,33.8,60.7,610.0,29.5,6.1,225,1.0,0.0,0.0,0.0,0.0,0.74,0.0
2026-05-29,PANC_009,Dhayari,0.0,33.8,60.7,620.0,39.5,7.0,260,1.0,0.0,0.0,0.0,0.8,0.99,0.0
2026-05-29,PANC_010,Nanded Gramin,0.0,33.8,60.7,565.0,-15.5,2.8,10,0.0,0.0,0.0,0.0,0.0,-0.39,0.0
2026-05-29,PANC_101,Sampatchak Gramin,0.0,33.8,60.7,53.0,1.2,0.8,10,0.0,0.0,0.0,0.0,0.0,0.03,0.0
2026-05-29,PANC_102,Bairiya,0.0,33.8,60.7,51.5,-0.3,0.5,90,0.0,0.0,0.0,0.0,0.8,-0.01,0.0
2026-05-29,PANC_103,Kanhauli,0.0,33.8,60.7,54.2,2.4,1.1,180,1.0,0.0,0.0,0.0,0.0,0.06,0.0
2026-05-29,PANC_104,Chipura,0.0,33.8,60.7,50.8,-1.0,0.4,45,0.0,0.0,0.0,0.0,0.0,-0.03,0.0
2026-05-29,PANC_105,Sonagopalpur,0.0,33.8,60.7,52.0,0.2,0.6,85,0.0,0.0,0.0,0.0,1.7,0.01,0.0
2026-05-29,PANC_106,Tarangpur,0.0,33.8,60.7,49.5,-2.3,0.3,5,0.0,0.0,0.0,0.0,0.1,-0.06,0.0
2026-05-30,PANC_001,Wagholi,0.0,33.5,49.5,590.0,9.5,4.2,90,0.0,0.0,0.0,0.0,0.0,0.24,0.0
2026-05-30,PANC_002,Hadapsar Rural,0.0,33.5,49.5,560.0,-20.5,2.1,0,0.0,0.0,0.0,0.0,0.2,-0.51,0.0
2026-05-30,PANC_003,Manjari Khurd,0.0,33.5,49.5,552.0,-28.5,1.8,85,0.0,0.0,0.0,0.0,0.1,-0.71,0.0
2026-05-30,PANC_004,Phursungi,0.0,33.5,49.5,575.0,-5.5,3.5,180,1.0,0.0,0.0,0.0,0.3,-0.14,0.0
2026-05-30,PANC_005,Loni Kalbhor,0.0,33.5,49.5,548.0,-32.5,1.5,95,0.0,0.0,0.0,0.0,0.0,-0.81,0.0
2026-05-30,PANC_006,Uruli Kanchan,0.0,33.5,49.5,540.0,-40.5,1.2,45,0.0,0.0,0.0,0.0,0.0,-1.01,0.0
2026-05-30,PANC_007,Khed Shivapur,0.0,33.5,49.5,645.0,64.5,8.5,245,1.0,0.0,0.0,0.0,0.0,1.61,0.0
2026-05-30,PANC_008,Kondhwa Budruk,0.0,33.5,49.5,610.0,29.5,6.1,225,1.0,0.0,0.0,0.0,0.0,0.74,0.0
2026-05-30,PANC_009,Dhayari,0.0,33.5,49.5,620.0,39.5,7.0,260,1.0,0.0,0.0,0.0,0.9,0.99,0.0
2026-05-30,PANC_010,Nanded Gramin,0.0,33.5,49.5,565.0,-15.5,2.8,10,0.0,0.0,0.0,0.0,1.5,-0.39,0.0
2026-05-30,PANC_101,Sampatchak Gramin,0.0,33.5,49.5,53.0,1.2,0.8,10,0.0,0.0,0.0,0.0,1.1,0.03,0.0
2026-05-30,PANC_102,Bairiya,0.0,33.5,49.5,51.5,-0.3,0.5,90,0.0,0.0,0.0,0.0,0.7,-0.01,0.0
2026-05-30,PANC_103,Kanhauli,0.0,33.5,49.5,54.2,2.4,1.1,180,1.0,0.0,0.0,0.0,0.0,0.06,0.0
2026-05-30,PANC_104,Chipura,0.0,33.5,49.5,50.8,-1.0,0.4,45,0.0,0.0,0.0,0.0,0.0,-0.03,0.0
2026-05-30,PANC_105,Sonagopalpur,0.0,33.5,49.5,52.0,0.2,0.6,85,0.0,0.0,0.0,0.0,0.2,0.01,0.0
2026-05-30,PANC_106,Tarangpur,0.0,33.5,49.5,49.5,-2.3,0.3,5,0.0,0.0,0.0,0.0,0.0,-0.06,0.0
2026-05-31,PANC_001,Wagholi,0.0,35.1,59.6,590.0,9.5,4.2,90,0.0,0.0,0.0,0.0,0.2,0.24,0.0
2026-05-31,PANC_002,Hadapsar Rural,0.0,35.1,59.6,560.0,-20.5,2.1,0,0.0,0.0,0.0,0.0,0.0,-0.51,0.0
2026-05-31,PANC_003,Manjari Khurd,0.0,35.1,59.6,552.0,-28.5,1.8,85,0.0,0.0,0.0,0.0,0.0,-0.71,0.0
2026-05-31,PANC_004,Phursungi,0.0,35.1,59.6,575.0,-5.5,3.5,180,1.0,0.0,0.0,0.0,0.3,-0.14,0.0
2026-05-31,PANC_005,Loni Kalbhor,0.0,35.1,59.6,548.0,-32.5,1.5,95,0.0,0.0,0.0,0.0,0.2,-0.81,0.0
2026-05-31,PANC_006,Uruli Kanchan,0.0,35.1,59.6,540.0,-40.5,1.2,45,0.0,0.0,0.0,0.0,0.1,-1.01,0.0
2026-05-31,PANC_007,Khed Shivapur,0.0,35.1,59.6,645.0,64.5,8.5,245,1.0,0.0,0.0,0.0,1.6,1.61,0.0
2026-05-31,PANC_008,Kondhwa Budruk,0.0,35.1,59.6,610.0,29.5,6.1,225,1.0,0.0,0.0,0.0,0.4,0.74,0.0
2026-05-31,PANC_009,Dhayari,0.0,35.1,59.6,620.0,39.5,7.0,260,1.0,0.0,0.0,0.0,1.5,0.99,0.0
2026-05-31,PANC_010,Nanded Gramin,0.0,35.1,59.6,565.0,-15.5,2.8,10,0.0,0.0,0.0,0.0,0.0,-0.39,0.0
2026-05-31,PANC_101,Sampatchak Gramin,0.0,35.1,59.6,53.0,1.2,0.8,10,0.0,0.0,0.0,0.0,0.0,0.03,0.0
2026-05-31,PANC_102,Bairiya,0.0,35.1,59.6,51.5,-0.3,0.5,90,0.0,0.0,0.0,0.0,0.0,-0.01,0.0
2026-05-31,PANC_103,Kanhauli,0.0,35.1,59.6,54.2,2.4,1.1,180,1.0,0.0,0.0,0.0,0.2,0.06,0.0
2026-05-31,PANC_104,Chipura,0.0,35.1,59.6,50.8,-1.0,0.4,45,0.0,0.0,0.0,0.0,0.0,-0.03,0.0
2026-05-31,PANC_105,Sonagopalpur,0.0,35.1,59.6,52.0,0.2,0.6,85,0.0,0.0,0.0,0.0,0.0,0.01,0.0
2026-05-31,PANC_106,Tarangpur,0.0,35.1,59.6,49.5,-2.3,0.3,5,0.0,0.0,0.0,0.0,0.0,-0.06,0.0
